
============================
2026-08-06 11:12:22 | vacancy
SELECT jl.*, GROUP_CONCAT(s.SkillName ORDER BY s.SkillName SEPARATOR ', ') AS RequiredSkills
FROM `IHRJobsList` `jl`
LEFT JOIN `JobSkills` `js` ON `js`.`Jid` = `jl`.`Jid`
LEFT JOIN `IHSkills` `s` ON `s`.`SkillId` = `js`.`SkillId`
WHERE `jl`.`Jid` = '3'
GROUP BY `jl`.`Jid`
============================

==============================
2026-08-06 11:12:22 | START
Array
(
    [resumePath] => /var/www/html/atscheck/modal/CAND3_20260806111222678.pdf
    [vacancy] => 3
)

==============================
2026-08-06 11:12:22 | PDF_EXTRACT_SUCCESS
1	
ASHOK.E	NO 898,NEITHAL NAGAR	
ashokelancheliyan@gmail.com
+91 8675724116	
SARAFOJI COLLEGE MAIN ROAD, 
THANJAVUR-613005
TAMIL NADU.	
CAREER	OBJECTIVE	
To become a successful professional in a globally reputed company and to achieve the
objectives of the company with honesty and fairness while co ntinuously upgrading my
knowledge and skills
EDUCATIONALQUALIFICATION	
Aggregate	Percentag	
e	
M	onth	&	
Year	College/Institute	University/	
Board	Qualification	
61	61	May 2018	Anjalai AmmalMahalingam Engineering 
college	AnnaUniversity	BE -
CSE	
65	65	April
2014	Shanmugha PolytechnicCollege	DOTE	
Diploma inComputer 
Technology	
70	70	March2011	Kamala SubramaniamMatriculation Higher 
Secondary School	Matriculation	SSLC
FIELD	OFINTEREST	: Testing and Networking	
SKILLS	: Programming Language - HTML	
PROJECT	DETAILS	
DIPLOM	A	PROJECT	:“Solvingpatientm	edicalproblem	online”	
Technology	: Java, SQL	
Description	
In this project we developed a health care environmentwhere clinical guidelines 
==============================
2026-08-06 11:12:22 | EXPERIENCE_DETAILS
Array
(
    [jobs] => Array
        (
        )

    [total] => 0 Years 0 Months
)

==============================
2026-08-06 11:12:22 | RAW_RESUME_TEXT
1	
ashok.e	no 898,neithal nagar	
ashokelancheliyan@gmail.com
+91 8675724116	
sarafoji college main road, 
thanjavur-613005
tamil nadu.	
career	objective	
to become a successful professional in a globally reputed company and to achieve the
objectives of the company with honesty and fairness while co ntinuously upgrading my
knowledge and skills
educationalqualification	
aggregate	percentag	
e	
m	onth	&	
year	college/institute	university/	
board	qualification	
61	61	may 2018	anjalai ammalmahalingam engineering 
college	annauniversity	be -
cse	
65	65	april
2014	shanmugha polytechniccollege	dote	
diploma incomputer 
technology	
70	70	march2011	kamala subramaniammatriculation higher 
secondary school	matriculation	sslc
field	ofinterest	: testing and networking	
skills	: programming language - html	
project	details	
diplom	a	project	:“solvingpatientm	edicalproblem	online”	
technology	: java, sql	
description	
in this project we developed a health care environmentwhere clinical guidelines were
developed to assist healthcare practitioners to take decis ion on patient’s medical
problems and as such they communicate with external applica tions to retrieve patient
data to initiate medical actions through clinical workflow s and transmit information

2	
preventing wider deployment of clinical guidelines because each deployment requires a
tedious custom adaptation phase.
engineering	project	:generatingqueryfacetsusingknowledgebases	
technology:	
front end - visual studio, asp.net back end	
-	sql server 2008	
description	
we propose a systematic solution, which we refer to as qdmine r, to automatically mine
query facets by extracting and grouping frequent lists from free text, html tags and
repeat regions within top search results. experimental res ults show that a large number
of lists do exist and useful query facets can be mined by qdmin er. we further analyze
the problem of list duplication and find better query facets can be mined by modeling
fine-grained similarities b
==============================
2026-08-06 11:12:22 | Email
ashokelancheliyan@gmail.com
==============================
2026-08-06 11:12:22 | name
Ashok.e No
==============================
2026-08-06 11:12:22 | mobileno
+91 8675724116
==============================
2026-08-06 11:12:22 | expyrs
3
==============================
2026-08-06 11:12:22 | Input skills

==============================
2026-08-06 11:12:22 | Skills
Array
(
)

============================
2026-08-06 11:12:22 | vacancy
Array
(
    [Jid] => 3
    [JobCode] => #IHRMS-202606-0002
    [JobTitle] => Frontend Developer
    [RoleSummary] => Frontend Developer
    [Did] => 1
    [EmploymentType] => Full-Time
    [WorkMode] => Remote
    [EducationRequired] => bca,btech,bsc
    [ExpMin] => 6
    [ExpMax] => 13
    [SalMin] => 12
    [SalMax] => 25
    [Currency] => INR
    [NoofOpenings] => 1
    [JobStatus] => Open
    [JobDescription] => rekha
    [Responsibilities] => nbheeg
    [Qualifications] => bca,btech,bsc
    [JobLocation] => chennai
    [CommunicationLang] => english
    [PostedOn] => 2026-06-26 14:53:28
    [UpdatedOn] => 2026-06-26 15:37:24
    [ExpiryDate] => 1970-01-01
    [PostedBy] => 1
    [SkillScore] => 50
    [EducationScore] => 15
    [ExperienceScore] => 10
    [ProjectScore] => 5
    [CertificationScore] => 10
    [ResumeQualityScore] => 5
    [DomainKnowledgeScore] => 5
    [RequiredSkills] => 
)

============================

============================
2026-08-06 11:12:22 | FINAL RESULT RETURN
Array
(
    [score] => 15
    [status] => Rejected
    [email] => ashokelancheliyan@gmail.com
    [name] => Ashok.e No
    [mobileNumbers] => +91 8675724116
    [expyrs] => 3
    [experience_details] => Array
        (
            [jobs] => Array
                (
                )

            [total] => 0 Years 0 Months
        )

    [domain] => Healthcare
    [matched_skills] => 
    [education_match] => No
    [experience] => No
    [score_breakdown] => Array
        (
            [skills] => 0
            [education] => 0
            [experience] => 0
            [projects] => 5
            [certifications] => 0
            [resume_quality] => 5
            [domain_knowledge] => 5
        )

)

============================

============================
2026-08-06 11:12:40 | vacancy
SELECT jl.*, GROUP_CONCAT(s.SkillName ORDER BY s.SkillName SEPARATOR ', ') AS RequiredSkills
FROM `IHRJobsList` `jl`
LEFT JOIN `JobSkills` `js` ON `js`.`Jid` = `jl`.`Jid`
LEFT JOIN `IHSkills` `s` ON `s`.`SkillId` = `js`.`SkillId`
WHERE `jl`.`Jid` = '3'
GROUP BY `jl`.`Jid`
============================

==============================
2026-08-06 11:12:40 | START
Array
(
    [resumePath] => /var/www/html/atscheck/modal/CAND3_20260806111240447.pdf
    [vacancy] => 3
)

==============================
2026-08-06 11:12:40 | PDF_EXTRACT_SUCCESS
Keerthika S	| 9942345878 |keerthishanmugam	@gmail.com	                                                              	                                                                	
1      	 	
 
Keerthika S                                  	 	
 9942345878 	| keerthishanmugam@gmail.com	 	
  
Profile	 	 	
 
   I strive to use automation testing tools to test software programs by coding automated test 
scripts to ensure quality of product and effective value that meets customers' expectations.	  	
 
Objective	 	 	
 
With a strong technical	 skill	-set in automated test tools for online applications including Selenium 	
Java  and  Cucumber  I  utilize  the  selenium/WebDriver  framework  for  proficient  bug  tracking	 and 	
troubleshooting to implement smooth tests for the timely delivery of s	ervice	. 	
 
Schola	stics	 Portfolio	 	
 	
ME 	–Applied Electronics	 	
Period	: 2011	-2013 (with 83.5% aggregate)	 	
Institute	: Mahendra Institute of Technology,Tiruchengode	 	
 	
 	
BE 	– Ele
==============================
2026-08-06 11:12:40 | EXPERIENCE_DETAILS
Array
(
    [jobs] => Array
        (
        )

    [total] => 0 Years 0 Months
)

==============================
2026-08-06 11:12:40 | RAW_RESUME_TEXT
keerthika s	| 9942345878 |keerthishanmugam	@gmail.com	                                                              	                                                                	
1      	 	
 
keerthika s                                  	 	
 9942345878 	| keerthishanmugam@gmail.com	 	
  
profile	 	 	
 
   i strive to use automation testing tools to test software programs by coding automated test 
scripts to ensure quality of product and effective value that meets customers' expectations.	  	
 
objective	 	 	
 
with a strong technical	 skill	-set in automated test tools for online applications including selenium 	
java  and  cucumber  i  utilize  the  selenium/webdriver  framework  for  proficient  bug  tracking	 and 	
troubleshooting to implement smooth tests for the timely delivery of s	ervice	. 	
 
schola	stics	 portfolio	 	
 	
me 	–applied electronics	 	
period	: 2011	-2013 (with 83.5% aggregate)	 	
institute	: mahendra institute of technology,tiruchengode	 	
 	
 	
be 	– electrical and communication engineering	 	
period	: 2007	-2011 (with 87.8% aggregate)	 	
institute	: mahendra	 institute of technology,tiruchengode	 	
 
higher secondary school (hsc)	 	
period	: 2006 	– 2007 (with 84.75% aggregate)	 	
institute	: st joseph girls higher secondary school,dindigul.	 	
 
secondary school leaving certificate (sslc)	 	
period	: 2004	-2005 (with 88% aggregate)	 	
institute: annamalaiar girls higher secondary school , dindigul.	 	
 
career details	 	
 	
assistant professor(ece dept)	 	
period: 2016 	- 2018	 	
organization: vsb engineering college,karur.

keerthika s	| 9942345878 |keerthishanmugam	@gmail.com	                                                              	                                                                	
2      	 	
 
skills acquired	 	
 	
✓ manual testing	 	
✓ automation testing	 	
✓ knowledge of automated  test tools for online applications including selenium java and 
cucumber	 	
✓ able to test, troubleshoot and analyze 
==============================
2026-08-06 11:12:40 | Email
keerthishanmugam@gmail.com
==============================
2026-08-06 11:12:40 | name
Keerthika S
==============================
2026-08-06 11:12:40 | mobileno
9942345878
==============================
2026-08-06 11:12:40 | expyrs
0
==============================
2026-08-06 11:12:40 | Input skills

==============================
2026-08-06 11:12:40 | Skills
Array
(
)

============================
2026-08-06 11:12:40 | vacancy
Array
(
    [Jid] => 3
    [JobCode] => #IHRMS-202606-0002
    [JobTitle] => Frontend Developer
    [RoleSummary] => Frontend Developer
    [Did] => 1
    [EmploymentType] => Full-Time
    [WorkMode] => Remote
    [EducationRequired] => bca,btech,bsc
    [ExpMin] => 6
    [ExpMax] => 13
    [SalMin] => 12
    [SalMax] => 25
    [Currency] => INR
    [NoofOpenings] => 1
    [JobStatus] => Open
    [JobDescription] => rekha
    [Responsibilities] => nbheeg
    [Qualifications] => bca,btech,bsc
    [JobLocation] => chennai
    [CommunicationLang] => english
    [PostedOn] => 2026-06-26 14:53:28
    [UpdatedOn] => 2026-06-26 15:37:24
    [ExpiryDate] => 1970-01-01
    [PostedBy] => 1
    [SkillScore] => 50
    [EducationScore] => 15
    [ExperienceScore] => 10
    [ProjectScore] => 5
    [CertificationScore] => 10
    [ResumeQualityScore] => 5
    [DomainKnowledgeScore] => 5
    [RequiredSkills] => 
)

============================

============================
2026-08-06 11:12:40 | FINAL RESULT RETURN
Array
(
    [score] => 15
    [status] => Rejected
    [email] => keerthishanmugam@gmail.com
    [name] => Keerthika S
    [mobileNumbers] => 9942345878
    [expyrs] => 0
    [experience_details] => Array
        (
            [jobs] => Array
                (
                )

            [total] => 0 Years 0 Months
        )

    [domain] => Ecommerce
    [matched_skills] => 
    [education_match] => No
    [experience] => No
    [score_breakdown] => Array
        (
            [skills] => 0
            [education] => 0
            [experience] => 0
            [projects] => 5
            [certifications] => 0
            [resume_quality] => 5
            [domain_knowledge] => 5
        )

)

============================

============================
2026-08-06 11:49:17 | vacancy
SELECT jl.*, GROUP_CONCAT(s.SkillName ORDER BY s.SkillName SEPARATOR ', ') AS RequiredSkills
FROM `IHRJobsList` `jl`
LEFT JOIN `JobSkills` `js` ON `js`.`Jid` = `jl`.`Jid`
LEFT JOIN `IHSkills` `s` ON `s`.`SkillId` = `js`.`SkillId`
WHERE `jl`.`Jid` = '5'
GROUP BY `jl`.`Jid`
============================

==============================
2026-08-06 11:49:17 | START
Array
(
    [resumePath] => /var/www/html/atscheck/modal/CAND5_20260806114917538.pdf
    [vacancy] => 5
)

==============================
2026-08-06 11:49:17 | PDF_EXCEPTION
Object list not found. Possible secured file.
==============================
2026-08-06 11:49:17 | EXPERIENCE_DETAILS
Array
(
    [jobs] => Array
        (
        )

    [total] => 0 Years 0 Months
)

==============================
2026-08-06 11:49:17 | RAW_RESUME_TEXT

==============================
2026-08-06 11:49:17 | Email

==============================
2026-08-06 11:49:17 | name

==============================
2026-08-06 11:49:17 | mobileno
Array
(
)

==============================
2026-08-06 11:49:17 | expyrs
0
==============================
2026-08-06 11:49:17 | Input skills
html, javascript
==============================
2026-08-06 11:49:17 | Skills
Array
(
    [0] => html
    [1] =>  javascript
)

============================
2026-08-06 11:49:17 | vacancy
Array
(
    [Jid] => 5
    [JobCode] => #IHRMS-202606-0003
    [JobTitle] => Backend Developer 
    [RoleSummary] => Team Lead
    [Did] => 1
    [EmploymentType] => Full-Time
    [WorkMode] => Onsite
    [EducationRequired] => BCA
    [ExpMin] => 6
    [ExpMax] => 15
    [SalMin] => 16
    [SalMax] => 28
    [Currency] => INR
    [NoofOpenings] => 1
    [JobStatus] => Open
    [JobDescription] => backend roles 
    [Responsibilities] => eeee
    [Qualifications] => BCA
    [JobLocation] => Chennai
    [CommunicationLang] => English,Hindi,Tamil
    [PostedOn] => 2026-06-30 15:16:16
    [UpdatedOn] => 2026-06-30 15:16:16
    [ExpiryDate] => 2026-06-17
    [PostedBy] => 1
    [SkillScore] => 10
    [EducationScore] => 20
    [ExperienceScore] => 20
    [ProjectScore] => 5
    [CertificationScore] => 10
    [ResumeQualityScore] => 5
    [DomainKnowledgeScore] => 5
    [RequiredSkills] => html, javascript
)

============================

============================
2026-08-06 11:49:17 | FINAL RESULT RETURN
Array
(
    [score] => 0
    [status] => Rejected
    [email] => 
    [name] => 
    [mobileNumbers] => Array
        (
        )

    [expyrs] => 0
    [experience_details] => Array
        (
            [jobs] => Array
                (
                )

            [total] => 0 Years 0 Months
        )

    [domain] => 
    [matched_skills] => 
    [education_match] => No
    [experience] => No
    [score_breakdown] => Array
        (
            [skills] => 0
            [education] => 0
            [experience] => 0
            [projects] => 0
            [certifications] => 0
            [resume_quality] => 0
            [domain_knowledge] => 0
        )

)

============================

============================
2026-08-06 11:49:35 | vacancy
SELECT jl.*, GROUP_CONCAT(s.SkillName ORDER BY s.SkillName SEPARATOR ', ') AS RequiredSkills
FROM `IHRJobsList` `jl`
LEFT JOIN `JobSkills` `js` ON `js`.`Jid` = `jl`.`Jid`
LEFT JOIN `IHSkills` `s` ON `s`.`SkillId` = `js`.`SkillId`
WHERE `jl`.`Jid` = '5'
GROUP BY `jl`.`Jid`
============================

==============================
2026-08-06 11:49:35 | START
Array
(
    [resumePath] => /var/www/html/atscheck/modal/CAND5_20260806114935836.pdf
    [vacancy] => 5
)

==============================
2026-08-06 11:49:35 | PDF_EXCEPTION
Object list not found. Possible secured file.
==============================
2026-08-06 11:49:35 | EXPERIENCE_DETAILS
Array
(
    [jobs] => Array
        (
        )

    [total] => 0 Years 0 Months
)

==============================
2026-08-06 11:49:35 | RAW_RESUME_TEXT

==============================
2026-08-06 11:49:35 | Email

==============================
2026-08-06 11:49:35 | name

==============================
2026-08-06 11:49:35 | mobileno
Array
(
)

==============================
2026-08-06 11:49:35 | expyrs
0
==============================
2026-08-06 11:49:35 | Input skills
html, javascript
==============================
2026-08-06 11:49:35 | Skills
Array
(
    [0] => html
    [1] =>  javascript
)

============================
2026-08-06 11:49:35 | vacancy
Array
(
    [Jid] => 5
    [JobCode] => #IHRMS-202606-0003
    [JobTitle] => Backend Developer 
    [RoleSummary] => Team Lead
    [Did] => 1
    [EmploymentType] => Full-Time
    [WorkMode] => Onsite
    [EducationRequired] => BCA
    [ExpMin] => 6
    [ExpMax] => 15
    [SalMin] => 16
    [SalMax] => 28
    [Currency] => INR
    [NoofOpenings] => 1
    [JobStatus] => Open
    [JobDescription] => backend roles 
    [Responsibilities] => eeee
    [Qualifications] => BCA
    [JobLocation] => Chennai
    [CommunicationLang] => English,Hindi,Tamil
    [PostedOn] => 2026-06-30 15:16:16
    [UpdatedOn] => 2026-06-30 15:16:16
    [ExpiryDate] => 2026-06-17
    [PostedBy] => 1
    [SkillScore] => 10
    [EducationScore] => 20
    [ExperienceScore] => 20
    [ProjectScore] => 5
    [CertificationScore] => 10
    [ResumeQualityScore] => 5
    [DomainKnowledgeScore] => 5
    [RequiredSkills] => html, javascript
)

============================

============================
2026-08-06 11:49:35 | FINAL RESULT RETURN
Array
(
    [score] => 0
    [status] => Rejected
    [email] => 
    [name] => 
    [mobileNumbers] => Array
        (
        )

    [expyrs] => 0
    [experience_details] => Array
        (
            [jobs] => Array
                (
                )

            [total] => 0 Years 0 Months
        )

    [domain] => 
    [matched_skills] => 
    [education_match] => No
    [experience] => No
    [score_breakdown] => Array
        (
            [skills] => 0
            [education] => 0
            [experience] => 0
            [projects] => 0
            [certifications] => 0
            [resume_quality] => 0
            [domain_knowledge] => 0
        )

)

============================

============================
2026-08-06 12:12:46 | vacancy
SELECT jl.*, GROUP_CONCAT(s.SkillName ORDER BY s.SkillName SEPARATOR ', ') AS RequiredSkills
FROM `IHRJobsList` `jl`
LEFT JOIN `JobSkills` `js` ON `js`.`Jid` = `jl`.`Jid`
LEFT JOIN `IHSkills` `s` ON `s`.`SkillId` = `js`.`SkillId`
WHERE `jl`.`Jid` = '3'
GROUP BY `jl`.`Jid`
============================

==============================
2026-08-06 12:12:46 | START
Array
(
    [resumePath] => /var/www/html/atscheck/modal/CAND3_20260806121246456.pdf
    [vacancy] => 3
)

==============================
2026-08-06 12:12:46 | PDF_EXCEPTION
Object list not found. Possible secured file.
==============================
2026-08-06 12:12:46 | EXPERIENCE_DETAILS
Array
(
    [jobs] => Array
        (
        )

    [total] => 0 Years 0 Months
)

==============================
2026-08-06 12:12:46 | RAW_RESUME_TEXT

==============================
2026-08-06 12:12:46 | Email

==============================
2026-08-06 12:12:46 | name

==============================
2026-08-06 12:12:46 | mobileno
Array
(
)

==============================
2026-08-06 12:12:46 | expyrs
0
==============================
2026-08-06 12:12:46 | Input skills

==============================
2026-08-06 12:12:46 | Skills
Array
(
)

============================
2026-08-06 12:12:46 | vacancy
Array
(
    [Jid] => 3
    [JobCode] => #IHRMS-202606-0002
    [JobTitle] => Frontend Developer
    [RoleSummary] => Frontend Developer
    [Did] => 1
    [EmploymentType] => Full-Time
    [WorkMode] => Remote
    [EducationRequired] => bca,btech,bsc
    [ExpMin] => 6
    [ExpMax] => 13
    [SalMin] => 12
    [SalMax] => 25
    [Currency] => INR
    [NoofOpenings] => 1
    [JobStatus] => Open
    [JobDescription] => rekha
    [Responsibilities] => nbheeg
    [Qualifications] => bca,btech,bsc
    [JobLocation] => chennai
    [CommunicationLang] => english
    [PostedOn] => 2026-06-26 14:53:28
    [UpdatedOn] => 2026-06-26 15:37:24
    [ExpiryDate] => 1970-01-01
    [PostedBy] => 1
    [SkillScore] => 50
    [EducationScore] => 15
    [ExperienceScore] => 10
    [ProjectScore] => 5
    [CertificationScore] => 10
    [ResumeQualityScore] => 5
    [DomainKnowledgeScore] => 5
    [RequiredSkills] => 
)

============================

============================
2026-08-06 12:12:46 | FINAL RESULT RETURN
Array
(
    [score] => 0
    [status] => Rejected
    [email] => 
    [name] => 
    [mobileNumbers] => Array
        (
        )

    [expyrs] => 0
    [experience_details] => Array
        (
            [jobs] => Array
                (
                )

            [total] => 0 Years 0 Months
        )

    [domain] => 
    [matched_skills] => 
    [education_match] => No
    [experience] => No
    [score_breakdown] => Array
        (
            [skills] => 0
            [education] => 0
            [experience] => 0
            [projects] => 0
            [certifications] => 0
            [resume_quality] => 0
            [domain_knowledge] => 0
        )

)

============================

============================
2026-08-06 12:13:04 | vacancy
SELECT jl.*, GROUP_CONCAT(s.SkillName ORDER BY s.SkillName SEPARATOR ', ') AS RequiredSkills
FROM `IHRJobsList` `jl`
LEFT JOIN `JobSkills` `js` ON `js`.`Jid` = `jl`.`Jid`
LEFT JOIN `IHSkills` `s` ON `s`.`SkillId` = `js`.`SkillId`
WHERE `jl`.`Jid` = '3'
GROUP BY `jl`.`Jid`
============================

==============================
2026-08-06 12:13:04 | START
Array
(
    [resumePath] => /var/www/html/atscheck/modal/CAND3_20260806121304636.pdf
    [vacancy] => 3
)

==============================
2026-08-06 12:13:04 | PDF_EXTRACT_SUCCESS
AJAY YOGESH     S                                                                                        
Email Id : ajayyogesh03@gmail.com   
Mobile : +91 8667579360       
OBJECTIVE:   
     - My goal is to build a successful career as a Soft ware Tester, Which can help my company and    
me personally.	
 	
    
SKILL SUMMARY:  
      - 	
Good knowledge on  Core java 1.7 concepts.	 	
- Knowledge on various phases of  SDLC and STLC.	 	
- Knowledge on various  Test levels.	 	
- Knowledge on both Manual and Automation testing.	 	
- Knowledge on various  Testing Techniques.	 	
- Knowledge on Automation testing using  Selenium & Java.	 
     EDUCATIONAL QUALIFICATIONS: 	
   
 
EDUCTIONAL QUALIFICATIONS 
   PROJECTS:	 	
-  DME  – Auto centring four jaw chuck 
-   BE ( mini project)- Design and fabrication of agricultur e multi-sprayer. 
-   BE (final year project)- Marking and surveying by drone.   	
DEGREE/COURS
E 	
INSTITUTE 	UNIVERSITY/BO
ARD  	
Year of 
Passing 	
Aggregate 	
BE( 
MEC
==============================
2026-08-06 12:13:04 | EXPERIENCE_DETAILS
Array
(
    [jobs] => Array
        (
        )

    [total] => 0 Years 0 Months
)

==============================
2026-08-06 12:13:04 | RAW_RESUME_TEXT
ajay yogesh     s                                                                                        
email id : ajayyogesh03@gmail.com   
mobile : +91 8667579360       
objective:   
     - my goal is to build a successful career as a soft ware tester, which can help my company and    
me personally.	
 	
    
skill summary:  
      - 	
good knowledge on  core java 1.7 concepts.	 	
- knowledge on various phases of  sdlc and stlc.	 	
- knowledge on various  test levels.	 	
- knowledge on both manual and automation testing.	 	
- knowledge on various  testing techniques.	 	
- knowledge on automation testing using  selenium & java.	 
     educational qualifications: 	
   
 
eductional qualifications 
   projects:	 	
-  dme  – auto centring four jaw chuck 
-   be ( mini project)- design and fabrication of agricultur e multi-sprayer. 
-   be (final year project)- marking and surveying by drone.   	
degree/cours
e 	
institute 	university/bo
ard  	
year of 
passing 	
aggregate 	
be( 
mechanical) 	st.joseph’s col lege of 
engineering and  technology 
,thanjavur. 	 
anna 
university 	 
2020 	 
6.91cgpa   	
dme 	
ramya sathianathan 
polytechnic college, 
pudupatti, thanjavur. 	directorate of 	
technical education  
 	2017 	84.9% 	
hsc 	kalyanam sundaram 
hr,sec,school. thanjavur.  	state board 	2015 	73.2%

experience:  
    - 	
unitech plasto comp. pvt ltd. – 12months 
 	
   software skills:- 
 
      - operating system      :      windows 7,10  
      - testing tools         :  selenium   
      - programming language    :  java  
      - frameworks         :  data driven, page object model, junit , testng. 
      - source code management    :  git  
      - documentation      :  ms office 
 
 
    personal strength:  
    
        - optimistic  
        - adaptable  
        - flexible work ability  
        - willingness to work as a team 
    
   personal information: 
  
          name   :    ajay yogesh s 
           father’s name   :    stanli 
          la
==============================
2026-08-06 12:13:04 | Email
ajayyogesh03@gmail.com
==============================
2026-08-06 12:13:04 | name
Ajay Yogesh S
==============================
2026-08-06 12:13:04 | mobileno
+91 8667579360
==============================
2026-08-06 12:13:04 | expyrs
0
==============================
2026-08-06 12:13:04 | Input skills

==============================
2026-08-06 12:13:04 | Skills
Array
(
)

============================
2026-08-06 12:13:04 | vacancy
Array
(
    [Jid] => 3
    [JobCode] => #IHRMS-202606-0002
    [JobTitle] => Frontend Developer
    [RoleSummary] => Frontend Developer
    [Did] => 1
    [EmploymentType] => Full-Time
    [WorkMode] => Remote
    [EducationRequired] => bca,btech,bsc
    [ExpMin] => 6
    [ExpMax] => 13
    [SalMin] => 12
    [SalMax] => 25
    [Currency] => INR
    [NoofOpenings] => 1
    [JobStatus] => Open
    [JobDescription] => rekha
    [Responsibilities] => nbheeg
    [Qualifications] => bca,btech,bsc
    [JobLocation] => chennai
    [CommunicationLang] => english
    [PostedOn] => 2026-06-26 14:53:28
    [UpdatedOn] => 2026-06-26 15:37:24
    [ExpiryDate] => 1970-01-01
    [PostedBy] => 1
    [SkillScore] => 50
    [EducationScore] => 15
    [ExperienceScore] => 10
    [ProjectScore] => 5
    [CertificationScore] => 10
    [ResumeQualityScore] => 5
    [DomainKnowledgeScore] => 5
    [RequiredSkills] => 
)

============================

============================
2026-08-06 12:13:04 | FINAL RESULT RETURN
Array
(
    [score] => 10
    [status] => Rejected
    [email] => ajayyogesh03@gmail.com
    [name] => Ajay Yogesh S
    [mobileNumbers] => +91 8667579360
    [expyrs] => 0
    [experience_details] => Array
        (
            [jobs] => Array
                (
                )

            [total] => 0 Years 0 Months
        )

    [domain] => 
    [matched_skills] => 
    [education_match] => No
    [experience] => No
    [score_breakdown] => Array
        (
            [skills] => 0
            [education] => 0
            [experience] => 0
            [projects] => 5
            [certifications] => 0
            [resume_quality] => 5
            [domain_knowledge] => 0
        )

)

============================

============================
2026-08-06 12:48:48 | vacancy
SELECT jl.*, GROUP_CONCAT(s.SkillName ORDER BY s.SkillName SEPARATOR ', ') AS RequiredSkills
FROM `IHRJobsList` `jl`
LEFT JOIN `JobSkills` `js` ON `js`.`Jid` = `jl`.`Jid`
LEFT JOIN `IHSkills` `s` ON `s`.`SkillId` = `js`.`SkillId`
WHERE `jl`.`Jid` = '1'
GROUP BY `jl`.`Jid`
============================

==============================
2026-08-06 12:48:48 | START
Array
(
    [resumePath] => /var/www/html/atscheck/modal/CAND1_20260806124848441.pdf
    [vacancy] => 1
)

==============================
2026-08-06 12:48:48 | PDF_EXTRACT_SUCCESS
ARUN KUMAR	 R 	+91	 70105	-43627	 	
arunkumarkumar7222@gmail.com	 	
 
 	
Professional	 Summary:	 	
 	Having  2.6  years  of  programming  experience  as  an	 Oracle  SQL  &  PL/SQL	 Developer  in  the 	
Analysis,  Design  and  Implementation	 of  Business  Applications  using  the  Oracle  Relational 	
Database Management System (RDBMS).	 	
 	Experience  in  creating  database  schema  objects  such  as 	Tables,  Views,  Sequences, 	
Synonyms 	and 	Index	. 	
 	Expertise  in  using 	DDL  (Data  Define  Language),  DML  (Data  Manipula	tion  Language),  DCL 	
(Data Control Language), and TCL (Transaction Control Language) 	commands.	 	
 	Strong  knowledge  in  writing  complex  queries  which  include 	Joins,  Sub  query,  Group 	
Functions, Set Operators, Pseudo Columns and Analytical Functions.	 	
 	Having	 knowle	dge of	 creating	 Simple	 Views,	 Complex	 Views	 and	 Materialized	 Views	. 	
 	Involved in loading data flat files into Oracle tables using 	SQL Loader.	 
==============================
2026-08-06 12:48:48 | EXPERIENCE_DETAILS
Array
(
    [jobs] => Array
        (
        )

    [total] => 0 Years 0 Months
)

==============================
2026-08-06 12:48:48 | RAW_RESUME_TEXT
arun kumar	 r 	+91	 70105	-43627	 	
arunkumarkumar7222@gmail.com	 	
 
 	
professional	 summary:	 	
 	having  2.6  years  of  programming  experience  as  an	 oracle  sql  &  pl/sql	 developer  in  the 	
analysis,  design  and  implementation	 of  business  applications  using  the  oracle  relational 	
database management system (rdbms).	 	
 	experience  in  creating  database  schema  objects  such  as 	tables,  views,  sequences, 	
synonyms 	and 	index	. 	
 	expertise  in  using 	ddl  (data  define  language),  dml  (data  manipula	tion  language),  dcl 	
(data control language), and tcl (transaction control language) 	commands.	 	
 	strong  knowledge  in  writing  complex  queries  which  include 	joins,  sub  query,  group 	
functions, set operators, pseudo columns and analytical functions.	 	
 	having	 knowle	dge of	 creating	 simple	 views,	 complex	 views	 and	 materialized	 views	. 	
 	involved in loading data flat files into oracle tables using 	sql loader.	 	
 	developed	 complex	 database	 objects	 like	 stored	 procedures,	 functions,	 packages	 and	 	
triggers	 using	 sql	 and	 pl/sql.	 	
 	have  good  knowledge  in 	cursor 	implementation  and 	exception  handling 	to  handle  errors	 	
in pl/sql subprograms.	 	
 	involved  in  advance  pl/sql  constructs  like 	collections  (index  by  table,  nested  table  and 	
varray).	 	
 	basic  knowledge  in 	bulk  collect  (forall,  limit,  bu	lk  exception  handling) 	to  improve 	
the performance of multi	-row queries by reducing the context switching.	 	
 	having	 basic	 knowledge	 in performance	 tuning	 by	 analyzing	 explain	 plan.	 	
 
work	 experience	 	
working	 as a software	 engineer	 at thincle	soft	 technologies	, chennai	 from 	oct	 2019	 to	 	
till	 date	. 	
 
 
tools	 used	 	
database	 	: oracle 11g, 12c (sql and pl/sql) 	 	
client	-side tool	 	 : 	sql	 developer	, sql plus, 	and	 pl/sql	 developer 	 	
ticket tracking	 	: jira	 	
version	 control	 	: 	svn	 	
oth
==============================
2026-08-06 12:48:48 | Email
arunkumarkumar7222@gmail.com
==============================
2026-08-06 12:48:48 | name
Arun Kumar R
==============================
2026-08-06 12:48:48 | mobileno
Array
(
)

==============================
2026-08-06 12:48:48 | expyrs
0
==============================
2026-08-06 12:48:48 | Input skills

==============================
2026-08-06 12:48:48 | Skills
Array
(
)

============================
2026-08-06 12:48:48 | vacancy
Array
(
    [Jid] => 1
    [JobCode] => #IHRMS-202606-0001
    [JobTitle] => Executive
    [RoleSummary] => HR Generalist
    [Did] => 3
    [EmploymentType] => Full-Time
    [WorkMode] => Onsite
    [EducationRequired] => Graduate,Certificate
    [ExpMin] => 2
    [ExpMax] => 4
    [SalMin] => 3
    [SalMax] => 5
    [Currency] => INR
    [NoofOpenings] => 1
    [JobStatus] => Open
    [JobDescription] => Candidates Resumes Screening
Employee Engagement
BGV

    [Responsibilities] => Screening Candidates
Interview Sceduling
Database Management
Grevience Redressal
Policy Adherence
Exit Management
    [Qualifications] => Graduate,Certificate
    [JobLocation] => Chennai
    [CommunicationLang] => English,Hindi,Tamil
    [PostedOn] => 2026-06-19 16:28:14
    [UpdatedOn] => 2026-08-06 12:44:42
    [ExpiryDate] => 2026-06-30
    [PostedBy] => 1
    [SkillScore] => 50
    [EducationScore] => 20
    [ExperienceScore] => 5
    [ProjectScore] => 5
    [CertificationScore] => 10
    [ResumeQualityScore] => 5
    [DomainKnowledgeScore] => 5
    [RequiredSkills] => 
)

============================

============================
2026-08-06 12:48:48 | FINAL RESULT RETURN
Array
(
    [score] => 25
    [status] => Rejected
    [email] => arunkumarkumar7222@gmail.com
    [name] => Arun Kumar R
    [mobileNumbers] => Array
        (
        )

    [expyrs] => 0
    [experience_details] => Array
        (
            [jobs] => Array
                (
                )

            [total] => 0 Years 0 Months
        )

    [domain] => Ecommerce
    [matched_skills] => 
    [education_match] => No
    [experience] => Yes
    [score_breakdown] => Array
        (
            [skills] => 0
            [education] => 0
            [experience] => 10
            [projects] => 5
            [certifications] => 0
            [resume_quality] => 5
            [domain_knowledge] => 5
        )

)

============================

============================
2026-08-06 17:31:07 | vacancy
SELECT jl.*, GROUP_CONCAT(s.SkillName ORDER BY s.SkillName SEPARATOR ', ') AS RequiredSkills
FROM `IHRJobsList` `jl`
LEFT JOIN `JobSkills` `js` ON `js`.`Jid` = `jl`.`Jid`
LEFT JOIN `IHSkills` `s` ON `s`.`SkillId` = `js`.`SkillId`
WHERE `jl`.`Jid` = '3'
GROUP BY `jl`.`Jid`
============================

==============================
2026-08-06 17:31:07 | START
Array
(
    [resumePath] => /var/www/html/atscheck/modal/CAND3_20260806173107160.pdf
    [vacancy] => 3
)

==============================
2026-08-06 17:31:07 | PDF_EXTRACT_SUCCESS
Page 	1 of 	3 	
 
DHANASEKAR P	 	
Email	:  dhana202603@gmail.com	 	
Mobile	: +91 7010162258	 	
 
                                                                                                                             	                                         	 	
Objectives & Career 	Goals	 	
 
Having 2+ years of experience as a Software Testing Engineer possessing hands	-on testing in Web Applications, Mobile 	
Applications & iOS Applications.	 	
 
Technical Skills	 	
 
Operating Systems: 	- Windows,Linux	 	
Key skills: 	- Manual Testing	 	
 
Professional 	Experience	  	
 
MedPlus Health Services Limited	. (June	 202	2 to 	Till Date	) 	
Testing Engineer	 	
 
Project Name:	 MedPlusMart	  	
Role: 	Manual Testing	 	
Test Environment: 	Web Application,Android	 	
 
Description:	 MedPlus	 Mart App is a comprehensive medical App where you can not only order medicines 	
but also read important information about the medicines you take, their alternatives or substitutes, 
precautions and th
==============================
2026-08-06 17:31:07 | EXPERIENCE_DETAILS
Array
(
    [jobs] => Array
        (
            [0] => Array
                (
                    [from] => august 2021
                    [to] => may	 2022
                    [years] => 0
                    [months] => 9
                )

            [1] => Array
                (
                    [from] => february 2020
                    [to] => august 2021
                    [years] => 1
                    [months] => 6
                )

        )

    [total] => 2 Years 3 Months
)

==============================
2026-08-06 17:31:07 | RAW_RESUME_TEXT
page 	1 of 	3 	
 
dhanasekar p	 	
email	:  dhana202603@gmail.com	 	
mobile	: +91 7010162258	 	
 
                                                                                                                             	                                         	 	
objectives & career 	goals	 	
 
having 2+ years of experience as a software testing engineer possessing hands	-on testing in web applications, mobile 	
applications & ios applications.	 	
 
technical skills	 	
 
operating systems: 	- windows,linux	 	
key skills: 	- manual testing	 	
 
professional 	experience	  	
 
medplus health services limited	. (june	 202	2 to 	till date	) 	
testing engineer	 	
 
project name:	 medplusmart	  	
role: 	manual testing	 	
test environment: 	web application,android	 	
 
description:	 medplus	 mart app is a comprehensive medical app where you can not only order medicines 	
but also read important information about the medicines you take, their alternatives or substitutes, 
precautions and their side effects. medicine delivery is restricted to stat	es where medplus operates, but you 	
can order other otc & health products, nutrition, baby care, diabetes care and personal care products from 
across many regions & cities in india.	 	
 
responsibilities:	 	
 preparing test case, test scenario based on the requirem	ent document.	 	
 logging the defects on 	bugzilla	, assigning the defects to concerned developer.	 	
 involved in functionality testing, performance testing, regression testing, smoke test.	 	
 retesting production defects, closing of defects & preparing daily and 	weekly reports.	 	
 
 
kalyani meditimes pvt ltd. 	(august 2021 to 	may	 2022)	 	
testing engineer	 	
 
project name:	 hospital rx 	 	
role: 	manual testing	 	
test environment: 	web application, ios, android.	  	
 
description:	 	
meditimes	 hospital rx application provides an easy	-to-use interface that gives the 	doctors	 the 	ability to prescribe a 	
prescription to a patient and it can 	
==============================
2026-08-06 17:31:07 | Email
dhana202603@gmail.com
==============================
2026-08-06 17:31:07 | name
Page
==============================
2026-08-06 17:31:07 | mobileno
+91 7010162258
==============================
2026-08-06 17:31:07 | expyrs
2
==============================
2026-08-06 17:31:07 | Input skills

==============================
2026-08-06 17:31:07 | Skills
Array
(
)

============================
2026-08-06 17:31:07 | vacancy
Array
(
    [Jid] => 3
    [JobCode] => #IHRMS-202606-0002
    [JobTitle] => Frontend Developer
    [RoleSummary] => Frontend Developer
    [Did] => 1
    [EmploymentType] => Full-Time
    [WorkMode] => Remote
    [EducationRequired] => bca,btech,bsc
    [ExpMin] => 6
    [ExpMax] => 13
    [SalMin] => 12
    [SalMax] => 25
    [Currency] => INR
    [NoofOpenings] => 1
    [JobStatus] => Open
    [JobDescription] => rekha
    [Responsibilities] => nbheeg
    [Qualifications] => bca,btech,bsc
    [JobLocation] => chennai
    [CommunicationLang] => english
    [PostedOn] => 2026-06-26 14:53:28
    [UpdatedOn] => 2026-06-26 15:37:24
    [ExpiryDate] => 1970-01-01
    [PostedBy] => 1
    [SkillScore] => 50
    [EducationScore] => 15
    [ExperienceScore] => 10
    [ProjectScore] => 5
    [CertificationScore] => 10
    [ResumeQualityScore] => 5
    [DomainKnowledgeScore] => 5
    [RequiredSkills] => 
)

============================

============================
2026-08-06 17:31:07 | FINAL RESULT RETURN
Array
(
    [score] => 15
    [status] => Rejected
    [email] => dhana202603@gmail.com
    [name] => Page
    [mobileNumbers] => +91 7010162258
    [expyrs] => 2
    [experience_details] => Array
        (
            [jobs] => Array
                (
                    [0] => Array
                        (
                            [from] => august 2021
                            [to] => may	 2022
                            [years] => 0
                            [months] => 9
                        )

                    [1] => Array
                        (
                            [from] => february 2020
                            [to] => august 2021
                            [years] => 1
                            [months] => 6
                        )

                )

            [total] => 2 Years 3 Months
        )

    [domain] => Healthcare
    [matched_skills] => 
    [education_match] => No
    [experience] => No
    [score_breakdown] => Array
        (
            [skills] => 0
            [education] => 0
            [experience] => 0
            [projects] => 5
            [certifications] => 0
            [resume_quality] => 5
            [domain_knowledge] => 5
        )

)

============================

============================
2026-08-11 10:22:08 | vacancy
SELECT jl.*, GROUP_CONCAT(s.SkillName ORDER BY s.SkillName SEPARATOR ', ') AS RequiredSkills
FROM `IHRJobsList` `jl`
LEFT JOIN `JobSkills` `js` ON `js`.`Jid` = `jl`.`Jid`
LEFT JOIN `IHSkills` `s` ON `s`.`SkillId` = `js`.`SkillId`
WHERE `jl`.`Jid` = '6'
GROUP BY `jl`.`Jid`
============================

==============================
2026-08-11 10:22:08 | START
Array
(
    [resumePath] => D:/xampp/htdocs/REC/atscheck/modal/CAND6_20260811102208168.pdf
    [vacancy] => 6
)

==============================
2026-08-11 10:22:09 | PDF_EXTRACT_SUCCESS
SHIJI	 M	 K	 	
MANAGER	 HUMAN	 RESOURCES	 	
 
 
 
 
 
 
 
 	
C O N T A C T	 	
+91	 7550080350	 	
 	
mkshiji0809@gmail.com	 	
 	
Padmam VSV Apartment, 
Second	 Main	 Road,Gandhi 	
Nagar, Adyar, Chennai.	 	
 	
E X P E R I E N C E	 	
 	
HR	 Management	 & Compliance 	
Rewards and Recognition 
Grievance	 Management	 	
MIS	 Reporting	 & Documentation 	
Pay Roll Management	 	
Exit	 Interviews	 & Separation 	
Training & Development 
Employee	 Engagement 	
Recruitment	 	
Maintaining	 Employee	 Relation	 	
L A N G U A G E S	 	
English	 (Fluent) 	
Tamil	 (Fl	uent) 	
Malayalam(	 Fluent) 	
Hindi	 (Intermediate)	 	
 
 	
R E F E R E N C E	 	
 	
Ms. Lakshmi	 	
Chief	 Human	 Resource Officer	 	
Phone:	 +91 97314 11772	 	
 	
P R O F I L E	 	
After  an  exhilarating  journey  as  a  medical  professional,  I  made  the  bold  leap 
into	 Human	 Resources,	 driven	 by	 my	 passion	 for	 learning	 and	 a desire	 to make 	
an	 impact.	 Now,	 seven	 years	 into	 my	 HR	 career,	 I thrive	 on	 the	 challenges
==============================
2026-08-11 10:22:09 | EXPERIENCE_DETAILS
Array
(
    [jobs] => Array
        (
            [0] => Array
                (
                    [from] => 2022 jan
                    [to] => 2024 jan
                    [years] => 2
                    [months] => 0
                )

            [1] => Array
                (
                    [from] => 2019 jan
                    [to] => 2021 jan
                    [years] => 2
                    [months] => 0
                )

            [2] => Array
                (
                    [from] => 2008 jan
                    [to] => 2011 jan
                    [years] => 3
                    [months] => 0
                )

            [3] => Array
                (
                    [from] => 2006 jan
                    [to] => 2008 jan
                    [years] => 2
                    [months] => 0
                )

            [4] => Array
                (
                    [from] => 2005 jan
                    [to] => 2006 jan
                    [years] => 1
                    [months] => 0
                )

        )

    [total] => 10 Years 0 Months
)

==============================
2026-08-11 10:22:09 | RAW_RESUME_TEXT
shiji	 m	 k	 	
manager	 human	 resources	 	
 
 
 
 
 
 
 
 	
c o n t a c t	 	
+91	 7550080350	 	
 	
mkshiji0809@gmail.com	 	
 	
padmam vsv apartment, 
second	 main	 road,gandhi 	
nagar, adyar, chennai.	 	
 	
e x p e r i e n c e	 	
 	
hr	 management	 & compliance 	
rewards and recognition 
grievance	 management	 	
mis	 reporting	 & documentation 	
pay roll management	 	
exit	 interviews	 & separation 	
training & development 
employee	 engagement 	
recruitment	 	
maintaining	 employee	 relation	 	
l a n g u a g e s	 	
english	 (fluent) 	
tamil	 (fl	uent) 	
malayalam(	 fluent) 	
hindi	 (intermediate)	 	
 
 	
r e f e r e n c e	 	
 	
ms. lakshmi	 	
chief	 human	 resource officer	 	
phone:	 +91 97314 11772	 	
 	
p r o f i l e	 	
after  an  exhilarating  journey  as  a  medical  professional,  i  made  the  bold  leap 
into	 human	 resources,	 driven	 by	 my	 passion	 for	 learning	 and	 a desire	 to make 	
an	 impact.	 now,	 seven	 years	 into	 my	 hr	 career,	 i thrive	 on	 the	 challenges	 and 	
opportunities  that  come  my  way.  my  track  record  demonstrates  my  ability  to 
achieve outstanding results, and my eagerness to learn and grow 	further fuels 	
my excitement for the future in this dynamic field!	 	
w o r k	 e x p e r i e n c e	 	
sindoori	 management	 solutions	 private	 limited,	 chennai.	 	
manager 	– human resources	 	sep’25	 - present 	
hr strategy & leadership 	– driving hr strategy across 50 units pan india, 	
leading 25 unit hrs and ensuring seamless coordination, guidance and	 	
alignment with organizational goals.	 	
payroll	 processing	 – managing	 end	-to-end	 payroll	 operations	 for	 8,000+ 	
employees across pan india.	 	
talent acquisition & workforce planning 
compensation & benefit analysis 
performance	 management	 	
skilled	 in personnel	 management	 	
employee	 engagement	 & retention	 (across	 pan	 india) 	
hr analytics & reporting	 	
hxplain	 digital	 health	 technology	 solutions	 private	 limited,	 tn. 	
assistant manager
==============================
2026-08-11 10:22:09 | Email
mkshiji0809@gmail.com
==============================
2026-08-11 10:22:09 | name
Shiji M K
==============================
2026-08-11 10:22:09 | mobileno
7550080350
==============================
2026-08-11 10:22:09 | expyrs
0
==============================
2026-08-11 10:22:09 | Input skills

==============================
2026-08-11 10:22:09 | Skills
Array
(
)

============================
2026-08-11 10:22:09 | vacancy
Array
(
    [Jid] => 6
    [JobCode] => JOB-2026-0005
    [JobTitle] => dii
    [RoleSummary] => dii
    [Did] => 1
    [EmploymentType] => Full-Time
    [WorkMode] => Onsite
    [EducationRequired] => Bachelor Degree
    [ExpMin] => 1
    [ExpMax] => 2
    [SalMin] => 0
    [SalMax] => 0
    [Currency] => INR
    [NoofOpenings] => 1
    [JobStatus] => Open
    [JobDescription] => sss
    [Responsibilities] => ssss
    [Qualifications] => 
    [JobLocation] => 
    [CommunicationLang] => 
    [PostedOn] => 2026-08-10 15:50:10
    [UpdatedOn] => 2026-08-11 10:21:33
    [ExpiryDate] => 
    [TargetOnboardingDate] => 2026-09-05
    [Salary] => 0 - 0 LPA
    [PostedBy] => 16
    [SkillScore] => 0
    [EducationScore] => 0
    [ExperienceScore] => 0
    [ProjectScore] => 0
    [CertificationScore] => 0
    [ResumeQualityScore] => 0
    [DomainKnowledgeScore] => 0
    [CtcApproverId] => 
    [AssignedRecruiterManagerId] => 17
    [RequiredSkills] => 
)

============================

============================
2026-08-11 10:22:09 | FINAL RESULT RETURN
Array
(
    [score] => 35
    [status] => Rejected
    [email] => mkshiji0809@gmail.com
    [name] => Shiji M K
    [mobileNumbers] => 7550080350
    [expyrs] => 0
    [experience_details] => Array
        (
            [jobs] => Array
                (
                    [0] => Array
                        (
                            [from] => 2022 jan
                            [to] => 2024 jan
                            [years] => 2
                            [months] => 0
                        )

                    [1] => Array
                        (
                            [from] => 2019 jan
                            [to] => 2021 jan
                            [years] => 2
                            [months] => 0
                        )

                    [2] => Array
                        (
                            [from] => 2008 jan
                            [to] => 2011 jan
                            [years] => 3
                            [months] => 0
                        )

                    [3] => Array
                        (
                            [from] => 2006 jan
                            [to] => 2008 jan
                            [years] => 2
                            [months] => 0
                        )

                    [4] => Array
                        (
                            [from] => 2005 jan
                            [to] => 2006 jan
                            [years] => 1
                            [months] => 0
                        )

                )

            [total] => 10 Years 0 Months
        )

    [domain] => Fintech
    [matched_skills] => 
    [education_match] => Yes
    [experience] => Yes
    [score_breakdown] => Array
        (
            [skills] => 0
            [education] => 10
            [experience] => 10
            [projects] => 5
            [certifications] => 0
            [resume_quality] => 5
            [domain_knowledge] => 5
        )

)

============================

============================
2026-08-11 10:28:38 | vacancy
SELECT jl.*, GROUP_CONCAT(s.SkillName ORDER BY s.SkillName SEPARATOR ', ') AS RequiredSkills
FROM `IHRJobsList` `jl`
LEFT JOIN `JobSkills` `js` ON `js`.`Jid` = `jl`.`Jid`
LEFT JOIN `IHSkills` `s` ON `s`.`SkillId` = `js`.`SkillId`
WHERE `jl`.`Jid` = '10'
GROUP BY `jl`.`Jid`
============================

==============================
2026-08-11 10:28:38 | START
Array
(
    [resumePath] => D:/xampp/htdocs/REC/atscheck/modal/CAND10_20260811102838262.pdf
    [vacancy] => 10
)

==============================
2026-08-11 10:28:39 | PDF_EXTRACT_SUCCESS
SHIJI	 M	 K	 	
MANAGER	 HUMAN	 RESOURCES	 	
 
 
 
 
 
 
 
 	
C O N T A C T	 	
+91	 7550080350	 	
 	
mkshiji0809@gmail.com	 	
 	
Padmam VSV Apartment, 
Second	 Main	 Road,Gandhi 	
Nagar, Adyar, Chennai.	 	
 	
E X P E R I E N C E	 	
 	
HR	 Management	 & Compliance 	
Rewards and Recognition 
Grievance	 Management	 	
MIS	 Reporting	 & Documentation 	
Pay Roll Management	 	
Exit	 Interviews	 & Separation 	
Training & Development 
Employee	 Engagement 	
Recruitment	 	
Maintaining	 Employee	 Relation	 	
L A N G U A G E S	 	
English	 (Fluent) 	
Tamil	 (Fl	uent) 	
Malayalam(	 Fluent) 	
Hindi	 (Intermediate)	 	
 
 	
R E F E R E N C E	 	
 	
Ms. Lakshmi	 	
Chief	 Human	 Resource Officer	 	
Phone:	 +91 97314 11772	 	
 	
P R O F I L E	 	
After  an  exhilarating  journey  as  a  medical  professional,  I  made  the  bold  leap 
into	 Human	 Resources,	 driven	 by	 my	 passion	 for	 learning	 and	 a desire	 to make 	
an	 impact.	 Now,	 seven	 years	 into	 my	 HR	 career,	 I thrive	 on	 the	 challenges
==============================
2026-08-11 10:28:39 | EXPERIENCE_DETAILS
Array
(
    [jobs] => Array
        (
            [0] => Array
                (
                    [from] => 2022 jan
                    [to] => 2024 jan
                    [years] => 2
                    [months] => 0
                )

            [1] => Array
                (
                    [from] => 2019 jan
                    [to] => 2021 jan
                    [years] => 2
                    [months] => 0
                )

            [2] => Array
                (
                    [from] => 2008 jan
                    [to] => 2011 jan
                    [years] => 3
                    [months] => 0
                )

            [3] => Array
                (
                    [from] => 2006 jan
                    [to] => 2008 jan
                    [years] => 2
                    [months] => 0
                )

            [4] => Array
                (
                    [from] => 2005 jan
                    [to] => 2006 jan
                    [years] => 1
                    [months] => 0
                )

        )

    [total] => 10 Years 0 Months
)

==============================
2026-08-11 10:28:39 | RAW_RESUME_TEXT
shiji	 m	 k	 	
manager	 human	 resources	 	
 
 
 
 
 
 
 
 	
c o n t a c t	 	
+91	 7550080350	 	
 	
mkshiji0809@gmail.com	 	
 	
padmam vsv apartment, 
second	 main	 road,gandhi 	
nagar, adyar, chennai.	 	
 	
e x p e r i e n c e	 	
 	
hr	 management	 & compliance 	
rewards and recognition 
grievance	 management	 	
mis	 reporting	 & documentation 	
pay roll management	 	
exit	 interviews	 & separation 	
training & development 
employee	 engagement 	
recruitment	 	
maintaining	 employee	 relation	 	
l a n g u a g e s	 	
english	 (fluent) 	
tamil	 (fl	uent) 	
malayalam(	 fluent) 	
hindi	 (intermediate)	 	
 
 	
r e f e r e n c e	 	
 	
ms. lakshmi	 	
chief	 human	 resource officer	 	
phone:	 +91 97314 11772	 	
 	
p r o f i l e	 	
after  an  exhilarating  journey  as  a  medical  professional,  i  made  the  bold  leap 
into	 human	 resources,	 driven	 by	 my	 passion	 for	 learning	 and	 a desire	 to make 	
an	 impact.	 now,	 seven	 years	 into	 my	 hr	 career,	 i thrive	 on	 the	 challenges	 and 	
opportunities  that  come  my  way.  my  track  record  demonstrates  my  ability  to 
achieve outstanding results, and my eagerness to learn and grow 	further fuels 	
my excitement for the future in this dynamic field!	 	
w o r k	 e x p e r i e n c e	 	
sindoori	 management	 solutions	 private	 limited,	 chennai.	 	
manager 	– human resources	 	sep’25	 - present 	
hr strategy & leadership 	– driving hr strategy across 50 units pan india, 	
leading 25 unit hrs and ensuring seamless coordination, guidance and	 	
alignment with organizational goals.	 	
payroll	 processing	 – managing	 end	-to-end	 payroll	 operations	 for	 8,000+ 	
employees across pan india.	 	
talent acquisition & workforce planning 
compensation & benefit analysis 
performance	 management	 	
skilled	 in personnel	 management	 	
employee	 engagement	 & retention	 (across	 pan	 india) 	
hr analytics & reporting	 	
hxplain	 digital	 health	 technology	 solutions	 private	 limited,	 tn. 	
assistant manager
==============================
2026-08-11 10:28:39 | Email
mkshiji0809@gmail.com
==============================
2026-08-11 10:28:39 | name
Shiji M K
==============================
2026-08-11 10:28:39 | mobileno
7550080350
==============================
2026-08-11 10:28:39 | expyrs
0
==============================
2026-08-11 10:28:39 | Input skills

==============================
2026-08-11 10:28:39 | Skills
Array
(
)

============================
2026-08-11 10:28:39 | vacancy
Array
(
    [Jid] => 10
    [JobCode] => JOB-2026-0008
    [JobTitle] => du
    [RoleSummary] => du
    [Did] => 1
    [EmploymentType] => Full-Time
    [WorkMode] => Onsite
    [EducationRequired] => Bachelor Degree
    [ExpMin] => 0
    [ExpMax] => 0
    [SalMin] => 0
    [SalMax] => 0
    [Currency] => INR
    [NoofOpenings] => 1
    [JobStatus] => Open
    [JobDescription] => d
    [Responsibilities] => d
    [Qualifications] => 
    [JobLocation] => 
    [CommunicationLang] => 
    [PostedOn] => 2026-08-10 18:14:52
    [UpdatedOn] => 2026-08-10 18:16:54
    [ExpiryDate] => 
    [TargetOnboardingDate] => 
    [Salary] => 
    [PostedBy] => 16
    [SkillScore] => 0
    [EducationScore] => 0
    [ExperienceScore] => 0
    [ProjectScore] => 0
    [CertificationScore] => 0
    [ResumeQualityScore] => 0
    [DomainKnowledgeScore] => 0
    [CtcApproverId] => 
    [AssignedRecruiterManagerId] => 17
    [RequiredSkills] => 
)

============================

============================
2026-08-11 10:28:39 | FINAL RESULT RETURN
Array
(
    [score] => 35
    [status] => Rejected
    [email] => mkshiji0809@gmail.com
    [name] => Shiji M K
    [mobileNumbers] => 7550080350
    [expyrs] => 0
    [experience_details] => Array
        (
            [jobs] => Array
                (
                    [0] => Array
                        (
                            [from] => 2022 jan
                            [to] => 2024 jan
                            [years] => 2
                            [months] => 0
                        )

                    [1] => Array
                        (
                            [from] => 2019 jan
                            [to] => 2021 jan
                            [years] => 2
                            [months] => 0
                        )

                    [2] => Array
                        (
                            [from] => 2008 jan
                            [to] => 2011 jan
                            [years] => 3
                            [months] => 0
                        )

                    [3] => Array
                        (
                            [from] => 2006 jan
                            [to] => 2008 jan
                            [years] => 2
                            [months] => 0
                        )

                    [4] => Array
                        (
                            [from] => 2005 jan
                            [to] => 2006 jan
                            [years] => 1
                            [months] => 0
                        )

                )

            [total] => 10 Years 0 Months
        )

    [domain] => Fintech
    [matched_skills] => 
    [education_match] => Yes
    [experience] => Yes
    [score_breakdown] => Array
        (
            [skills] => 0
            [education] => 10
            [experience] => 10
            [projects] => 5
            [certifications] => 0
            [resume_quality] => 5
            [domain_knowledge] => 5
        )

)

============================

============================
2026-08-11 10:31:39 | vacancy
SELECT jl.*, GROUP_CONCAT(s.SkillName ORDER BY s.SkillName SEPARATOR ', ') AS RequiredSkills
FROM `IHRJobsList` `jl`
LEFT JOIN `JobSkills` `js` ON `js`.`Jid` = `jl`.`Jid`
LEFT JOIN `IHSkills` `s` ON `s`.`SkillId` = `js`.`SkillId`
WHERE `jl`.`Jid` = '12'
GROUP BY `jl`.`Jid`
============================

==============================
2026-08-11 10:31:39 | START
Array
(
    [resumePath] => D:/xampp/htdocs/REC/atscheck/modal/CAND12_20260811103139172.pdf
    [vacancy] => 12
)

==============================
2026-08-11 10:31:39 | PDF_EXTRACT_SUCCESS
SHIJI	 M	 K	 	
MANAGER	 HUMAN	 RESOURCES	 	
 
 
 
 
 
 
 
 	
C O N T A C T	 	
+91	 7550080350	 	
 	
mkshiji0809@gmail.com	 	
 	
Padmam VSV Apartment, 
Second	 Main	 Road,Gandhi 	
Nagar, Adyar, Chennai.	 	
 	
E X P E R I E N C E	 	
 	
HR	 Management	 & Compliance 	
Rewards and Recognition 
Grievance	 Management	 	
MIS	 Reporting	 & Documentation 	
Pay Roll Management	 	
Exit	 Interviews	 & Separation 	
Training & Development 
Employee	 Engagement 	
Recruitment	 	
Maintaining	 Employee	 Relation	 	
L A N G U A G E S	 	
English	 (Fluent) 	
Tamil	 (Fl	uent) 	
Malayalam(	 Fluent) 	
Hindi	 (Intermediate)	 	
 
 	
R E F E R E N C E	 	
 	
Ms. Lakshmi	 	
Chief	 Human	 Resource Officer	 	
Phone:	 +91 97314 11772	 	
 	
P R O F I L E	 	
After  an  exhilarating  journey  as  a  medical  professional,  I  made  the  bold  leap 
into	 Human	 Resources,	 driven	 by	 my	 passion	 for	 learning	 and	 a desire	 to make 	
an	 impact.	 Now,	 seven	 years	 into	 my	 HR	 career,	 I thrive	 on	 the	 challenges
==============================
2026-08-11 10:31:39 | EXPERIENCE_DETAILS
Array
(
    [jobs] => Array
        (
            [0] => Array
                (
                    [from] => 2022 jan
                    [to] => 2024 jan
                    [years] => 2
                    [months] => 0
                )

            [1] => Array
                (
                    [from] => 2019 jan
                    [to] => 2021 jan
                    [years] => 2
                    [months] => 0
                )

            [2] => Array
                (
                    [from] => 2008 jan
                    [to] => 2011 jan
                    [years] => 3
                    [months] => 0
                )

            [3] => Array
                (
                    [from] => 2006 jan
                    [to] => 2008 jan
                    [years] => 2
                    [months] => 0
                )

            [4] => Array
                (
                    [from] => 2005 jan
                    [to] => 2006 jan
                    [years] => 1
                    [months] => 0
                )

        )

    [total] => 10 Years 0 Months
)

==============================
2026-08-11 10:31:39 | RAW_RESUME_TEXT
shiji	 m	 k	 	
manager	 human	 resources	 	
 
 
 
 
 
 
 
 	
c o n t a c t	 	
+91	 7550080350	 	
 	
mkshiji0809@gmail.com	 	
 	
padmam vsv apartment, 
second	 main	 road,gandhi 	
nagar, adyar, chennai.	 	
 	
e x p e r i e n c e	 	
 	
hr	 management	 & compliance 	
rewards and recognition 
grievance	 management	 	
mis	 reporting	 & documentation 	
pay roll management	 	
exit	 interviews	 & separation 	
training & development 
employee	 engagement 	
recruitment	 	
maintaining	 employee	 relation	 	
l a n g u a g e s	 	
english	 (fluent) 	
tamil	 (fl	uent) 	
malayalam(	 fluent) 	
hindi	 (intermediate)	 	
 
 	
r e f e r e n c e	 	
 	
ms. lakshmi	 	
chief	 human	 resource officer	 	
phone:	 +91 97314 11772	 	
 	
p r o f i l e	 	
after  an  exhilarating  journey  as  a  medical  professional,  i  made  the  bold  leap 
into	 human	 resources,	 driven	 by	 my	 passion	 for	 learning	 and	 a desire	 to make 	
an	 impact.	 now,	 seven	 years	 into	 my	 hr	 career,	 i thrive	 on	 the	 challenges	 and 	
opportunities  that  come  my  way.  my  track  record  demonstrates  my  ability  to 
achieve outstanding results, and my eagerness to learn and grow 	further fuels 	
my excitement for the future in this dynamic field!	 	
w o r k	 e x p e r i e n c e	 	
sindoori	 management	 solutions	 private	 limited,	 chennai.	 	
manager 	– human resources	 	sep’25	 - present 	
hr strategy & leadership 	– driving hr strategy across 50 units pan india, 	
leading 25 unit hrs and ensuring seamless coordination, guidance and	 	
alignment with organizational goals.	 	
payroll	 processing	 – managing	 end	-to-end	 payroll	 operations	 for	 8,000+ 	
employees across pan india.	 	
talent acquisition & workforce planning 
compensation & benefit analysis 
performance	 management	 	
skilled	 in personnel	 management	 	
employee	 engagement	 & retention	 (across	 pan	 india) 	
hr analytics & reporting	 	
hxplain	 digital	 health	 technology	 solutions	 private	 limited,	 tn. 	
assistant manager
==============================
2026-08-11 10:31:39 | Email
mkshiji0809@gmail.com
==============================
2026-08-11 10:31:39 | name
Shiji M K
==============================
2026-08-11 10:31:39 | mobileno
7550080350
==============================
2026-08-11 10:31:39 | expyrs
0
==============================
2026-08-11 10:31:39 | Input skills

==============================
2026-08-11 10:31:39 | Skills
Array
(
)

============================
2026-08-11 10:31:39 | vacancy
Array
(
    [Jid] => 12
    [JobCode] => JOB-2026-0009
    [JobTitle] => dummy
    [RoleSummary] => dummy
    [Did] => 3
    [EmploymentType] => Full-Time
    [WorkMode] => Onsite
    [EducationRequired] => Bachelor Degree
    [ExpMin] => 0
    [ExpMax] => 0
    [SalMin] => 0
    [SalMax] => 0
    [Currency] => INR
    [NoofOpenings] => 1
    [JobStatus] => Open
    [JobDescription] => dfd
    [Responsibilities] => dfd
    [Qualifications] => 
    [JobLocation] => 
    [CommunicationLang] => 
    [PostedOn] => 2026-08-11 10:30:30
    [UpdatedOn] => 2026-08-11 10:31:13
    [ExpiryDate] => 
    [TargetOnboardingDate] => 
    [Salary] => 
    [PostedBy] => 16
    [SkillScore] => 0
    [EducationScore] => 0
    [ExperienceScore] => 0
    [ProjectScore] => 0
    [CertificationScore] => 0
    [ResumeQualityScore] => 0
    [DomainKnowledgeScore] => 0
    [CtcApproverId] => 
    [AssignedRecruiterManagerId] => 17
    [RequiredSkills] => 
)

============================

============================
2026-08-11 10:31:39 | FINAL RESULT RETURN
Array
(
    [score] => 35
    [status] => Rejected
    [email] => mkshiji0809@gmail.com
    [name] => Shiji M K
    [mobileNumbers] => 7550080350
    [expyrs] => 0
    [experience_details] => Array
        (
            [jobs] => Array
                (
                    [0] => Array
                        (
                            [from] => 2022 jan
                            [to] => 2024 jan
                            [years] => 2
                            [months] => 0
                        )

                    [1] => Array
                        (
                            [from] => 2019 jan
                            [to] => 2021 jan
                            [years] => 2
                            [months] => 0
                        )

                    [2] => Array
                        (
                            [from] => 2008 jan
                            [to] => 2011 jan
                            [years] => 3
                            [months] => 0
                        )

                    [3] => Array
                        (
                            [from] => 2006 jan
                            [to] => 2008 jan
                            [years] => 2
                            [months] => 0
                        )

                    [4] => Array
                        (
                            [from] => 2005 jan
                            [to] => 2006 jan
                            [years] => 1
                            [months] => 0
                        )

                )

            [total] => 10 Years 0 Months
        )

    [domain] => Fintech
    [matched_skills] => 
    [education_match] => Yes
    [experience] => Yes
    [score_breakdown] => Array
        (
            [skills] => 0
            [education] => 10
            [experience] => 10
            [projects] => 5
            [certifications] => 0
            [resume_quality] => 5
            [domain_knowledge] => 5
        )

)

============================

============================
2026-08-11 10:59:53 | vacancy
SELECT jl.*, GROUP_CONCAT(s.SkillName ORDER BY s.SkillName SEPARATOR ', ') AS RequiredSkills
FROM `IHRJobsList` `jl`
LEFT JOIN `JobSkills` `js` ON `js`.`Jid` = `jl`.`Jid`
LEFT JOIN `IHSkills` `s` ON `s`.`SkillId` = `js`.`SkillId`
WHERE `jl`.`Jid` = '4'
GROUP BY `jl`.`Jid`
============================

==============================
2026-08-11 10:59:53 | START
Array
(
    [resumePath] => D:/xampp/htdocs/REC/atscheck/modal/CAND4_20260811105953303.pdf
    [vacancy] => 4
)

==============================
2026-08-11 10:59:53 | PDF_EXTRACT_SUCCESS
SHIJI	 M	 K	 	
MANAGER	 HUMAN	 RESOURCES	 	
 
 
 
 
 
 
 
 	
C O N T A C T	 	
+91	 7550080350	 	
 	
mkshiji0809@gmail.com	 	
 	
Padmam VSV Apartment, 
Second	 Main	 Road,Gandhi 	
Nagar, Adyar, Chennai.	 	
 	
E X P E R I E N C E	 	
 	
HR	 Management	 & Compliance 	
Rewards and Recognition 
Grievance	 Management	 	
MIS	 Reporting	 & Documentation 	
Pay Roll Management	 	
Exit	 Interviews	 & Separation 	
Training & Development 
Employee	 Engagement 	
Recruitment	 	
Maintaining	 Employee	 Relation	 	
L A N G U A G E S	 	
English	 (Fluent) 	
Tamil	 (Fl	uent) 	
Malayalam(	 Fluent) 	
Hindi	 (Intermediate)	 	
 
 	
R E F E R E N C E	 	
 	
Ms. Lakshmi	 	
Chief	 Human	 Resource Officer	 	
Phone:	 +91 97314 11772	 	
 	
P R O F I L E	 	
After  an  exhilarating  journey  as  a  medical  professional,  I  made  the  bold  leap 
into	 Human	 Resources,	 driven	 by	 my	 passion	 for	 learning	 and	 a desire	 to make 	
an	 impact.	 Now,	 seven	 years	 into	 my	 HR	 career,	 I thrive	 on	 the	 challenges
==============================
2026-08-11 10:59:53 | EXPERIENCE_DETAILS
Array
(
    [jobs] => Array
        (
            [0] => Array
                (
                    [from] => 2022 jan
                    [to] => 2024 jan
                    [years] => 2
                    [months] => 0
                )

            [1] => Array
                (
                    [from] => 2019 jan
                    [to] => 2021 jan
                    [years] => 2
                    [months] => 0
                )

            [2] => Array
                (
                    [from] => 2008 jan
                    [to] => 2011 jan
                    [years] => 3
                    [months] => 0
                )

            [3] => Array
                (
                    [from] => 2006 jan
                    [to] => 2008 jan
                    [years] => 2
                    [months] => 0
                )

            [4] => Array
                (
                    [from] => 2005 jan
                    [to] => 2006 jan
                    [years] => 1
                    [months] => 0
                )

        )

    [total] => 10 Years 0 Months
)

==============================
2026-08-11 10:59:53 | RAW_RESUME_TEXT
shiji	 m	 k	 	
manager	 human	 resources	 	
 
 
 
 
 
 
 
 	
c o n t a c t	 	
+91	 7550080350	 	
 	
mkshiji0809@gmail.com	 	
 	
padmam vsv apartment, 
second	 main	 road,gandhi 	
nagar, adyar, chennai.	 	
 	
e x p e r i e n c e	 	
 	
hr	 management	 & compliance 	
rewards and recognition 
grievance	 management	 	
mis	 reporting	 & documentation 	
pay roll management	 	
exit	 interviews	 & separation 	
training & development 
employee	 engagement 	
recruitment	 	
maintaining	 employee	 relation	 	
l a n g u a g e s	 	
english	 (fluent) 	
tamil	 (fl	uent) 	
malayalam(	 fluent) 	
hindi	 (intermediate)	 	
 
 	
r e f e r e n c e	 	
 	
ms. lakshmi	 	
chief	 human	 resource officer	 	
phone:	 +91 97314 11772	 	
 	
p r o f i l e	 	
after  an  exhilarating  journey  as  a  medical  professional,  i  made  the  bold  leap 
into	 human	 resources,	 driven	 by	 my	 passion	 for	 learning	 and	 a desire	 to make 	
an	 impact.	 now,	 seven	 years	 into	 my	 hr	 career,	 i thrive	 on	 the	 challenges	 and 	
opportunities  that  come  my  way.  my  track  record  demonstrates  my  ability  to 
achieve outstanding results, and my eagerness to learn and grow 	further fuels 	
my excitement for the future in this dynamic field!	 	
w o r k	 e x p e r i e n c e	 	
sindoori	 management	 solutions	 private	 limited,	 chennai.	 	
manager 	– human resources	 	sep’25	 - present 	
hr strategy & leadership 	– driving hr strategy across 50 units pan india, 	
leading 25 unit hrs and ensuring seamless coordination, guidance and	 	
alignment with organizational goals.	 	
payroll	 processing	 – managing	 end	-to-end	 payroll	 operations	 for	 8,000+ 	
employees across pan india.	 	
talent acquisition & workforce planning 
compensation & benefit analysis 
performance	 management	 	
skilled	 in personnel	 management	 	
employee	 engagement	 & retention	 (across	 pan	 india) 	
hr analytics & reporting	 	
hxplain	 digital	 health	 technology	 solutions	 private	 limited,	 tn. 	
assistant manager
==============================
2026-08-11 10:59:53 | Email
mkshiji0809@gmail.com
==============================
2026-08-11 10:59:53 | name
Shiji M K
==============================
2026-08-11 10:59:53 | mobileno
7550080350
==============================
2026-08-11 10:59:53 | expyrs
0
==============================
2026-08-11 10:59:53 | Input skills

==============================
2026-08-11 10:59:53 | Skills
Array
(
)

============================
2026-08-11 10:59:53 | vacancy
Array
(
    [Jid] => 4
    [JobCode] => JOB-2026-0003
    [JobTitle] => data engineer
    [RoleSummary] => data  anlaysis
    [Did] => 1
    [EmploymentType] => Full-Time
    [WorkMode] => Onsite
    [EducationRequired] => Bachelor Degree
    [ExpMin] => 2
    [ExpMax] => 3
    [SalMin] => 100000
    [SalMax] => 200000
    [Currency] => INR
    [NoofOpenings] => 1
    [JobStatus] => Open
    [JobDescription] => data engineer
    [Responsibilities] => data engineer to mainthatina and anlysis tht edata
    [Qualifications] => 
    [JobLocation] => 
    [CommunicationLang] => 
    [PostedOn] => 2026-08-10 15:26:39
    [UpdatedOn] => 2026-08-11 10:57:57
    [ExpiryDate] => 1970-01-01
    [TargetOnboardingDate] => 2026-08-31
    [Salary] => 100000 - 200000 LPA
    [PostedBy] => 16
    [SkillScore] => 0
    [EducationScore] => 0
    [ExperienceScore] => 0
    [ProjectScore] => 0
    [CertificationScore] => 0
    [ResumeQualityScore] => 0
    [DomainKnowledgeScore] => 0
    [CtcApproverId] => 
    [AssignedRecruiterManagerId] => 17
    [RequiredSkills] => 
)

============================

============================
2026-08-11 10:59:53 | FINAL RESULT RETURN
Array
(
    [score] => 35
    [status] => Rejected
    [email] => mkshiji0809@gmail.com
    [name] => Shiji M K
    [mobileNumbers] => 7550080350
    [expyrs] => 0
    [experience_details] => Array
        (
            [jobs] => Array
                (
                    [0] => Array
                        (
                            [from] => 2022 jan
                            [to] => 2024 jan
                            [years] => 2
                            [months] => 0
                        )

                    [1] => Array
                        (
                            [from] => 2019 jan
                            [to] => 2021 jan
                            [years] => 2
                            [months] => 0
                        )

                    [2] => Array
                        (
                            [from] => 2008 jan
                            [to] => 2011 jan
                            [years] => 3
                            [months] => 0
                        )

                    [3] => Array
                        (
                            [from] => 2006 jan
                            [to] => 2008 jan
                            [years] => 2
                            [months] => 0
                        )

                    [4] => Array
                        (
                            [from] => 2005 jan
                            [to] => 2006 jan
                            [years] => 1
                            [months] => 0
                        )

                )

            [total] => 10 Years 0 Months
        )

    [domain] => Fintech
    [matched_skills] => 
    [education_match] => Yes
    [experience] => Yes
    [score_breakdown] => Array
        (
            [skills] => 0
            [education] => 10
            [experience] => 10
            [projects] => 5
            [certifications] => 0
            [resume_quality] => 5
            [domain_knowledge] => 5
        )

)

============================

============================
2026-08-11 12:31:18 | vacancy
SELECT jl.*, GROUP_CONCAT(s.SkillName ORDER BY s.SkillName SEPARATOR ', ') AS RequiredSkills
FROM `IHRJobsList` `jl`
LEFT JOIN `JobSkills` `js` ON `js`.`Jid` = `jl`.`Jid`
LEFT JOIN `IHSkills` `s` ON `s`.`SkillId` = `js`.`SkillId`
WHERE `jl`.`Jid` = '4'
GROUP BY `jl`.`Jid`
============================

==============================
2026-08-11 12:31:18 | START
Array
(
    [resumePath] => D:/xampp/htdocs/REC/atscheck/modal/CAND4_20260811123118829.pdf
    [vacancy] => 4
)

==============================
2026-08-11 12:31:18 | PDF_EXTRACT_SUCCESS
EVLYN JANET

 People Operations Lead | HR Operations | Employee Lifecycle & JML Excellence
Phone: 7022384920 | Email: evjane@myyahoo.com

 PROFESSIONAL SUMMARY

 Experienced People Operations and HR professional with 5+ years of progressive experience across global
organisations, specialising in HR Operations, Employee Lifecycle Management, Joiners-Movers-Leavers (JML),
Talent Acquisition support, and HR service delivery. Proven expertise in Leave of Absence (LOA), Absence
Management, Attendance Management, Timesheet Management and HR Case Management within fast-paced,
high-volume environments. Skilled in handling escalations, streamlining HR processes, improving SLA adherence and
partnering with cross-functional stakeholders to deliver seamless employee experiences. Strong background in HR
analytics, compliance, process optimisation, onboarding, workforce coordination and operational governance.

 SKILLS
 
 End-to-end HR Operations
 
 Employee Lifecycle Management
 
 Leave of Absen
==============================
2026-08-11 12:31:18 | EXPERIENCE_DETAILS
Array
(
    [jobs] => Array
        (
            [0] => Array
                (
                    [from] => aug 2024
                    [to] => feb 2025
                    [years] => 0
                    [months] => 6
                )

            [1] => Array
                (
                    [from] => april 2022
                    [to] => june 2024
                    [years] => 2
                    [months] => 2
                )

            [2] => Array
                (
                    [from] => march 2021
                    [to] => april 2022
                    [years] => 1
                    [months] => 1
                )

        )

    [total] => 3 Years 9 Months
)

==============================
2026-08-11 12:31:18 | RAW_RESUME_TEXT
evlyn janet

 people operations lead | hr operations | employee lifecycle & jml excellence
phone: 7022384920 | email: evjane@myyahoo.com

 professional summary

 experienced people operations and hr professional with 5+ years of progressive experience across global
organisations, specialising in hr operations, employee lifecycle management, joiners-movers-leavers (jml),
talent acquisition support, and hr service delivery. proven expertise in leave of absence (loa), absence
management, attendance management, timesheet management and hr case management within fast-paced,
high-volume environments. skilled in handling escalations, streamlining hr processes, improving sla adherence and
partnering with cross-functional stakeholders to deliver seamless employee experiences. strong background in hr
analytics, compliance, process optimisation, onboarding, workforce coordination and operational governance.

 skills
 
 end-to-end hr operations
 
 employee lifecycle management
 
 leave of absence (loa)
 
 absence management
 
 attendance management
 
 timesheet management
 
 hr case management
 
 onboarding & offboarding
 
 ticketing process handling
 
 hris tools – workday, greyhr, keka, servicenow
 
 sop documentation & process improvement
 
 stakeholder & escalation management
 
 hr reporting & analytics
 professional experience
 smith and howard – senior talent & operations specialist | march 2025 – october 2025
 

 managed end-to-end employee lifecycle operations including onboarding, internal transfers, promotions,
compensation revisions, leave administration, exits and hr documentation while ensuring complete compliance
and process accuracy.
 

 handled leave of absence (loa), attendance management and timesheet management activities for employees
across multiple business functions while maintaining sla adherence and operational efficiency.
 
 acted as the primary escalation point for complex hr operational issues, hr case management queries and
emp
==============================
2026-08-11 12:31:18 | Email
evjane@myyahoo.com
==============================
2026-08-11 12:31:18 | name
Evlyn Janet
==============================
2026-08-11 12:31:18 | mobileno
7022384920
==============================
2026-08-11 12:31:18 | expyrs
1
==============================
2026-08-11 12:31:18 | Input skills

==============================
2026-08-11 12:31:18 | Skills
Array
(
)

============================
2026-08-11 12:31:18 | vacancy
Array
(
    [Jid] => 4
    [JobCode] => JOB-2026-0003
    [JobTitle] => data engineer
    [RoleSummary] => data  anlaysis
    [Did] => 1
    [EmploymentType] => Full-Time
    [WorkMode] => Onsite
    [EducationRequired] => Bachelor Degree
    [ExpMin] => 2
    [ExpMax] => 3
    [SalMin] => 100000
    [SalMax] => 200000
    [Currency] => INR
    [NoofOpenings] => 1
    [JobStatus] => Open
    [JobDescription] => data engineer
    [Responsibilities] => data engineer to mainthatina and anlysis tht edata
    [Qualifications] => 
    [JobLocation] => 
    [CommunicationLang] => 
    [PostedOn] => 2026-08-10 15:26:39
    [UpdatedOn] => 2026-08-11 12:18:29
    [ExpiryDate] => 1970-01-01
    [TargetOnboardingDate] => 2026-08-31
    [Salary] => 100000 - 200000 LPA
    [PostedBy] => 16
    [SkillScore] => 0
    [EducationScore] => 0
    [ExperienceScore] => 0
    [ProjectScore] => 0
    [CertificationScore] => 0
    [ResumeQualityScore] => 0
    [DomainKnowledgeScore] => 0
    [CtcApproverId] => 
    [AssignedRecruiterManagerId] => 17
    [HoldUntilDate] => 
    [HoldReminderSentDate] => 
    [RequiredSkills] => 
)

============================

============================
2026-08-11 12:31:18 | FINAL RESULT RETURN
Array
(
    [score] => 30
    [status] => Rejected
    [email] => evjane@myyahoo.com
    [name] => Evlyn Janet
    [mobileNumbers] => 7022384920
    [expyrs] => 1
    [experience_details] => Array
        (
            [jobs] => Array
                (
                    [0] => Array
                        (
                            [from] => aug 2024
                            [to] => feb 2025
                            [years] => 0
                            [months] => 6
                        )

                    [1] => Array
                        (
                            [from] => april 2022
                            [to] => june 2024
                            [years] => 2
                            [months] => 2
                        )

                    [2] => Array
                        (
                            [from] => march 2021
                            [to] => april 2022
                            [years] => 1
                            [months] => 1
                        )

                )

            [total] => 3 Years 9 Months
        )

    [domain] => Fintech
    [matched_skills] => 
    [education_match] => Yes
    [experience] => Yes
    [score_breakdown] => Array
        (
            [skills] => 0
            [education] => 10
            [experience] => 10
            [projects] => 0
            [certifications] => 0
            [resume_quality] => 5
            [domain_knowledge] => 5
        )

)

============================

============================
2026-08-12 11:26:10 | vacancy
SELECT jl.*, GROUP_CONCAT(s.SkillName ORDER BY s.SkillName SEPARATOR ', ') AS RequiredSkills
FROM `IHRJobsList` `jl`
LEFT JOIN `JobSkills` `js` ON `js`.`Jid` = `jl`.`Jid`
LEFT JOIN `IHSkills` `s` ON `s`.`SkillId` = `js`.`SkillId`
WHERE `jl`.`Jid` = '19'
GROUP BY `jl`.`Jid`
============================

==============================
2026-08-12 11:26:10 | START
Array
(
    [resumePath] => D:/xampp/htdocs/REC/atscheck/modal/CAND19_20260812112610521.pdf
    [vacancy] => 19
)

==============================
2026-08-12 11:26:11 | PDF_EXTRACT_SUCCESS
Mohamed Fazil
Full Stack Developer — MERN & PHP Specialist Chennai, Tamil Nadu — +91 7200110489
fazil721655@gmail.com — linkedin.com/in/mohamed-fazil — github.com/fazil
Professional Summary BCA Graduate (2025) and Full Stack Developer with hands-on experience building scalable web applications using
MERN stack and PHP. Skilled in REST API development, JWT authentication, Docker-based deployment, and
responsive UI design. Passionate about clean architecture, performance optimization, and production-ready systems.
Core Competencies •Languages:JavaScript (ES6+), PHP
•Frontend:React.js, Next.js, AngularJS, HTML5, CSS3, Bootstrap, Tailwind CSS
•Backend:Node.js, Express.js, PHP
•Databases:MongoDB, MySQL
•API & Security:RESTful APIs, JWT Authentication, bcrypt, Middleware
•DevOps & Tools:Docker, Git, GitHub, VS Code
•Concepts:MVC Architecture, Responsive Design, Performance Optimization, Component-Based Architecture
Work Experience Inet Secure Labs Pvt Ltd – Software D
==============================
2026-08-12 11:26:11 | EXPERIENCE_DETAILS
Array
(
    [jobs] => Array
        (
        )

    [total] => 0 Years 0 Months
)

==============================
2026-08-12 11:26:11 | RAW_RESUME_TEXT
mohamed fazil
full stack developer — mern & php specialist chennai, tamil nadu — +91 7200110489
fazil721655@gmail.com — linkedin.com/in/mohamed-fazil — github.com/fazil
professional summary bca graduate (2025) and full stack developer with hands-on experience building scalable web applications using
mern stack and php. skilled in rest api development, jwt authentication, docker-based deployment, and
responsive ui design. passionate about clean architecture, performance optimization, and production-ready systems.
core competencies •languages:javascript (es6+), php
•frontend:react.js, next.js, angularjs, html5, css3, bootstrap, tailwind css
•backend:node.js, express.js, php
•databases:mongodb, mysql
•api & security:restful apis, jwt authentication, bcrypt, middleware
•devops & tools:docker, git, github, vs code
•concepts:mvc architecture, responsive design, performance optimization, component-based architecture
work experience inet secure labs pvt ltd – software developerpresent
•contributing to full stack development using mern stack and php
•building rest apis and responsive ui components for real-world applications
•working with docker and git for efficient development workflow
featured pro jects langmaster – full stack e-learning platform
•developed a mern-based platform with lessons, quizzes, and progress tracking
•implemented jwt authentication, bcrypt password security, and protected routes
•designed rest apis for course and user management
•built responsive ui using tailwind css with animations
agri 360 – smart agriculture platform
•built a react.js marketplace for farmers to manage product listings
•integrated weather api for real-time environmental insights
•implemented advanced filtering, search, and location-based features
•optimized performance using react hooks and memoization
resume insight analyzer
•built a custom ats scoring system using php with rule-based nlp logic
•implemented keyword extraction
==============================
2026-08-12 11:26:11 | Email
fazil721655@gmail.com
==============================
2026-08-12 11:26:11 | name
Mohamed Fazil
==============================
2026-08-12 11:26:11 | mobileno
+91 7200110489
==============================
2026-08-12 11:26:11 | expyrs
0
==============================
2026-08-12 11:26:11 | Input skills

==============================
2026-08-12 11:26:11 | Skills
Array
(
)

============================
2026-08-12 11:26:11 | vacancy
Array
(
    [Jid] => 19
    [JobCode] => JOB-2026-0010
    [JobTitle] => frontend developer
    [RoleSummary] => 
    [Did] => 1
    [EmploymentType] => Full-Time
    [WorkMode] => Onsite
    [EducationRequired] => Bachelor Degree
    [ExpMin] => 2
    [ExpMax] => 3
    [SalMin] => 0
    [SalMax] => 0
    [Currency] => INR
    [NoofOpenings] => 1
    [JobStatus] => Open
    [JobDescription] => dddddddddddddddddddddddddddddddddddddddddddddddddddddddddddddddddddddddddddddddd
    [Responsibilities] => dddddddddddddddddddddddddddddddddddddddddddddddddddddddddddddddddddddddddddddddddddddddddddddddddddddddddddddddddddddddddddddddddddddddddddddddddddddddddddddddddddddddddddddddddddddddddddddddddddddddddddddddddddddddddddddddddddddddd
    [Qualifications] => 
    [JobLocation] => 
    [CommunicationLang] => 
    [PostedOn] => 2026-08-12 11:25:52
    [UpdatedOn] => 2026-08-12 11:25:52
    [ExpiryDate] => 
    [TargetOnboardingDate] => 2026-08-31
    [Salary] => 
    [PostedBy] => 17
    [SkillScore] => 0
    [EducationScore] => 0
    [ExperienceScore] => 0
    [ProjectScore] => 0
    [CertificationScore] => 0
    [ResumeQualityScore] => 0
    [DomainKnowledgeScore] => 0
    [CtcApproverId] => 
    [AssignedRecruiterManagerId] => 17
    [HoldUntilDate] => 
    [HoldReminderSentDate] => 
    [RequiredSkills] => 
)

============================

============================
2026-08-12 11:26:11 | FINAL RESULT RETURN
Array
(
    [score] => 25
    [status] => Rejected
    [email] => fazil721655@gmail.com
    [name] => Mohamed Fazil
    [mobileNumbers] => +91 7200110489
    [expyrs] => 0
    [experience_details] => Array
        (
            [jobs] => Array
                (
                )

            [total] => 0 Years 0 Months
        )

    [domain] => Ecommerce
    [matched_skills] => 
    [education_match] => Yes
    [experience] => No
    [score_breakdown] => Array
        (
            [skills] => 0
            [education] => 10
            [experience] => 0
            [projects] => 5
            [certifications] => 0
            [resume_quality] => 5
            [domain_knowledge] => 5
        )

)

============================

============================
2026-08-12 14:08:35 | vacancy
SELECT jl.*, GROUP_CONCAT(s.SkillName ORDER BY s.SkillName SEPARATOR ', ') AS RequiredSkills
FROM `IHRJobsList` `jl`
LEFT JOIN `JobSkills` `js` ON `js`.`Jid` = `jl`.`Jid`
LEFT JOIN `IHSkills` `s` ON `s`.`SkillId` = `js`.`SkillId`
WHERE `jl`.`Jid` = '6'
GROUP BY `jl`.`Jid`
============================

==============================
2026-08-12 14:08:35 | START
Array
(
    [resumePath] => D:/xampp/htdocs/REC/atscheck/modal/CAND6_20260812140835575.pdf
    [vacancy] => 6
)

==============================
2026-08-12 14:08:35 | PDF_EXTRACT_SUCCESS
Mohamed Fazil
Full Stack Developer — MERN & PHP Specialist Chennai, Tamil Nadu — +91 7200110489
fazil721655@gmail.com — linkedin.com/in/mohamed-fazil — github.com/fazil
Professional Summary BCA Graduate (2025) and Full Stack Developer with hands-on experience building scalable web applications using
MERN stack and PHP. Skilled in REST API development, JWT authentication, Docker-based deployment, and
responsive UI design. Passionate about clean architecture, performance optimization, and production-ready systems.
Core Competencies •Languages:JavaScript (ES6+), PHP
•Frontend:React.js, Next.js, AngularJS, HTML5, CSS3, Bootstrap, Tailwind CSS
•Backend:Node.js, Express.js, PHP
•Databases:MongoDB, MySQL
•API & Security:RESTful APIs, JWT Authentication, bcrypt, Middleware
•DevOps & Tools:Docker, Git, GitHub, VS Code
•Concepts:MVC Architecture, Responsive Design, Performance Optimization, Component-Based Architecture
Work Experience Inet Secure Labs Pvt Ltd – Software D
==============================
2026-08-12 14:08:35 | EXPERIENCE_DETAILS
Array
(
    [jobs] => Array
        (
        )

    [total] => 0 Years 0 Months
)

==============================
2026-08-12 14:08:35 | RAW_RESUME_TEXT
mohamed fazil
full stack developer — mern & php specialist chennai, tamil nadu — +91 7200110489
fazil721655@gmail.com — linkedin.com/in/mohamed-fazil — github.com/fazil
professional summary bca graduate (2025) and full stack developer with hands-on experience building scalable web applications using
mern stack and php. skilled in rest api development, jwt authentication, docker-based deployment, and
responsive ui design. passionate about clean architecture, performance optimization, and production-ready systems.
core competencies •languages:javascript (es6+), php
•frontend:react.js, next.js, angularjs, html5, css3, bootstrap, tailwind css
•backend:node.js, express.js, php
•databases:mongodb, mysql
•api & security:restful apis, jwt authentication, bcrypt, middleware
•devops & tools:docker, git, github, vs code
•concepts:mvc architecture, responsive design, performance optimization, component-based architecture
work experience inet secure labs pvt ltd – software developerpresent
•contributing to full stack development using mern stack and php
•building rest apis and responsive ui components for real-world applications
•working with docker and git for efficient development workflow
featured pro jects langmaster – full stack e-learning platform
•developed a mern-based platform with lessons, quizzes, and progress tracking
•implemented jwt authentication, bcrypt password security, and protected routes
•designed rest apis for course and user management
•built responsive ui using tailwind css with animations
agri 360 – smart agriculture platform
•built a react.js marketplace for farmers to manage product listings
•integrated weather api for real-time environmental insights
•implemented advanced filtering, search, and location-based features
•optimized performance using react hooks and memoization
resume insight analyzer
•built a custom ats scoring system using php with rule-based nlp logic
•implemented keyword extraction
==============================
2026-08-12 14:08:35 | Email
fazil721655@gmail.com
==============================
2026-08-12 14:08:35 | name
Mohamed Fazil
==============================
2026-08-12 14:08:35 | mobileno
+91 7200110489
==============================
2026-08-12 14:08:35 | expyrs
0
==============================
2026-08-12 14:08:35 | Input skills

==============================
2026-08-12 14:08:35 | Skills
Array
(
)

============================
2026-08-12 14:08:35 | vacancy
Array
(
    [Jid] => 6
    [JobCode] => JOB-2026-0005
    [JobTitle] => dii
    [RoleSummary] => dii
    [Did] => 1
    [EmploymentType] => Full-Time
    [WorkMode] => Onsite
    [EducationRequired] => Bachelor Degree
    [ExpMin] => 1
    [ExpMax] => 2
    [SalMin] => 0
    [SalMax] => 0
    [Currency] => INR
    [NoofOpenings] => 1
    [JobStatus] => Open
    [JobDescription] => sss
    [Responsibilities] => ssss
    [Qualifications] => 
    [JobLocation] => 
    [CommunicationLang] => 
    [PostedOn] => 2026-08-10 15:50:10
    [UpdatedOn] => 2026-08-12 11:00:44
    [ExpiryDate] => 
    [TargetOnboardingDate] => 2026-09-05
    [Salary] => 0 - 0 LPA
    [PostedBy] => 16
    [SkillScore] => 0
    [EducationScore] => 0
    [ExperienceScore] => 0
    [ProjectScore] => 0
    [CertificationScore] => 0
    [ResumeQualityScore] => 0
    [DomainKnowledgeScore] => 0
    [CtcApproverId] => 
    [AssignedRecruiterManagerId] => 17
    [HoldUntilDate] => 
    [HoldReminderSentDate] => 
    [RequiredSkills] => 
)

============================

============================
2026-08-12 14:08:35 | FINAL RESULT RETURN
Array
(
    [score] => 25
    [status] => Rejected
    [email] => fazil721655@gmail.com
    [name] => Mohamed Fazil
    [mobileNumbers] => +91 7200110489
    [expyrs] => 0
    [experience_details] => Array
        (
            [jobs] => Array
                (
                )

            [total] => 0 Years 0 Months
        )

    [domain] => Ecommerce
    [matched_skills] => 
    [education_match] => Yes
    [experience] => No
    [score_breakdown] => Array
        (
            [skills] => 0
            [education] => 10
            [experience] => 0
            [projects] => 5
            [certifications] => 0
            [resume_quality] => 5
            [domain_knowledge] => 5
        )

)

============================

============================
2026-08-12 14:37:38 | vacancy
SELECT jl.*, GROUP_CONCAT(s.SkillName ORDER BY s.SkillName SEPARATOR ', ') AS RequiredSkills
FROM `IHRJobsList` `jl`
LEFT JOIN `JobSkills` `js` ON `js`.`Jid` = `jl`.`Jid`
LEFT JOIN `IHSkills` `s` ON `s`.`SkillId` = `js`.`SkillId`
WHERE `jl`.`Jid` = '19'
GROUP BY `jl`.`Jid`
============================

==============================
2026-08-12 14:37:38 | START
Array
(
    [resumePath] => D:/xampp/htdocs/REC/atscheck/modal/CAND19_20260812143738227.pdf
    [vacancy] => 19
)

==============================
2026-08-12 14:37:38 | PDF_EXTRACT_SUCCESS
Mohamed Fazil
Full Stack Developer — MERN & PHP Specialist Chennai, Tamil Nadu — +91 7200110489
fazil721655@gmail.com — linkedin.com/in/mohamed-fazil — github.com/fazil
Professional Summary BCA Graduate (2025) and Full Stack Developer with hands-on experience building scalable web applications using
MERN stack and PHP. Skilled in REST API development, JWT authentication, Docker-based deployment, and
responsive UI design. Passionate about clean architecture, performance optimization, and production-ready systems.
Core Competencies •Languages:JavaScript (ES6+), PHP
•Frontend:React.js, Next.js, AngularJS, HTML5, CSS3, Bootstrap, Tailwind CSS
•Backend:Node.js, Express.js, PHP
•Databases:MongoDB, MySQL
•API & Security:RESTful APIs, JWT Authentication, bcrypt, Middleware
•DevOps & Tools:Docker, Git, GitHub, VS Code
•Concepts:MVC Architecture, Responsive Design, Performance Optimization, Component-Based Architecture
Work Experience Inet Secure Labs Pvt Ltd – Software D
==============================
2026-08-12 14:37:38 | EXPERIENCE_DETAILS
Array
(
    [jobs] => Array
        (
        )

    [total] => 0 Years 0 Months
)

==============================
2026-08-12 14:37:38 | RAW_RESUME_TEXT
mohamed fazil
full stack developer — mern & php specialist chennai, tamil nadu — +91 7200110489
fazil721655@gmail.com — linkedin.com/in/mohamed-fazil — github.com/fazil
professional summary bca graduate (2025) and full stack developer with hands-on experience building scalable web applications using
mern stack and php. skilled in rest api development, jwt authentication, docker-based deployment, and
responsive ui design. passionate about clean architecture, performance optimization, and production-ready systems.
core competencies •languages:javascript (es6+), php
•frontend:react.js, next.js, angularjs, html5, css3, bootstrap, tailwind css
•backend:node.js, express.js, php
•databases:mongodb, mysql
•api & security:restful apis, jwt authentication, bcrypt, middleware
•devops & tools:docker, git, github, vs code
•concepts:mvc architecture, responsive design, performance optimization, component-based architecture
work experience inet secure labs pvt ltd – software developerpresent
•contributing to full stack development using mern stack and php
•building rest apis and responsive ui components for real-world applications
•working with docker and git for efficient development workflow
featured pro jects langmaster – full stack e-learning platform
•developed a mern-based platform with lessons, quizzes, and progress tracking
•implemented jwt authentication, bcrypt password security, and protected routes
•designed rest apis for course and user management
•built responsive ui using tailwind css with animations
agri 360 – smart agriculture platform
•built a react.js marketplace for farmers to manage product listings
•integrated weather api for real-time environmental insights
•implemented advanced filtering, search, and location-based features
•optimized performance using react hooks and memoization
resume insight analyzer
•built a custom ats scoring system using php with rule-based nlp logic
•implemented keyword extraction
==============================
2026-08-12 14:37:38 | Email
fazil721655@gmail.com
==============================
2026-08-12 14:37:38 | name
Mohamed Fazil
==============================
2026-08-12 14:37:38 | mobileno
+91 7200110489
==============================
2026-08-12 14:37:38 | expyrs
0
==============================
2026-08-12 14:37:38 | Input skills

==============================
2026-08-12 14:37:38 | Skills
Array
(
)

============================
2026-08-12 14:37:38 | vacancy
Array
(
    [Jid] => 19
    [JobCode] => JOB-2026-0010
    [JobTitle] => frontend developer
    [RoleSummary] => 
    [Did] => 1
    [EmploymentType] => Full-Time
    [WorkMode] => Onsite
    [EducationRequired] => Bachelor Degree
    [ExpMin] => 2
    [ExpMax] => 3
    [SalMin] => 0
    [SalMax] => 0
    [Currency] => INR
    [NoofOpenings] => 1
    [JobStatus] => Open
    [JobDescription] => dddddddddddddddddddddddddddddddddddddddddddddddddddddddddddddddddddddddddddddddd
    [Responsibilities] => dddddddddddddddddddddddddddddddddddddddddddddddddddddddddddddddddddddddddddddddddddddddddddddddddddddddddddddddddddddddddddddddddddddddddddddddddddddddddddddddddddddddddddddddddddddddddddddddddddddddddddddddddddddddddddddddddddddddd
    [Qualifications] => 
    [JobLocation] => 
    [CommunicationLang] => 
    [PostedOn] => 2026-08-12 11:25:52
    [UpdatedOn] => 2026-08-12 12:52:30
    [ExpiryDate] => 
    [TargetOnboardingDate] => 2026-08-31
    [Salary] => 
    [PostedBy] => 17
    [SkillScore] => 0
    [EducationScore] => 0
    [ExperienceScore] => 0
    [ProjectScore] => 0
    [CertificationScore] => 0
    [ResumeQualityScore] => 0
    [DomainKnowledgeScore] => 0
    [CtcApproverId] => 
    [AssignedRecruiterManagerId] => 17
    [HoldUntilDate] => 
    [HoldReminderSentDate] => 
    [RequiredSkills] => 
)

============================

============================
2026-08-12 14:37:38 | FINAL RESULT RETURN
Array
(
    [score] => 25
    [status] => Rejected
    [email] => fazil721655@gmail.com
    [name] => Mohamed Fazil
    [mobileNumbers] => +91 7200110489
    [expyrs] => 0
    [experience_details] => Array
        (
            [jobs] => Array
                (
                )

            [total] => 0 Years 0 Months
        )

    [domain] => Ecommerce
    [matched_skills] => 
    [education_match] => Yes
    [experience] => No
    [score_breakdown] => Array
        (
            [skills] => 0
            [education] => 10
            [experience] => 0
            [projects] => 5
            [certifications] => 0
            [resume_quality] => 5
            [domain_knowledge] => 5
        )

)

============================

============================
2026-08-12 14:38:01 | vacancy
SELECT jl.*, GROUP_CONCAT(s.SkillName ORDER BY s.SkillName SEPARATOR ', ') AS RequiredSkills
FROM `IHRJobsList` `jl`
LEFT JOIN `JobSkills` `js` ON `js`.`Jid` = `jl`.`Jid`
LEFT JOIN `IHSkills` `s` ON `s`.`SkillId` = `js`.`SkillId`
WHERE `jl`.`Jid` = '6'
GROUP BY `jl`.`Jid`
============================

==============================
2026-08-12 14:38:01 | START
Array
(
    [resumePath] => D:/xampp/htdocs/REC/atscheck/modal/CAND6_20260812143801813.pdf
    [vacancy] => 6
)

==============================
2026-08-12 14:38:01 | PDF_EXTRACT_SUCCESS
Mohamed Fazil
Full Stack Developer — MERN & PHP Specialist Chennai, Tamil Nadu — +91 7200110489
fazil721655@gmail.com — linkedin.com/in/mohamed-fazil — github.com/fazil
Professional Summary BCA Graduate (2025) and Full Stack Developer with hands-on experience building scalable web applications using
MERN stack and PHP. Skilled in REST API development, JWT authentication, Docker-based deployment, and
responsive UI design. Passionate about clean architecture, performance optimization, and production-ready systems.
Core Competencies •Languages:JavaScript (ES6+), PHP
•Frontend:React.js, Next.js, AngularJS, HTML5, CSS3, Bootstrap, Tailwind CSS
•Backend:Node.js, Express.js, PHP
•Databases:MongoDB, MySQL
•API & Security:RESTful APIs, JWT Authentication, bcrypt, Middleware
•DevOps & Tools:Docker, Git, GitHub, VS Code
•Concepts:MVC Architecture, Responsive Design, Performance Optimization, Component-Based Architecture
Work Experience Inet Secure Labs Pvt Ltd – Software D
==============================
2026-08-12 14:38:01 | EXPERIENCE_DETAILS
Array
(
    [jobs] => Array
        (
        )

    [total] => 0 Years 0 Months
)

==============================
2026-08-12 14:38:01 | RAW_RESUME_TEXT
mohamed fazil
full stack developer — mern & php specialist chennai, tamil nadu — +91 7200110489
fazil721655@gmail.com — linkedin.com/in/mohamed-fazil — github.com/fazil
professional summary bca graduate (2025) and full stack developer with hands-on experience building scalable web applications using
mern stack and php. skilled in rest api development, jwt authentication, docker-based deployment, and
responsive ui design. passionate about clean architecture, performance optimization, and production-ready systems.
core competencies •languages:javascript (es6+), php
•frontend:react.js, next.js, angularjs, html5, css3, bootstrap, tailwind css
•backend:node.js, express.js, php
•databases:mongodb, mysql
•api & security:restful apis, jwt authentication, bcrypt, middleware
•devops & tools:docker, git, github, vs code
•concepts:mvc architecture, responsive design, performance optimization, component-based architecture
work experience inet secure labs pvt ltd – software developerpresent
•contributing to full stack development using mern stack and php
•building rest apis and responsive ui components for real-world applications
•working with docker and git for efficient development workflow
featured pro jects langmaster – full stack e-learning platform
•developed a mern-based platform with lessons, quizzes, and progress tracking
•implemented jwt authentication, bcrypt password security, and protected routes
•designed rest apis for course and user management
•built responsive ui using tailwind css with animations
agri 360 – smart agriculture platform
•built a react.js marketplace for farmers to manage product listings
•integrated weather api for real-time environmental insights
•implemented advanced filtering, search, and location-based features
•optimized performance using react hooks and memoization
resume insight analyzer
•built a custom ats scoring system using php with rule-based nlp logic
•implemented keyword extraction
==============================
2026-08-12 14:38:01 | Email
fazil721655@gmail.com
==============================
2026-08-12 14:38:01 | name
Mohamed Fazil
==============================
2026-08-12 14:38:01 | mobileno
+91 7200110489
==============================
2026-08-12 14:38:01 | expyrs
0
==============================
2026-08-12 14:38:01 | Input skills

==============================
2026-08-12 14:38:01 | Skills
Array
(
)

============================
2026-08-12 14:38:01 | vacancy
Array
(
    [Jid] => 6
    [JobCode] => JOB-2026-0005
    [JobTitle] => dii
    [RoleSummary] => dii
    [Did] => 1
    [EmploymentType] => Full-Time
    [WorkMode] => Onsite
    [EducationRequired] => Bachelor Degree
    [ExpMin] => 1
    [ExpMax] => 2
    [SalMin] => 0
    [SalMax] => 0
    [Currency] => INR
    [NoofOpenings] => 1
    [JobStatus] => Open
    [JobDescription] => sss
    [Responsibilities] => ssss
    [Qualifications] => 
    [JobLocation] => 
    [CommunicationLang] => 
    [PostedOn] => 2026-08-10 15:50:10
    [UpdatedOn] => 2026-08-12 11:00:44
    [ExpiryDate] => 
    [TargetOnboardingDate] => 2026-09-05
    [Salary] => 0 - 0 LPA
    [PostedBy] => 16
    [SkillScore] => 0
    [EducationScore] => 0
    [ExperienceScore] => 0
    [ProjectScore] => 0
    [CertificationScore] => 0
    [ResumeQualityScore] => 0
    [DomainKnowledgeScore] => 0
    [CtcApproverId] => 
    [AssignedRecruiterManagerId] => 17
    [HoldUntilDate] => 
    [HoldReminderSentDate] => 
    [RequiredSkills] => 
)

============================

============================
2026-08-12 14:38:01 | FINAL RESULT RETURN
Array
(
    [score] => 25
    [status] => Rejected
    [email] => fazil721655@gmail.com
    [name] => Mohamed Fazil
    [mobileNumbers] => +91 7200110489
    [expyrs] => 0
    [experience_details] => Array
        (
            [jobs] => Array
                (
                )

            [total] => 0 Years 0 Months
        )

    [domain] => Ecommerce
    [matched_skills] => 
    [education_match] => Yes
    [experience] => No
    [score_breakdown] => Array
        (
            [skills] => 0
            [education] => 10
            [experience] => 0
            [projects] => 5
            [certifications] => 0
            [resume_quality] => 5
            [domain_knowledge] => 5
        )

)

============================

============================
2026-08-12 14:38:21 | vacancy
SELECT jl.*, GROUP_CONCAT(s.SkillName ORDER BY s.SkillName SEPARATOR ', ') AS RequiredSkills
FROM `IHRJobsList` `jl`
LEFT JOIN `JobSkills` `js` ON `js`.`Jid` = `jl`.`Jid`
LEFT JOIN `IHSkills` `s` ON `s`.`SkillId` = `js`.`SkillId`
WHERE `jl`.`Jid` = '21'
GROUP BY `jl`.`Jid`
============================

==============================
2026-08-12 14:38:21 | START
Array
(
    [resumePath] => D:/xampp/htdocs/REC/atscheck/modal/CAND21_20260812143821715.pdf
    [vacancy] => 21
)

==============================
2026-08-12 14:38:21 | PDF_EXTRACT_SUCCESS
Mohamed Fazil
Full Stack Developer — MERN & PHP Specialist Chennai, Tamil Nadu — +91 7200110489
fazil721655@gmail.com — linkedin.com/in/mohamed-fazil — github.com/fazil
Professional Summary BCA Graduate (2025) and Full Stack Developer with hands-on experience building scalable web applications using
MERN stack and PHP. Skilled in REST API development, JWT authentication, Docker-based deployment, and
responsive UI design. Passionate about clean architecture, performance optimization, and production-ready systems.
Core Competencies •Languages:JavaScript (ES6+), PHP
•Frontend:React.js, Next.js, AngularJS, HTML5, CSS3, Bootstrap, Tailwind CSS
•Backend:Node.js, Express.js, PHP
•Databases:MongoDB, MySQL
•API & Security:RESTful APIs, JWT Authentication, bcrypt, Middleware
•DevOps & Tools:Docker, Git, GitHub, VS Code
•Concepts:MVC Architecture, Responsive Design, Performance Optimization, Component-Based Architecture
Work Experience Inet Secure Labs Pvt Ltd – Software D
==============================
2026-08-12 14:38:21 | EXPERIENCE_DETAILS
Array
(
    [jobs] => Array
        (
        )

    [total] => 0 Years 0 Months
)

==============================
2026-08-12 14:38:21 | RAW_RESUME_TEXT
mohamed fazil
full stack developer — mern & php specialist chennai, tamil nadu — +91 7200110489
fazil721655@gmail.com — linkedin.com/in/mohamed-fazil — github.com/fazil
professional summary bca graduate (2025) and full stack developer with hands-on experience building scalable web applications using
mern stack and php. skilled in rest api development, jwt authentication, docker-based deployment, and
responsive ui design. passionate about clean architecture, performance optimization, and production-ready systems.
core competencies •languages:javascript (es6+), php
•frontend:react.js, next.js, angularjs, html5, css3, bootstrap, tailwind css
•backend:node.js, express.js, php
•databases:mongodb, mysql
•api & security:restful apis, jwt authentication, bcrypt, middleware
•devops & tools:docker, git, github, vs code
•concepts:mvc architecture, responsive design, performance optimization, component-based architecture
work experience inet secure labs pvt ltd – software developerpresent
•contributing to full stack development using mern stack and php
•building rest apis and responsive ui components for real-world applications
•working with docker and git for efficient development workflow
featured pro jects langmaster – full stack e-learning platform
•developed a mern-based platform with lessons, quizzes, and progress tracking
•implemented jwt authentication, bcrypt password security, and protected routes
•designed rest apis for course and user management
•built responsive ui using tailwind css with animations
agri 360 – smart agriculture platform
•built a react.js marketplace for farmers to manage product listings
•integrated weather api for real-time environmental insights
•implemented advanced filtering, search, and location-based features
•optimized performance using react hooks and memoization
resume insight analyzer
•built a custom ats scoring system using php with rule-based nlp logic
•implemented keyword extraction
==============================
2026-08-12 14:38:21 | Email
fazil721655@gmail.com
==============================
2026-08-12 14:38:21 | name
Mohamed Fazil
==============================
2026-08-12 14:38:21 | mobileno
+91 7200110489
==============================
2026-08-12 14:38:21 | expyrs
0
==============================
2026-08-12 14:38:21 | Input skills

==============================
2026-08-12 14:38:21 | Skills
Array
(
)

============================
2026-08-12 14:38:21 | vacancy
Array
(
    [Jid] => 21
    [JobCode] => JOB-2026-0011
    [JobTitle] => Backend Developer
    [RoleSummary] => 
    [Did] => 1
    [EmploymentType] => Full-Time
    [WorkMode] => Onsite
    [EducationRequired] => Bachelor Degree
    [ExpMin] => 2
    [ExpMax] => 3
    [SalMin] => 0
    [SalMax] => 0
    [Currency] => INR
    [NoofOpenings] => 1
    [JobStatus] => Open
    [JobDescription] => kkkkkkkkkkkkkkkkkkkkkkkkkkkkkkkkk
    [Responsibilities] => ddddddddddddddddddddddd
    [Qualifications] => 
    [JobLocation] => 
    [CommunicationLang] => 
    [PostedOn] => 2026-08-12 12:55:39
    [UpdatedOn] => 2026-08-12 13:08:01
    [ExpiryDate] => 1970-01-01
    [TargetOnboardingDate] => 2026-08-31
    [Salary] => 
    [PostedBy] => 17
    [SkillScore] => 0
    [EducationScore] => 0
    [ExperienceScore] => 0
    [ProjectScore] => 0
    [CertificationScore] => 0
    [ResumeQualityScore] => 0
    [DomainKnowledgeScore] => 0
    [CtcApproverId] => 19
    [AssignedRecruiterManagerId] => 17
    [HoldUntilDate] => 
    [HoldReminderSentDate] => 
    [RequiredSkills] => 
)

============================

============================
2026-08-12 14:38:21 | FINAL RESULT RETURN
Array
(
    [score] => 25
    [status] => Rejected
    [email] => fazil721655@gmail.com
    [name] => Mohamed Fazil
    [mobileNumbers] => +91 7200110489
    [expyrs] => 0
    [experience_details] => Array
        (
            [jobs] => Array
                (
                )

            [total] => 0 Years 0 Months
        )

    [domain] => Ecommerce
    [matched_skills] => 
    [education_match] => Yes
    [experience] => No
    [score_breakdown] => Array
        (
            [skills] => 0
            [education] => 10
            [experience] => 0
            [projects] => 5
            [certifications] => 0
            [resume_quality] => 5
            [domain_knowledge] => 5
        )

)

============================

============================
2026-08-12 15:43:12 | vacancy
SELECT jl.*, GROUP_CONCAT(s.SkillName ORDER BY s.SkillName SEPARATOR ', ') AS RequiredSkills
FROM `IHRJobsList` `jl`
LEFT JOIN `JobSkills` `js` ON `js`.`Jid` = `jl`.`Jid`
LEFT JOIN `IHSkills` `s` ON `s`.`SkillId` = `js`.`SkillId`
WHERE `jl`.`Jid` = '28'
GROUP BY `jl`.`Jid`
============================

==============================
2026-08-12 15:43:12 | START
Array
(
    [resumePath] => D:/xampp/htdocs/REC/atscheck/modal/CAND28_20260812154312250.pdf
    [vacancy] => 28
)

==============================
2026-08-12 15:43:12 | PDF_EXTRACT_SUCCESS
Mohamed Fazil
Full Stack Developer — MERN & PHP Specialist Chennai, Tamil Nadu — +91 7200110489
fazil721655@gmail.com — linkedin.com/in/mohamed-fazil — github.com/fazil
Professional Summary BCA Graduate (2025) and Full Stack Developer with hands-on experience building scalable web applications using
MERN stack and PHP. Skilled in REST API development, JWT authentication, Docker-based deployment, and
responsive UI design. Passionate about clean architecture, performance optimization, and production-ready systems.
Core Competencies •Languages:JavaScript (ES6+), PHP
•Frontend:React.js, Next.js, AngularJS, HTML5, CSS3, Bootstrap, Tailwind CSS
•Backend:Node.js, Express.js, PHP
•Databases:MongoDB, MySQL
•API & Security:RESTful APIs, JWT Authentication, bcrypt, Middleware
•DevOps & Tools:Docker, Git, GitHub, VS Code
•Concepts:MVC Architecture, Responsive Design, Performance Optimization, Component-Based Architecture
Work Experience Inet Secure Labs Pvt Ltd – Software D
==============================
2026-08-12 15:43:12 | EXPERIENCE_DETAILS
Array
(
    [jobs] => Array
        (
        )

    [total] => 0 Years 0 Months
)

==============================
2026-08-12 15:43:12 | RAW_RESUME_TEXT
mohamed fazil
full stack developer — mern & php specialist chennai, tamil nadu — +91 7200110489
fazil721655@gmail.com — linkedin.com/in/mohamed-fazil — github.com/fazil
professional summary bca graduate (2025) and full stack developer with hands-on experience building scalable web applications using
mern stack and php. skilled in rest api development, jwt authentication, docker-based deployment, and
responsive ui design. passionate about clean architecture, performance optimization, and production-ready systems.
core competencies •languages:javascript (es6+), php
•frontend:react.js, next.js, angularjs, html5, css3, bootstrap, tailwind css
•backend:node.js, express.js, php
•databases:mongodb, mysql
•api & security:restful apis, jwt authentication, bcrypt, middleware
•devops & tools:docker, git, github, vs code
•concepts:mvc architecture, responsive design, performance optimization, component-based architecture
work experience inet secure labs pvt ltd – software developerpresent
•contributing to full stack development using mern stack and php
•building rest apis and responsive ui components for real-world applications
•working with docker and git for efficient development workflow
featured pro jects langmaster – full stack e-learning platform
•developed a mern-based platform with lessons, quizzes, and progress tracking
•implemented jwt authentication, bcrypt password security, and protected routes
•designed rest apis for course and user management
•built responsive ui using tailwind css with animations
agri 360 – smart agriculture platform
•built a react.js marketplace for farmers to manage product listings
•integrated weather api for real-time environmental insights
•implemented advanced filtering, search, and location-based features
•optimized performance using react hooks and memoization
resume insight analyzer
•built a custom ats scoring system using php with rule-based nlp logic
•implemented keyword extraction
==============================
2026-08-12 15:43:12 | Email
fazil721655@gmail.com
==============================
2026-08-12 15:43:12 | name
Mohamed Fazil
==============================
2026-08-12 15:43:12 | mobileno
+91 7200110489
==============================
2026-08-12 15:43:12 | expyrs
0
==============================
2026-08-12 15:43:12 | Input skills

==============================
2026-08-12 15:43:12 | Skills
Array
(
)

============================
2026-08-12 15:43:12 | vacancy
Array
(
    [Jid] => 28
    [JobCode] => JOB-2026-0007
    [JobTitle] => ww
    [RoleSummary] => 
    [Did] => 1
    [EmploymentType] => Full-Time
    [WorkMode] => Onsite
    [EducationRequired] => Bachelor Degree
    [ExpMin] => 0.00
    [ExpMax] => 0.00
    [SalMin] => 0
    [SalMax] => 0
    [Currency] => INR
    [NoofOpenings] => 1
    [JobStatus] => Open
    [JobDescription] => wwwww
    [Responsibilities] => wwwwwwwww
    [Qualifications] => 
    [JobLocation] => 
    [CommunicationLang] => 
    [PostedOn] => 2026-08-12 15:41:40
    [UpdatedOn] => 2026-08-12 15:42:01
    [ExpiryDate] => 
    [TargetOnboardingDate] => 2026-08-26
    [Salary] => 
    [PostedBy] => 17
    [SkillScore] => 0
    [EducationScore] => 0
    [ExperienceScore] => 0
    [ProjectScore] => 0
    [CertificationScore] => 0
    [ResumeQualityScore] => 0
    [DomainKnowledgeScore] => 0
    [CtcApproverId] => 
    [AssignedRecruiterManagerId] => 17
    [HoldUntilDate] => 
    [HoldReminderSentDate] => 
    [RequiredSkills] => 
)

============================

============================
2026-08-12 15:43:12 | FINAL RESULT RETURN
Array
(
    [score] => 25
    [status] => Rejected
    [email] => fazil721655@gmail.com
    [name] => Mohamed Fazil
    [mobileNumbers] => +91 7200110489
    [expyrs] => 0
    [experience_details] => Array
        (
            [jobs] => Array
                (
                )

            [total] => 0 Years 0 Months
        )

    [domain] => Ecommerce
    [matched_skills] => 
    [education_match] => Yes
    [experience] => Yes
    [score_breakdown] => Array
        (
            [skills] => 0
            [education] => 10
            [experience] => 0
            [projects] => 5
            [certifications] => 0
            [resume_quality] => 5
            [domain_knowledge] => 5
        )

)

============================

============================
2026-08-12 18:13:59 | vacancy
SELECT jl.*, GROUP_CONCAT(s.SkillName ORDER BY s.SkillName SEPARATOR ', ') AS RequiredSkills
FROM `IHRJobsList` `jl`
LEFT JOIN `JobSkills` `js` ON `js`.`Jid` = `jl`.`Jid`
LEFT JOIN `IHSkills` `s` ON `s`.`SkillId` = `js`.`SkillId`
WHERE `jl`.`Jid` = '10'
GROUP BY `jl`.`Jid`
============================

==============================
2026-08-12 18:13:59 | START
Array
(
    [resumePath] => D:/xampp/htdocs/REC/atscheck/modal/CAND10_20260812181359262.pdf
    [vacancy] => 10
)

==============================
2026-08-12 18:13:59 | PDF_EXTRACT_SUCCESS
Mohamed Fazil
Full Stack Developer — MERN & PHP Specialist Chennai, Tamil Nadu — +91 7200110489
fazil721655@gmail.com — linkedin.com/in/mohamed-fazil — github.com/fazil
Professional Summary BCA Graduate (2025) and Full Stack Developer with hands-on experience building scalable web applications using
MERN stack and PHP. Skilled in REST API development, JWT authentication, Docker-based deployment, and
responsive UI design. Passionate about clean architecture, performance optimization, and production-ready systems.
Core Competencies •Languages:JavaScript (ES6+), PHP
•Frontend:React.js, Next.js, AngularJS, HTML5, CSS3, Bootstrap, Tailwind CSS
•Backend:Node.js, Express.js, PHP
•Databases:MongoDB, MySQL
•API & Security:RESTful APIs, JWT Authentication, bcrypt, Middleware
•DevOps & Tools:Docker, Git, GitHub, VS Code
•Concepts:MVC Architecture, Responsive Design, Performance Optimization, Component-Based Architecture
Work Experience Inet Secure Labs Pvt Ltd – Software D
==============================
2026-08-12 18:13:59 | EXPERIENCE_DETAILS
Array
(
    [jobs] => Array
        (
        )

    [total] => 0 Years 0 Months
)

==============================
2026-08-12 18:13:59 | RAW_RESUME_TEXT
mohamed fazil
full stack developer — mern & php specialist chennai, tamil nadu — +91 7200110489
fazil721655@gmail.com — linkedin.com/in/mohamed-fazil — github.com/fazil
professional summary bca graduate (2025) and full stack developer with hands-on experience building scalable web applications using
mern stack and php. skilled in rest api development, jwt authentication, docker-based deployment, and
responsive ui design. passionate about clean architecture, performance optimization, and production-ready systems.
core competencies •languages:javascript (es6+), php
•frontend:react.js, next.js, angularjs, html5, css3, bootstrap, tailwind css
•backend:node.js, express.js, php
•databases:mongodb, mysql
•api & security:restful apis, jwt authentication, bcrypt, middleware
•devops & tools:docker, git, github, vs code
•concepts:mvc architecture, responsive design, performance optimization, component-based architecture
work experience inet secure labs pvt ltd – software developerpresent
•contributing to full stack development using mern stack and php
•building rest apis and responsive ui components for real-world applications
•working with docker and git for efficient development workflow
featured pro jects langmaster – full stack e-learning platform
•developed a mern-based platform with lessons, quizzes, and progress tracking
•implemented jwt authentication, bcrypt password security, and protected routes
•designed rest apis for course and user management
•built responsive ui using tailwind css with animations
agri 360 – smart agriculture platform
•built a react.js marketplace for farmers to manage product listings
•integrated weather api for real-time environmental insights
•implemented advanced filtering, search, and location-based features
•optimized performance using react hooks and memoization
resume insight analyzer
•built a custom ats scoring system using php with rule-based nlp logic
•implemented keyword extraction
==============================
2026-08-12 18:13:59 | Email
fazil721655@gmail.com
==============================
2026-08-12 18:13:59 | name
Mohamed Fazil
==============================
2026-08-12 18:13:59 | mobileno
+91 7200110489
==============================
2026-08-12 18:13:59 | expyrs
0
==============================
2026-08-12 18:13:59 | Input skills

==============================
2026-08-12 18:13:59 | Skills
Array
(
)

============================
2026-08-12 18:13:59 | vacancy
Array
(
    [Jid] => 10
    [JobCode] => JOB-2026-0008
    [JobTitle] => du
    [RoleSummary] => du
    [Did] => 1
    [EmploymentType] => Full-Time
    [WorkMode] => Onsite
    [EducationRequired] => Bachelor Degree
    [ExpMin] => 0.00
    [ExpMax] => 0.00
    [SalMin] => 0
    [SalMax] => 0
    [Currency] => INR
    [NoofOpenings] => 1
    [JobStatus] => Open
    [JobDescription] => d
    [Responsibilities] => d
    [Qualifications] => 
    [JobLocation] => 
    [CommunicationLang] => 
    [PostedOn] => 2026-08-10 18:14:52
    [UpdatedOn] => 2026-08-11 13:33:30
    [ExpiryDate] => 1970-01-01
    [TargetOnboardingDate] => 
    [Salary] => 
    [PostedBy] => 16
    [SkillScore] => 0
    [EducationScore] => 0
    [ExperienceScore] => 0
    [ProjectScore] => 0
    [CertificationScore] => 0
    [ResumeQualityScore] => 0
    [DomainKnowledgeScore] => 0
    [CtcApproverId] => 17
    [AssignedRecruiterManagerId] => 17
    [HoldUntilDate] => 
    [HoldReminderSentDate] => 
    [RequiredSkills] => 
)

============================

============================
2026-08-12 18:13:59 | FINAL RESULT RETURN
Array
(
    [score] => 25
    [status] => Rejected
    [email] => fazil721655@gmail.com
    [name] => Mohamed Fazil
    [mobileNumbers] => +91 7200110489
    [expyrs] => 0
    [experience_details] => Array
        (
            [jobs] => Array
                (
                )

            [total] => 0 Years 0 Months
        )

    [domain] => Ecommerce
    [matched_skills] => 
    [education_match] => Yes
    [experience] => Yes
    [score_breakdown] => Array
        (
            [skills] => 0
            [education] => 10
            [experience] => 0
            [projects] => 5
            [certifications] => 0
            [resume_quality] => 5
            [domain_knowledge] => 5
        )

)

============================

============================
2026-08-13 12:35:32 | vacancy
SELECT jl.*, GROUP_CONCAT(s.SkillName ORDER BY s.SkillName SEPARATOR ', ') AS RequiredSkills
FROM `IHRJobsList` `jl`
LEFT JOIN `JobSkills` `js` ON `js`.`Jid` = `jl`.`Jid`
LEFT JOIN `IHSkills` `s` ON `s`.`SkillId` = `js`.`SkillId`
WHERE `jl`.`Jid` = '30'
GROUP BY `jl`.`Jid`
============================

==============================
2026-08-13 12:35:32 | START
Array
(
    [resumePath] => D:/xampp/htdocs/REC/atscheck/modal/CAND30_20260813123532464.pdf
    [vacancy] => 30
)

==============================
2026-08-13 12:35:32 | PDF_EXTRACT_SUCCESS
Mohamed Fazil
Full Stack Developer — MERN & PHP Specialist Chennai, Tamil Nadu — +91 7200110489
fazil721655@gmail.com — linkedin.com/in/mohamed-fazil — github.com/fazil
Professional Summary BCA Graduate (2025) and Full Stack Developer with hands-on experience building scalable web applications using
MERN stack and PHP. Skilled in REST API development, JWT authentication, Docker-based deployment, and
responsive UI design. Passionate about clean architecture, performance optimization, and production-ready systems.
Core Competencies •Languages:JavaScript (ES6+), PHP
•Frontend:React.js, Next.js, AngularJS, HTML5, CSS3, Bootstrap, Tailwind CSS
•Backend:Node.js, Express.js, PHP
•Databases:MongoDB, MySQL
•API & Security:RESTful APIs, JWT Authentication, bcrypt, Middleware
•DevOps & Tools:Docker, Git, GitHub, VS Code
•Concepts:MVC Architecture, Responsive Design, Performance Optimization, Component-Based Architecture
Work Experience Inet Secure Labs Pvt Ltd – Software D
==============================
2026-08-13 12:35:32 | EXPERIENCE_DETAILS
Array
(
    [jobs] => Array
        (
        )

    [total] => 0 Years 0 Months
)

==============================
2026-08-13 12:35:32 | RAW_RESUME_TEXT
mohamed fazil
full stack developer — mern & php specialist chennai, tamil nadu — +91 7200110489
fazil721655@gmail.com — linkedin.com/in/mohamed-fazil — github.com/fazil
professional summary bca graduate (2025) and full stack developer with hands-on experience building scalable web applications using
mern stack and php. skilled in rest api development, jwt authentication, docker-based deployment, and
responsive ui design. passionate about clean architecture, performance optimization, and production-ready systems.
core competencies •languages:javascript (es6+), php
•frontend:react.js, next.js, angularjs, html5, css3, bootstrap, tailwind css
•backend:node.js, express.js, php
•databases:mongodb, mysql
•api & security:restful apis, jwt authentication, bcrypt, middleware
•devops & tools:docker, git, github, vs code
•concepts:mvc architecture, responsive design, performance optimization, component-based architecture
work experience inet secure labs pvt ltd – software developerpresent
•contributing to full stack development using mern stack and php
•building rest apis and responsive ui components for real-world applications
•working with docker and git for efficient development workflow
featured pro jects langmaster – full stack e-learning platform
•developed a mern-based platform with lessons, quizzes, and progress tracking
•implemented jwt authentication, bcrypt password security, and protected routes
•designed rest apis for course and user management
•built responsive ui using tailwind css with animations
agri 360 – smart agriculture platform
•built a react.js marketplace for farmers to manage product listings
•integrated weather api for real-time environmental insights
•implemented advanced filtering, search, and location-based features
•optimized performance using react hooks and memoization
resume insight analyzer
•built a custom ats scoring system using php with rule-based nlp logic
•implemented keyword extraction
==============================
2026-08-13 12:35:32 | Email
fazil721655@gmail.com
==============================
2026-08-13 12:35:32 | name
Mohamed Fazil
==============================
2026-08-13 12:35:32 | mobileno
+91 7200110489
==============================
2026-08-13 12:35:32 | expyrs
0
==============================
2026-08-13 12:35:32 | Input skills
excel, powerbi
==============================
2026-08-13 12:35:32 | Skills
Array
(
    [0] => excel
    [1] =>  powerbi
)

============================
2026-08-13 12:35:33 | vacancy
Array
(
    [Jid] => 30
    [JobCode] => JOB-2026-0002
    [JobTitle] => executive
    [RoleSummary] => Data engineer
    [Did] => 1
    [EmploymentType] => Full-Time
    [WorkMode] => Onsite
    [EducationRequired] => bca,bsc,btech
    [ExpMin] => 1.00
    [ExpMax] => 2.00
    [SalMin] => 0
    [SalMax] => 0
    [Currency] => INR
    [NoofOpenings] => 1
    [JobStatus] => Open
    [JobDescription] => ssssssssssssssssssssssssssss
    [Responsibilities] => ssssssssssssssssssssssssssss
    [Qualifications] => 
    [JobLocation] => chennai
    [CommunicationLang] => english,hindi
    [PostedOn] => 2026-08-13 11:20:59
    [UpdatedOn] => 2026-08-13 12:34:51
    [ExpiryDate] => 
    [TargetOnboardingDate] => 2026-08-21
    [Salary] => 5 - 10 LPA
    [PostedBy] => 17
    [SkillScore] => 0
    [EducationScore] => 0
    [ExperienceScore] => 0
    [ProjectScore] => 0
    [CertificationScore] => 0
    [ResumeQualityScore] => 0
    [DomainKnowledgeScore] => 0
    [CtcApproverId] => 18
    [AssignedRecruiterManagerId] => 17
    [HoldUntilDate] => 
    [HoldReminderSentDate] => 
    [MustHaveSkills] => 
    [NiceToHaveSkills] => 
    [RequiredSkills] => excel, powerbi
)

============================

============================
2026-08-13 12:35:33 | FINAL RESULT RETURN
Array
(
    [score] => 25
    [status] => Rejected
    [email] => fazil721655@gmail.com
    [name] => Mohamed Fazil
    [mobileNumbers] => +91 7200110489
    [expyrs] => 0
    [experience_details] => Array
        (
            [jobs] => Array
                (
                )

            [total] => 0 Years 0 Months
        )

    [domain] => Ecommerce
    [matched_skills] => 
    [education_match] => Yes
    [experience] => No
    [score_breakdown] => Array
        (
            [skills] => 0
            [education] => 10
            [experience] => 0
            [projects] => 5
            [certifications] => 0
            [resume_quality] => 5
            [domain_knowledge] => 5
        )

)

============================

==============================
2026-08-13 09:21:09 | START
Array
(
    [resumePath] => d:/xampp/htdocs/REC/atscheck/modal/CAND10_20260811102838262.pdf
    [vacancyId] => 1
    [jobTitle] => HR Recruiter
)

==============================
2026-08-13 09:21:09 | PDF_EXTRACT_SUCCESS
SHIJI	 M	 K	 	
MANAGER	 HUMAN	 RESOURCES	 	
 
 
 
 
 
 
 
 	
C O N T A C T	 	
+91	 7550080350	 	
 	
mkshiji0809@gmail.com	 	
 	
Padmam VSV Apartment, 
Second	 Main	 Road,Gandhi 	
Nagar, Adyar, Chennai.	 	
 	
E X P E R I E N C E	 	
 	
HR	 Management	 & Compliance 	
Rewards and Recognition 
Grievance	 Management	 	
MIS	 Reporting	 & Documentation 	
Pay Roll Management	 	
Exit	 Interviews	 & Separation 	
Training & Development 
Employee	 Engagement 	
Recruitment	 	
Maintaining	 Employee	 Relation	 	
L A N G U A G E S	 	
English	 (Fluent) 	
Tamil	 (Fl	uent) 	
Malayalam(	 Fluent) 	
Hindi	 (Intermediate)	 	
 
 	
R E F E R E N C E	 	
 	
Ms. Lakshmi	 	
Chief	 Human	 Resource Officer	 	
Phone:	 +91 97314 11772	 	
 	
P R O F I L E	 	
After  an  exhilarating  journey  as  a  medical  professional,  I  made  the  bold  leap 
into	 Human	 Resources,	 driven	 by	 my	 passion	 for	 learning	 and	 a desire	 to make 	
an	 impact.	 Now,	 seven	 years	 into	 my	 HR	 career,	 I thrive	 on	 the	 challenges
==============================
2026-08-13 09:21:09 | RAW_RESUME_TEXT
shiji	 m	 k	 	
manager	 human	 resources	 	
 
 
 
 
 
 
 
 	
c o n t a c t	 	
+91	 7550080350	 	
 	
mkshiji0809@gmail.com	 	
 	
padmam vsv apartment, 
second	 main	 road,gandhi 	
nagar, adyar, chennai.	 	
 	
e x p e r i e n c e	 	
 	
hr	 management	 & compliance 	
rewards and recognition 
grievance	 management	 	
mis	 reporting	 & documentation 	
pay roll management	 	
exit	 interviews	 & separation 	
training & development 
employee	 engagement 	
recruitment	 	
maintaining	 employee	 relation	 	
l a n g u a g e s	 	
english	 (fluent) 	
tamil	 (fl	uent) 	
malayalam(	 fluent) 	
hindi	 (intermediate)	 	
 
 	
r e f e r e n c e	 	
 	
ms. lakshmi	 	
chief	 human	 resource officer	 	
phone:	 +91 97314 11772	 	
 	
p r o f i l e	 	
after  an  exhilarating  journey  as  a  medical  professional,  i  made  the  bold  leap 
into	 human	 resources,	 driven	 by	 my	 passion	 for	 learning	 and	 a desire	 to make 	
an	 impact.	 now,	 seven	 years	 into	 my	 hr	 career,	 i thrive	 on	 the	 challenges	 and 	
opportunities  that  come  my  way.  my  track  record  demonstrates  my  ability  to 
achieve outstanding results, and my eagerness to learn and grow 	further fuels 	
my excitement for the future in this dynamic field!	 	
w o r k	 e x p e r i e n c e	 	
sindoori	 management	 solutions	 private	 limited,	 chennai.	 	
manager 	– human resources	 	sep’25	 - present 	
hr strategy & leadership 	– driving hr strategy across 50 units pan india, 	
leading 25 unit hrs and ensuring seamless coordination, guidance and	 	
alignment with organizational goals.	 	
payroll	 processing	 – managing	 end	-to-end	 payroll	 operations	 for	 8,000+ 	
employees across pan india.	 	
talent acquisition & workforce planning 
compensation & benefit analysis 
performance	 management	 	
skilled	 in personnel	 management	 	
employee	 engagement	 & retention	 (across	 pan	 india) 	
hr analytics & reporting	 	
hxplain	 digital	 health	 technology	 solutions	 private	 limited,	 tn. 	
assistant manager
==============================
2026-08-13 09:21:09 | EXPERIENCE_DETAILS
Array
(
    [jobs] => Array
        (
            [0] => Array
                (
                    [from] => 2022 jan
                    [to] => 2024 jan
                    [years] => 2
                    [months] => 0
                )

            [1] => Array
                (
                    [from] => 2019 jan
                    [to] => 2021 jan
                    [years] => 2
                    [months] => 0
                )

            [2] => Array
                (
                    [from] => 2008 jan
                    [to] => 2011 jan
                    [years] => 3
                    [months] => 0
                )

            [3] => Array
                (
                    [from] => 2006 jan
                    [to] => 2008 jan
                    [years] => 2
                    [months] => 0
                )

            [4] => Array
                (
                    [from] => 2005 jan
                    [to] => 2006 jan
                    [years] => 1
                    [months] => 0
                )

        )

    [total] => 10 Years 0 Months
)

==============================
2026-08-13 09:21:09 | Email
mkshiji0809@gmail.com
==============================
2026-08-13 09:21:09 | Name
Shiji M K
==============================
2026-08-13 09:21:09 | Mobile
7550080350
==============================
2026-08-13 09:21:09 | ExperienceYears
10
==============================
2026-08-13 09:21:09 | RECOMMENDATION_ANALYSIS
Array
(
    [matchedSkillsCount] => 3
    [requiredSkillsCount] => 4
    [candidateExp] => 10
    [minExpRequired] => 2
    [eduMatch] => 1
)

==============================
2026-08-13 09:21:09 | RECOMMENDATION
Recommended
==============================
2026-08-13 09:21:09 | RECOMMENDATION_REASON
The candidate's profile aligns well with the requirements of HR Recruiter. They possess 10 years of relevant experience and demonstrate key skills in Recruitment, Talent Acquisition, Interviewing. Their background provides concrete evidence for strong candidate suitability.
==============================
2026-08-13 09:21:09 | START
Array
(
    [resumePath] => d:/xampp/htdocs/REC/atscheck/modal/CAND10_20260811102838262.pdf
    [vacancyId] => 2
    [jobTitle] => PHP Developer
)

==============================
2026-08-13 09:21:09 | PDF_EXTRACT_SUCCESS
SHIJI	 M	 K	 	
MANAGER	 HUMAN	 RESOURCES	 	
 
 
 
 
 
 
 
 	
C O N T A C T	 	
+91	 7550080350	 	
 	
mkshiji0809@gmail.com	 	
 	
Padmam VSV Apartment, 
Second	 Main	 Road,Gandhi 	
Nagar, Adyar, Chennai.	 	
 	
E X P E R I E N C E	 	
 	
HR	 Management	 & Compliance 	
Rewards and Recognition 
Grievance	 Management	 	
MIS	 Reporting	 & Documentation 	
Pay Roll Management	 	
Exit	 Interviews	 & Separation 	
Training & Development 
Employee	 Engagement 	
Recruitment	 	
Maintaining	 Employee	 Relation	 	
L A N G U A G E S	 	
English	 (Fluent) 	
Tamil	 (Fl	uent) 	
Malayalam(	 Fluent) 	
Hindi	 (Intermediate)	 	
 
 	
R E F E R E N C E	 	
 	
Ms. Lakshmi	 	
Chief	 Human	 Resource Officer	 	
Phone:	 +91 97314 11772	 	
 	
P R O F I L E	 	
After  an  exhilarating  journey  as  a  medical  professional,  I  made  the  bold  leap 
into	 Human	 Resources,	 driven	 by	 my	 passion	 for	 learning	 and	 a desire	 to make 	
an	 impact.	 Now,	 seven	 years	 into	 my	 HR	 career,	 I thrive	 on	 the	 challenges
==============================
2026-08-13 09:21:09 | RAW_RESUME_TEXT
shiji	 m	 k	 	
manager	 human	 resources	 	
 
 
 
 
 
 
 
 	
c o n t a c t	 	
+91	 7550080350	 	
 	
mkshiji0809@gmail.com	 	
 	
padmam vsv apartment, 
second	 main	 road,gandhi 	
nagar, adyar, chennai.	 	
 	
e x p e r i e n c e	 	
 	
hr	 management	 & compliance 	
rewards and recognition 
grievance	 management	 	
mis	 reporting	 & documentation 	
pay roll management	 	
exit	 interviews	 & separation 	
training & development 
employee	 engagement 	
recruitment	 	
maintaining	 employee	 relation	 	
l a n g u a g e s	 	
english	 (fluent) 	
tamil	 (fl	uent) 	
malayalam(	 fluent) 	
hindi	 (intermediate)	 	
 
 	
r e f e r e n c e	 	
 	
ms. lakshmi	 	
chief	 human	 resource officer	 	
phone:	 +91 97314 11772	 	
 	
p r o f i l e	 	
after  an  exhilarating  journey  as  a  medical  professional,  i  made  the  bold  leap 
into	 human	 resources,	 driven	 by	 my	 passion	 for	 learning	 and	 a desire	 to make 	
an	 impact.	 now,	 seven	 years	 into	 my	 hr	 career,	 i thrive	 on	 the	 challenges	 and 	
opportunities  that  come  my  way.  my  track  record  demonstrates  my  ability  to 
achieve outstanding results, and my eagerness to learn and grow 	further fuels 	
my excitement for the future in this dynamic field!	 	
w o r k	 e x p e r i e n c e	 	
sindoori	 management	 solutions	 private	 limited,	 chennai.	 	
manager 	– human resources	 	sep’25	 - present 	
hr strategy & leadership 	– driving hr strategy across 50 units pan india, 	
leading 25 unit hrs and ensuring seamless coordination, guidance and	 	
alignment with organizational goals.	 	
payroll	 processing	 – managing	 end	-to-end	 payroll	 operations	 for	 8,000+ 	
employees across pan india.	 	
talent acquisition & workforce planning 
compensation & benefit analysis 
performance	 management	 	
skilled	 in personnel	 management	 	
employee	 engagement	 & retention	 (across	 pan	 india) 	
hr analytics & reporting	 	
hxplain	 digital	 health	 technology	 solutions	 private	 limited,	 tn. 	
assistant manager
==============================
2026-08-13 09:21:09 | EXPERIENCE_DETAILS
Array
(
    [jobs] => Array
        (
            [0] => Array
                (
                    [from] => 2022 jan
                    [to] => 2024 jan
                    [years] => 2
                    [months] => 0
                )

            [1] => Array
                (
                    [from] => 2019 jan
                    [to] => 2021 jan
                    [years] => 2
                    [months] => 0
                )

            [2] => Array
                (
                    [from] => 2008 jan
                    [to] => 2011 jan
                    [years] => 3
                    [months] => 0
                )

            [3] => Array
                (
                    [from] => 2006 jan
                    [to] => 2008 jan
                    [years] => 2
                    [months] => 0
                )

            [4] => Array
                (
                    [from] => 2005 jan
                    [to] => 2006 jan
                    [years] => 1
                    [months] => 0
                )

        )

    [total] => 10 Years 0 Months
)

==============================
2026-08-13 09:21:09 | Email
mkshiji0809@gmail.com
==============================
2026-08-13 09:21:09 | Name
Shiji M K
==============================
2026-08-13 09:21:09 | Mobile
7550080350
==============================
2026-08-13 09:21:09 | ExperienceYears
10
==============================
2026-08-13 09:21:09 | RECOMMENDATION_ANALYSIS
Array
(
    [matchedSkillsCount] => 0
    [requiredSkillsCount] => 5
    [candidateExp] => 10
    [minExpRequired] => 3
    [eduMatch] => 
)

==============================
2026-08-13 09:21:09 | RECOMMENDATION
Review Required
==============================
2026-08-13 09:21:09 | RECOMMENDATION_REASON
The candidate has a relevant background for PHP Developer, but specific requirements need verification during screening. Skill(s) like Php, Codeigniter, Mysql were not clearly identified in the resume text. Recruiter review and phone screening are recommended.
============================
2026-08-13 12:53:23 | vacancy
SELECT jl.*, GROUP_CONCAT(s.SkillName ORDER BY s.SkillName SEPARATOR ', ') AS RequiredSkills
FROM `IHRJobsList` `jl`
LEFT JOIN `JobSkills` `js` ON `js`.`Jid` = `jl`.`Jid`
LEFT JOIN `IHSkills` `s` ON `s`.`SkillId` = `js`.`SkillId`
WHERE `jl`.`Jid` = '30'
GROUP BY `jl`.`Jid`
============================

==============================
2026-08-13 12:53:23 | START
Array
(
    [resumePath] => D:/xampp/htdocs/REC/atscheck/modal/CAND30_20260813125323986.pdf
    [vacancyId] => 30
    [jobTitle] => executive
)

==============================
2026-08-13 12:53:23 | PDF_EXTRACT_SUCCESS
Mohamed Fazil
Full Stack Developer — MERN & PHP Specialist Chennai, Tamil Nadu — +91 7200110489
fazil721655@gmail.com — linkedin.com/in/mohamed-fazil — github.com/fazil
Professional Summary BCA Graduate (2025) and Full Stack Developer with hands-on experience building scalable web applications using
MERN stack and PHP. Skilled in REST API development, JWT authentication, Docker-based deployment, and
responsive UI design. Passionate about clean architecture, performance optimization, and production-ready systems.
Core Competencies •Languages:JavaScript (ES6+), PHP
•Frontend:React.js, Next.js, AngularJS, HTML5, CSS3, Bootstrap, Tailwind CSS
•Backend:Node.js, Express.js, PHP
•Databases:MongoDB, MySQL
•API & Security:RESTful APIs, JWT Authentication, bcrypt, Middleware
•DevOps & Tools:Docker, Git, GitHub, VS Code
•Concepts:MVC Architecture, Responsive Design, Performance Optimization, Component-Based Architecture
Work Experience Inet Secure Labs Pvt Ltd – Software D
==============================
2026-08-13 12:53:23 | RAW_RESUME_TEXT
mohamed fazil
full stack developer — mern & php specialist chennai, tamil nadu — +91 7200110489
fazil721655@gmail.com — linkedin.com/in/mohamed-fazil — github.com/fazil
professional summary bca graduate (2025) and full stack developer with hands-on experience building scalable web applications using
mern stack and php. skilled in rest api development, jwt authentication, docker-based deployment, and
responsive ui design. passionate about clean architecture, performance optimization, and production-ready systems.
core competencies •languages:javascript (es6+), php
•frontend:react.js, next.js, angularjs, html5, css3, bootstrap, tailwind css
•backend:node.js, express.js, php
•databases:mongodb, mysql
•api & security:restful apis, jwt authentication, bcrypt, middleware
•devops & tools:docker, git, github, vs code
•concepts:mvc architecture, responsive design, performance optimization, component-based architecture
work experience inet secure labs pvt ltd – software developerpresent
•contributing to full stack development using mern stack and php
•building rest apis and responsive ui components for real-world applications
•working with docker and git for efficient development workflow
featured pro jects langmaster – full stack e-learning platform
•developed a mern-based platform with lessons, quizzes, and progress tracking
•implemented jwt authentication, bcrypt password security, and protected routes
•designed rest apis for course and user management
•built responsive ui using tailwind css with animations
agri 360 – smart agriculture platform
•built a react.js marketplace for farmers to manage product listings
•integrated weather api for real-time environmental insights
•implemented advanced filtering, search, and location-based features
•optimized performance using react hooks and memoization
resume insight analyzer
•built a custom ats scoring system using php with rule-based nlp logic
•implemented keyword extraction
==============================
2026-08-13 12:53:23 | EXPERIENCE_DETAILS
Array
(
    [jobs] => Array
        (
        )

    [total] => 0 Years 0 Months
)

==============================
2026-08-13 12:53:23 | Email
fazil721655@gmail.com
==============================
2026-08-13 12:53:23 | Name
Mohamed Fazil
==============================
2026-08-13 12:53:23 | Mobile
+91 7200110489
==============================
2026-08-13 12:53:23 | ExperienceYears
0
==============================
2026-08-13 12:53:23 | RECOMMENDATION_ANALYSIS
Array
(
    [matchedSkillsCount] => 0
    [requiredSkillsCount] => 2
    [candidateExp] => 0
    [minExpRequired] => 1
    [eduMatch] => 1
)

==============================
2026-08-13 12:53:23 | RECOMMENDATION
Not Recommended
==============================
2026-08-13 12:53:23 | RECOMMENDATION_REASON
The candidate's resume does not provide sufficient evidence of meeting core requirements for executive. Key required skills (Excel, Powerbi) are missing. Work experience (0 Yrs) falls substantially below the minimum required (1 Yrs). The profile is substantially unrelated or does not meet minimum thresholds.
============================
2026-08-13 12:53:23 | vacancy
Array
(
    [Jid] => 30
    [JobCode] => JOB-2026-0002
    [JobTitle] => executive
    [RoleSummary] => Data engineer
    [Did] => 1
    [EmploymentType] => Full-Time
    [WorkMode] => Onsite
    [EducationRequired] => bca,bsc,btech
    [ExpMin] => 1.00
    [ExpMax] => 2.00
    [SalMin] => 0
    [SalMax] => 0
    [Currency] => INR
    [NoofOpenings] => 1
    [JobStatus] => Open
    [JobDescription] => ssssssssssssssssssssssssssss
    [Responsibilities] => ssssssssssssssssssssssssssss
    [Qualifications] => 
    [JobLocation] => chennai
    [CommunicationLang] => english,hindi
    [PostedOn] => 2026-08-13 11:20:59
    [UpdatedOn] => 2026-08-13 12:34:51
    [ExpiryDate] => 
    [TargetOnboardingDate] => 2026-08-21
    [Salary] => 5 - 10 LPA
    [PostedBy] => 17
    [SkillScore] => 0
    [EducationScore] => 0
    [ExperienceScore] => 0
    [ProjectScore] => 0
    [CertificationScore] => 0
    [ResumeQualityScore] => 0
    [DomainKnowledgeScore] => 0
    [CtcApproverId] => 18
    [AssignedRecruiterManagerId] => 17
    [HoldUntilDate] => 
    [HoldReminderSentDate] => 
    [MustHaveSkills] => 
    [NiceToHaveSkills] => 
    [RequiredSkills] => excel, powerbi
)

============================

============================
2026-08-13 12:53:23 | FINAL RESULT RETURN
Array
(
    [recommendation] => Not Recommended
    [recommendation_reason] => The candidate's resume does not provide sufficient evidence of meeting core requirements for executive. Key required skills (Excel, Powerbi) are missing. Work experience (0 Yrs) falls substantially below the minimum required (1 Yrs). The profile is substantially unrelated or does not meet minimum thresholds.
    [relevant_evidence] => Array
        (
            [0] => Education: Matches required level (BCA)
            [1] => Domain Fit: Background in Software & IT
            [2] => Extracted Resume Skills: Php, Javascript, Html, Css, Bootstrap, Tailwind, React, Angular
        )

    [missing_requirements] => Array
        (
            [0] => Required Skills Not Found: Excel, Powerbi
            [1] => Experience Shortfall: Candidate has 0 Years (Required: Min 1 Years)
        )

    [status] => Not Recommended
    [email] => fazil721655@gmail.com
    [name] => Mohamed Fazil
    [mobileNumbers] => +91 7200110489
    [expyrs] => 0
    [experience_details] => Array
        (
            [jobs] => Array
                (
                )

            [total] => 0 Years 0 Months
        )

    [domain] => Software & IT
    [matched_skills] => 
    [missing_skills] => Excel, Powerbi
    [all_extracted_skills] => Php, Javascript, Html, Css, Bootstrap, Tailwind, React, Angular, Nextjs, Nodejs, Express, Rest Api, Mysql, Mongodb, Docker, Git, Communication
    [education_match] => Yes
    [experience] => No
    [detected_degree] => BCA
)

============================

============================
2026-08-13 12:53:54 | vacancy
SELECT jl.*, GROUP_CONCAT(s.SkillName ORDER BY s.SkillName SEPARATOR ', ') AS RequiredSkills
FROM `IHRJobsList` `jl`
LEFT JOIN `JobSkills` `js` ON `js`.`Jid` = `jl`.`Jid`
LEFT JOIN `IHSkills` `s` ON `s`.`SkillId` = `js`.`SkillId`
WHERE `jl`.`Jid` = '30'
GROUP BY `jl`.`Jid`
============================

==============================
2026-08-13 12:53:54 | START
Array
(
    [resumePath] => D:/xampp/htdocs/REC/atscheck/modal/CAND30_20260813125354768.pdf
    [vacancyId] => 30
    [jobTitle] => executive
)

==============================
2026-08-13 12:53:54 | PDF_EXTRACT_SUCCESS
EVLYN JANET

 People Operations Lead | HR Operations | Employee Lifecycle & JML Excellence
Phone: 7022384920 | Email: evjane@myyahoo.com

 PROFESSIONAL SUMMARY

 Experienced People Operations and HR professional with 5+ years of progressive experience across global
organisations, specialising in HR Operations, Employee Lifecycle Management, Joiners-Movers-Leavers (JML),
Talent Acquisition support, and HR service delivery. Proven expertise in Leave of Absence (LOA), Absence
Management, Attendance Management, Timesheet Management and HR Case Management within fast-paced,
high-volume environments. Skilled in handling escalations, streamlining HR processes, improving SLA adherence and
partnering with cross-functional stakeholders to deliver seamless employee experiences. Strong background in HR
analytics, compliance, process optimisation, onboarding, workforce coordination and operational governance.

 SKILLS
 
 End-to-end HR Operations
 
 Employee Lifecycle Management
 
 Leave of Absen
==============================
2026-08-13 12:53:54 | RAW_RESUME_TEXT
evlyn janet

 people operations lead | hr operations | employee lifecycle & jml excellence
phone: 7022384920 | email: evjane@myyahoo.com

 professional summary

 experienced people operations and hr professional with 5+ years of progressive experience across global
organisations, specialising in hr operations, employee lifecycle management, joiners-movers-leavers (jml),
talent acquisition support, and hr service delivery. proven expertise in leave of absence (loa), absence
management, attendance management, timesheet management and hr case management within fast-paced,
high-volume environments. skilled in handling escalations, streamlining hr processes, improving sla adherence and
partnering with cross-functional stakeholders to deliver seamless employee experiences. strong background in hr
analytics, compliance, process optimisation, onboarding, workforce coordination and operational governance.

 skills
 
 end-to-end hr operations
 
 employee lifecycle management
 
 leave of absence (loa)
 
 absence management
 
 attendance management
 
 timesheet management
 
 hr case management
 
 onboarding & offboarding
 
 ticketing process handling
 
 hris tools – workday, greyhr, keka, servicenow
 
 sop documentation & process improvement
 
 stakeholder & escalation management
 
 hr reporting & analytics
 professional experience
 smith and howard – senior talent & operations specialist | march 2025 – october 2025
 

 managed end-to-end employee lifecycle operations including onboarding, internal transfers, promotions,
compensation revisions, leave administration, exits and hr documentation while ensuring complete compliance
and process accuracy.
 

 handled leave of absence (loa), attendance management and timesheet management activities for employees
across multiple business functions while maintaining sla adherence and operational efficiency.
 
 acted as the primary escalation point for complex hr operational issues, hr case management queries and
emp
==============================
2026-08-13 12:53:54 | EXPERIENCE_DETAILS
Array
(
    [jobs] => Array
        (
            [0] => Array
                (
                    [from] => aug 2024
                    [to] => feb 2025
                    [years] => 0
                    [months] => 6
                )

            [1] => Array
                (
                    [from] => april 2022
                    [to] => june 2024
                    [years] => 2
                    [months] => 2
                )

            [2] => Array
                (
                    [from] => march 2021
                    [to] => april 2022
                    [years] => 1
                    [months] => 1
                )

        )

    [total] => 3 Years 9 Months
)

==============================
2026-08-13 12:53:54 | Email
evjane@myyahoo.com
==============================
2026-08-13 12:53:54 | Name
Evlyn Janet
==============================
2026-08-13 12:53:54 | Mobile
7022384920
==============================
2026-08-13 12:53:54 | ExperienceYears
3.8
==============================
2026-08-13 12:53:55 | RECOMMENDATION_ANALYSIS
Array
(
    [matchedSkillsCount] => 0
    [requiredSkillsCount] => 2
    [candidateExp] => 3.8
    [minExpRequired] => 1
    [eduMatch] => 
)

==============================
2026-08-13 12:53:55 | RECOMMENDATION
Review Required
==============================
2026-08-13 12:53:55 | RECOMMENDATION_REASON
The candidate has a relevant background for executive, but specific requirements need verification during screening. Skill(s) like Excel, Powerbi were not clearly identified in the resume text. Recruiter review and phone screening are recommended.
============================
2026-08-13 12:53:55 | vacancy
Array
(
    [Jid] => 30
    [JobCode] => JOB-2026-0002
    [JobTitle] => executive
    [RoleSummary] => Data engineer
    [Did] => 1
    [EmploymentType] => Full-Time
    [WorkMode] => Onsite
    [EducationRequired] => bca,bsc,btech
    [ExpMin] => 1.00
    [ExpMax] => 2.00
    [SalMin] => 0
    [SalMax] => 0
    [Currency] => INR
    [NoofOpenings] => 1
    [JobStatus] => Open
    [JobDescription] => ssssssssssssssssssssssssssss
    [Responsibilities] => ssssssssssssssssssssssssssss
    [Qualifications] => 
    [JobLocation] => chennai
    [CommunicationLang] => english,hindi
    [PostedOn] => 2026-08-13 11:20:59
    [UpdatedOn] => 2026-08-13 12:34:51
    [ExpiryDate] => 
    [TargetOnboardingDate] => 2026-08-21
    [Salary] => 5 - 10 LPA
    [PostedBy] => 17
    [SkillScore] => 0
    [EducationScore] => 0
    [ExperienceScore] => 0
    [ProjectScore] => 0
    [CertificationScore] => 0
    [ResumeQualityScore] => 0
    [DomainKnowledgeScore] => 0
    [CtcApproverId] => 18
    [AssignedRecruiterManagerId] => 17
    [HoldUntilDate] => 
    [HoldReminderSentDate] => 
    [MustHaveSkills] => 
    [NiceToHaveSkills] => 
    [RequiredSkills] => excel, powerbi
)

============================

============================
2026-08-13 12:53:55 | FINAL RESULT RETURN
Array
(
    [recommendation] => Review Required
    [recommendation_reason] => The candidate has a relevant background for executive, but specific requirements need verification during screening. Skill(s) like Excel, Powerbi were not clearly identified in the resume text. Recruiter review and phone screening are recommended.
    [relevant_evidence] => Array
        (
            [0] => Work Experience: 3.8 Years total experience (Vacancy Required: Min 1 Years)
            [1] => Domain Fit: Background in Human Resources
            [2] => Extracted Resume Skills: Recruitment, Payroll, Onboarding, Attendance, Exit Process, Audit, Communication, Leadership
        )

    [missing_requirements] => Array
        (
            [0] => Required Skills Not Found: Excel, Powerbi
            [1] => Education Gap: Required qualification (bca,bsc,btech) not clearly identified in resume
        )

    [status] => Review Required
    [email] => evjane@myyahoo.com
    [name] => Evlyn Janet
    [mobileNumbers] => 7022384920
    [expyrs] => 3.8
    [experience_details] => Array
        (
            [jobs] => Array
                (
                    [0] => Array
                        (
                            [from] => aug 2024
                            [to] => feb 2025
                            [years] => 0
                            [months] => 6
                        )

                    [1] => Array
                        (
                            [from] => april 2022
                            [to] => june 2024
                            [years] => 2
                            [months] => 2
                        )

                    [2] => Array
                        (
                            [from] => march 2021
                            [to] => april 2022
                            [years] => 1
                            [months] => 1
                        )

                )

            [total] => 3 Years 9 Months
        )

    [domain] => Human Resources
    [matched_skills] => 
    [missing_skills] => Excel, Powerbi
    [all_extracted_skills] => Recruitment, Payroll, Onboarding, Attendance, Exit Process, Audit, Communication, Leadership, Documentation
    [education_match] => No
    [experience] => Yes
    [detected_degree] => BA
)

============================

============================
2026-08-13 17:29:05 | vacancy
SELECT jl.*, GROUP_CONCAT(s.SkillName ORDER BY s.SkillName SEPARATOR ', ') AS RequiredSkills
FROM `IHRJobsList` `jl`
LEFT JOIN `JobSkills` `js` ON `js`.`Jid` = `jl`.`Jid`
LEFT JOIN `IHSkills` `s` ON `s`.`SkillId` = `js`.`SkillId`
WHERE `jl`.`Jid` = '31'
GROUP BY `jl`.`Jid`
============================

==============================
2026-08-13 17:29:05 | START
Array
(
    [resumePath] => D:/xampp/htdocs/REC/atscheck/modal/CAND31_20260813172905610.pdf
    [vacancyId] => 31
    [jobTitle] => HUMAN RESOURCES
)

==============================
2026-08-13 17:29:06 | PDF_EXTRACT_SUCCESS
EVLYN JANET

 People Operations Lead | HR Operations | Employee Lifecycle & JML Excellence
Phone: 7022384920 | Email: evjane@myyahoo.com

 PROFESSIONAL SUMMARY

 Experienced People Operations and HR professional with 5+ years of progressive experience across global
organisations, specialising in HR Operations, Employee Lifecycle Management, Joiners-Movers-Leavers (JML),
Talent Acquisition support, and HR service delivery. Proven expertise in Leave of Absence (LOA), Absence
Management, Attendance Management, Timesheet Management and HR Case Management within fast-paced,
high-volume environments. Skilled in handling escalations, streamlining HR processes, improving SLA adherence and
partnering with cross-functional stakeholders to deliver seamless employee experiences. Strong background in HR
analytics, compliance, process optimisation, onboarding, workforce coordination and operational governance.

 SKILLS
 
 End-to-end HR Operations
 
 Employee Lifecycle Management
 
 Leave of Absen
==============================
2026-08-13 17:29:06 | RAW_RESUME_TEXT
evlyn janet

 people operations lead | hr operations | employee lifecycle & jml excellence
phone: 7022384920 | email: evjane@myyahoo.com

 professional summary

 experienced people operations and hr professional with 5+ years of progressive experience across global
organisations, specialising in hr operations, employee lifecycle management, joiners-movers-leavers (jml),
talent acquisition support, and hr service delivery. proven expertise in leave of absence (loa), absence
management, attendance management, timesheet management and hr case management within fast-paced,
high-volume environments. skilled in handling escalations, streamlining hr processes, improving sla adherence and
partnering with cross-functional stakeholders to deliver seamless employee experiences. strong background in hr
analytics, compliance, process optimisation, onboarding, workforce coordination and operational governance.

 skills
 
 end-to-end hr operations
 
 employee lifecycle management
 
 leave of absence (loa)
 
 absence management
 
 attendance management
 
 timesheet management
 
 hr case management
 
 onboarding & offboarding
 
 ticketing process handling
 
 hris tools – workday, greyhr, keka, servicenow
 
 sop documentation & process improvement
 
 stakeholder & escalation management
 
 hr reporting & analytics
 professional experience
 smith and howard – senior talent & operations specialist | march 2025 – october 2025
 

 managed end-to-end employee lifecycle operations including onboarding, internal transfers, promotions,
compensation revisions, leave administration, exits and hr documentation while ensuring complete compliance
and process accuracy.
 

 handled leave of absence (loa), attendance management and timesheet management activities for employees
across multiple business functions while maintaining sla adherence and operational efficiency.
 
 acted as the primary escalation point for complex hr operational issues, hr case management queries and
emp
==============================
2026-08-13 17:29:06 | EXPERIENCE_DETAILS
Array
(
    [jobs] => Array
        (
            [0] => Array
                (
                    [from] => aug 2024
                    [to] => feb 2025
                    [years] => 0
                    [months] => 6
                )

            [1] => Array
                (
                    [from] => april 2022
                    [to] => june 2024
                    [years] => 2
                    [months] => 2
                )

            [2] => Array
                (
                    [from] => march 2021
                    [to] => april 2022
                    [years] => 1
                    [months] => 1
                )

        )

    [total] => 3 Years 9 Months
)

==============================
2026-08-13 17:29:06 | Email
evjane@myyahoo.com
==============================
2026-08-13 17:29:06 | Name
Evlyn Janet
==============================
2026-08-13 17:29:06 | Mobile
7022384920
==============================
2026-08-13 17:29:06 | ExperienceYears
3.8
==============================
2026-08-13 17:29:06 | RECOMMENDATION_ANALYSIS
Array
(
    [matchedSkillsCount] => 2
    [requiredSkillsCount] => 4
    [candidateExp] => 3.8
    [minExpRequired] => 2.5
    [eduMatch] => 1
)

==============================
2026-08-13 17:29:06 | RECOMMENDATION
Recommended
==============================
2026-08-13 17:29:06 | RECOMMENDATION_REASON
The candidate's profile aligns well with the requirements of HUMAN RESOURCES. They possess 3.8 years of relevant experience and demonstrate key skills in Communication, Time Management. Their background provides concrete evidence for strong candidate suitability.
============================
2026-08-13 17:29:06 | vacancy
Array
(
    [Jid] => 31
    [JobCode] => JOB-2026-0003
    [JobTitle] => HUMAN RESOURCES
    [RoleSummary] => HR RECUIRTER
    [Did] => 3
    [EmploymentType] => Full-Time
    [WorkMode] => Onsite
    [EducationRequired] => MBA,BBA,Behavioral Science,MHRM
    [ExpMin] => 2.50
    [ExpMax] => 3.00
    [SalMin] => 0
    [SalMax] => 0
    [Currency] => INR
    [NoofOpenings] => 1
    [JobStatus] => Open
    [JobDescription] => We are seeking an energetic and detail-oriented HR Recruiter to manage our full-cycle recruitment process. In this role, you will be responsible for sourcing, attracting, interviewing, and onboarding top-tier talent to meet our business growth goals. You will collaborate closely with department heads and hiring managers to understand staffing needs, create effective hiring strategies, and deliver an exceptional candidate experience.
    [Responsibilities] => Sourcing & Candidate Attraction
Post and manage open positions on job boards, professional networks (e.g., LinkedIn), social media platforms, and university career portals.

Use advanced sourcing techniques (Boolean search, passive networking, employee referrals) to discover hidden talent for specialized or hard-to-fill roles.

Attend job fairs, virtual hiring events, and industry conferences to build proactive talent pools.

2. Screening & Evaluation
Review incoming resumes, portfolios, and job applications against role specifications.

Conduct initial phone screenings and video interviews to assess candidates' technical fit, communication skills, and alignment with company culture.

Coordinate and schedule interviews between qualified candidates and hiring managers or technical evaluation panels.
    [Qualifications] => 
    [JobLocation] => chennai
    [CommunicationLang] => hindi,English,Tamil
    [PostedOn] => 2026-08-13 15:31:15
    [UpdatedOn] => 2026-08-13 17:28:47
    [ExpiryDate] => 
    [TargetOnboardingDate] => 2026-08-31
    [Salary] => 3
    [PostedBy] => 17
    [SkillScore] => 0
    [EducationScore] => 0
    [ExperienceScore] => 0
    [ProjectScore] => 0
    [CertificationScore] => 0
    [ResumeQualityScore] => 0
    [DomainKnowledgeScore] => 0
    [CtcApproverId] => 17
    [AssignedRecruiterManagerId] => 
    [HoldUntilDate] => 
    [HoldReminderSentDate] => 
    [MustHaveSkills] => Communication,Negotiation & Pitching,Stakeholder Management,Time Management
    [NiceToHaveSkills] => 
    [RequiredSkills] => 
)

============================

============================
2026-08-13 17:29:06 | FINAL RESULT RETURN
Array
(
    [recommendation] => Recommended
    [recommendation_reason] => The candidate's profile aligns well with the requirements of HUMAN RESOURCES. They possess 3.8 years of relevant experience and demonstrate key skills in Communication, Time Management. Their background provides concrete evidence for strong candidate suitability.
    [relevant_evidence] => Array
        (
            [0] => Work Experience: 3.8 Years total experience (Vacancy Required: Min 2.5 Years)
            [1] => Matched Core Skills: Communication, Time Management
            [2] => Education: Matches required level (BE)
            [3] => Domain Fit: Background in Human Resources
            [4] => Extracted Resume Skills: Recruitment, Payroll, Onboarding, Attendance, Exit Process, Audit, Communication, Leadership
        )

    [missing_requirements] => Array
        (
            [0] => Required Skills Not Found: Negotiation & Pitching, Stakeholder Management
        )

    [status] => Recommended
    [email] => evjane@myyahoo.com
    [name] => Evlyn Janet
    [mobileNumbers] => 7022384920
    [expyrs] => 3.8
    [experience_details] => Array
        (
            [jobs] => Array
                (
                    [0] => Array
                        (
                            [from] => aug 2024
                            [to] => feb 2025
                            [years] => 0
                            [months] => 6
                        )

                    [1] => Array
                        (
                            [from] => april 2022
                            [to] => june 2024
                            [years] => 2
                            [months] => 2
                        )

                    [2] => Array
                        (
                            [from] => march 2021
                            [to] => april 2022
                            [years] => 1
                            [months] => 1
                        )

                )

            [total] => 3 Years 9 Months
        )

    [domain] => Human Resources
    [matched_skills] => Communication, Time Management
    [missing_skills] => Negotiation & Pitching, Stakeholder Management
    [all_extracted_skills] => Recruitment, Payroll, Onboarding, Attendance, Exit Process, Audit, Communication, Leadership, Documentation
    [education_match] => Yes
    [experience] => Yes
    [detected_degree] => BE
)

============================

============================
2026-08-17 18:17:20 | vacancy
SELECT jl.*, GROUP_CONCAT(s.SkillName ORDER BY s.SkillName SEPARATOR ', ') AS RequiredSkills
FROM `IHRJobsList` `jl`
LEFT JOIN `JobSkills` `js` ON `js`.`Jid` = `jl`.`Jid`
LEFT JOIN `IHSkills` `s` ON `s`.`SkillId` = `js`.`SkillId`
WHERE `jl`.`Jid` = '31'
GROUP BY `jl`.`Jid`
============================

==============================
2026-08-17 18:17:20 | START
Array
(
    [resumePath] => D:/xampp/htdocs/REC/atscheck/modal/CAND31_20260817181720181.pdf
    [vacancyId] => 31
    [jobTitle] => HUMAN RESOURCES
)

==============================
2026-08-17 18:17:21 | PDF_EXTRACT_SUCCESS
Mohamed Fazil
Full Stack Developer — MERN & PHP Specialist Chennai, Tamil Nadu — +91 7200110489
fazil721655@gmail.com — linkedin.com/in/mohamed-fazil — github.com/fazil
Professional Summary BCA Graduate (2025) and Full Stack Developer with hands-on experience building scalable web applications using
MERN stack and PHP. Skilled in REST API development, JWT authentication, Docker-based deployment, and
responsive UI design. Passionate about clean architecture, performance optimization, and production-ready systems.
Core Competencies •Languages:JavaScript (ES6+), PHP
•Frontend:React.js, Next.js, AngularJS, HTML5, CSS3, Bootstrap, Tailwind CSS
•Backend:Node.js, Express.js, PHP
•Databases:MongoDB, MySQL
•API & Security:RESTful APIs, JWT Authentication, bcrypt, Middleware
•DevOps & Tools:Docker, Git, GitHub, VS Code
•Concepts:MVC Architecture, Responsive Design, Performance Optimization, Component-Based Architecture
Work Experience Inet Secure Labs Pvt Ltd – Software D
==============================
2026-08-17 18:17:21 | RAW_RESUME_TEXT
mohamed fazil
full stack developer — mern & php specialist chennai, tamil nadu — +91 7200110489
fazil721655@gmail.com — linkedin.com/in/mohamed-fazil — github.com/fazil
professional summary bca graduate (2025) and full stack developer with hands-on experience building scalable web applications using
mern stack and php. skilled in rest api development, jwt authentication, docker-based deployment, and
responsive ui design. passionate about clean architecture, performance optimization, and production-ready systems.
core competencies •languages:javascript (es6+), php
•frontend:react.js, next.js, angularjs, html5, css3, bootstrap, tailwind css
•backend:node.js, express.js, php
•databases:mongodb, mysql
•api & security:restful apis, jwt authentication, bcrypt, middleware
•devops & tools:docker, git, github, vs code
•concepts:mvc architecture, responsive design, performance optimization, component-based architecture
work experience inet secure labs pvt ltd – software developerpresent
•contributing to full stack development using mern stack and php
•building rest apis and responsive ui components for real-world applications
•working with docker and git for efficient development workflow
featured pro jects langmaster – full stack e-learning platform
•developed a mern-based platform with lessons, quizzes, and progress tracking
•implemented jwt authentication, bcrypt password security, and protected routes
•designed rest apis for course and user management
•built responsive ui using tailwind css with animations
agri 360 – smart agriculture platform
•built a react.js marketplace for farmers to manage product listings
•integrated weather api for real-time environmental insights
•implemented advanced filtering, search, and location-based features
•optimized performance using react hooks and memoization
resume insight analyzer
•built a custom ats scoring system using php with rule-based nlp logic
•implemented keyword extraction
==============================
2026-08-17 18:17:21 | EXPERIENCE_DETAILS
Array
(
    [jobs] => Array
        (
        )

    [total] => 0 Years 0 Months
)

==============================
2026-08-17 18:17:21 | Email
fazil721655@gmail.com
==============================
2026-08-17 18:17:21 | Name
Mohamed Fazil
==============================
2026-08-17 18:17:21 | Mobile
+91 7200110489
==============================
2026-08-17 18:17:21 | ExperienceYears
0
==============================
2026-08-17 18:17:21 | RECOMMENDATION_ANALYSIS
Array
(
    [matchedSkillsCount] => 1
    [requiredSkillsCount] => 4
    [candidateExp] => 0
    [minExpRequired] => 2.5
    [eduMatch] => 1
)

==============================
2026-08-17 18:17:21 | RECOMMENDATION
Review Required
==============================
2026-08-17 18:17:21 | RECOMMENDATION_REASON
The candidate has a relevant background for HUMAN RESOURCES, but specific requirements need verification during screening. Skill(s) like Negotiation & Pitching, Stakeholder Management, Time Management were not clearly identified in the resume text. Total experience (0 Yrs) is slightly below the preferred minimum (2.5 Yrs). Recruiter review and phone screening are recommended.
============================
2026-08-17 18:17:21 | vacancy
Array
(
    [Jid] => 31
    [JobCode] => JOB-2026-0003
    [JobTitle] => HUMAN RESOURCES
    [RoleSummary] => HR RECUIRTER
    [Did] => 3
    [EmploymentType] => Full-Time
    [WorkMode] => Onsite
    [EducationRequired] => MBA,BBA,Behavioral Science,MHRM
    [ExpMin] => 2.50
    [ExpMax] => 3.00
    [SalMin] => 0
    [SalMax] => 0
    [Currency] => INR
    [NoofOpenings] => 1
    [JobStatus] => Open
    [JobDescription] => We are seeking an energetic and detail-oriented HR Recruiter to manage our full-cycle recruitment process. In this role, you will be responsible for sourcing, attracting, interviewing, and onboarding top-tier talent to meet our business growth goals. You will collaborate closely with department heads and hiring managers to understand staffing needs, create effective hiring strategies, and deliver an exceptional candidate experience.
    [Responsibilities] => Sourcing & Candidate Attraction
Post and manage open positions on job boards, professional networks (e.g., LinkedIn), social media platforms, and university career portals.

Use advanced sourcing techniques (Boolean search, passive networking, employee referrals) to discover hidden talent for specialized or hard-to-fill roles.

Attend job fairs, virtual hiring events, and industry conferences to build proactive talent pools.

2. Screening & Evaluation
Review incoming resumes, portfolios, and job applications against role specifications.

Conduct initial phone screenings and video interviews to assess candidates' technical fit, communication skills, and alignment with company culture.

Coordinate and schedule interviews between qualified candidates and hiring managers or technical evaluation panels.
    [Qualifications] => 
    [JobLocation] => chennai
    [CommunicationLang] => hindi,English,Tamil
    [PostedOn] => 2026-08-13 15:31:15
    [UpdatedOn] => 2026-08-13 17:28:47
    [ExpiryDate] => 
    [TargetOnboardingDate] => 2026-08-31
    [Salary] => 3
    [PostedBy] => 17
    [SkillScore] => 0
    [EducationScore] => 0
    [ExperienceScore] => 0
    [ProjectScore] => 0
    [CertificationScore] => 0
    [ResumeQualityScore] => 0
    [DomainKnowledgeScore] => 0
    [CtcApproverId] => 17
    [AssignedRecruiterManagerId] => 
    [HoldUntilDate] => 
    [HoldReminderSentDate] => 
    [MustHaveSkills] => Communication,Negotiation & Pitching,Stakeholder Management,Time Management
    [NiceToHaveSkills] => 
    [RequiredSkills] => 
)

============================

============================
2026-08-17 18:17:21 | FINAL RESULT RETURN
Array
(
    [recommendation] => Review Required
    [recommendation_reason] => The candidate has a relevant background for HUMAN RESOURCES, but specific requirements need verification during screening. Skill(s) like Negotiation & Pitching, Stakeholder Management, Time Management were not clearly identified in the resume text. Total experience (0 Yrs) is slightly below the preferred minimum (2.5 Yrs). Recruiter review and phone screening are recommended.
    [relevant_evidence] => Array
        (
            [0] => Matched Core Skills: Communication
            [1] => Education: Matches required level (BA)
            [2] => Domain Fit: Background in Human Resources
            [3] => Extracted Resume Skills: Php, Javascript, Html, Css, Bootstrap, Tailwind, React, Angular
        )

    [missing_requirements] => Array
        (
            [0] => Required Skills Not Found: Negotiation & Pitching, Stakeholder Management, Time Management
            [1] => Experience Shortfall: Candidate has 0 Years (Required: Min 2.5 Years)
        )

    [status] => Review Required
    [email] => fazil721655@gmail.com
    [name] => Mohamed Fazil
    [mobileNumbers] => +91 7200110489
    [expyrs] => 0
    [experience_details] => Array
        (
            [jobs] => Array
                (
                )

            [total] => 0 Years 0 Months
        )

    [domain] => Human Resources
    [matched_skills] => Communication
    [missing_skills] => Negotiation & Pitching, Stakeholder Management, Time Management
    [all_extracted_skills] => Php, Javascript, Html, Css, Bootstrap, Tailwind, React, Angular, Nextjs, Nodejs, Express, Rest Api, Mysql, Mongodb, Docker, Git, Communication
    [education_match] => Yes
    [experience] => No
    [detected_degree] => BA
)

============================

============================
2026-08-18 10:37:12 | vacancy
SELECT jl.*, GROUP_CONCAT(s.SkillName ORDER BY s.SkillName SEPARATOR ', ') AS RequiredSkills
FROM `IHRJobsList` `jl`
LEFT JOIN `JobSkills` `js` ON `js`.`Jid` = `jl`.`Jid`
LEFT JOIN `IHSkills` `s` ON `s`.`SkillId` = `js`.`SkillId`
WHERE `jl`.`Jid` = '30'
GROUP BY `jl`.`Jid`
============================

==============================
2026-08-18 10:37:12 | START
Array
(
    [resumePath] => D:/xampp/htdocs/REC/atscheck/modal/CAND30_20260818103712937.pdf
    [vacancyId] => 30
    [jobTitle] => executive
)

==============================
2026-08-18 10:37:12 | PDF_EXTRACT_SUCCESS
SHIJI	 M	 K	 	
MANAGER	 HUMAN	 RESOURCES	 	
 
 
 
 
 
 
 
 	
C O N T A C T	 	
+91	 7550080350	 	
 	
mkshiji0809@gmail.com	 	
 	
Padmam VSV Apartment, 
Second	 Main	 Road,Gandhi 	
Nagar, Adyar, Chennai.	 	
 	
E X P E R I E N C E	 	
 	
HR	 Management	 & Compliance 	
Rewards and Recognition 
Grievance	 Management	 	
MIS	 Reporting	 & Documentation 	
Pay Roll Management	 	
Exit	 Interviews	 & Separation 	
Training & Development 
Employee	 Engagement 	
Recruitment	 	
Maintaining	 Employee	 Relation	 	
L A N G U A G E S	 	
English	 (Fluent) 	
Tamil	 (Fl	uent) 	
Malayalam(	 Fluent) 	
Hindi	 (Intermediate)	 	
 
 	
R E F E R E N C E	 	
 	
Ms. Lakshmi	 	
Chief	 Human	 Resource Officer	 	
Phone:	 +91 97314 11772	 	
 	
P R O F I L E	 	
After  an  exhilarating  journey  as  a  medical  professional,  I  made  the  bold  leap 
into	 Human	 Resources,	 driven	 by	 my	 passion	 for	 learning	 and	 a desire	 to make 	
an	 impact.	 Now,	 seven	 years	 into	 my	 HR	 career,	 I thrive	 on	 the	 challenges
==============================
2026-08-18 10:37:12 | RAW_RESUME_TEXT
shiji	 m	 k	 	
manager	 human	 resources	 	
 
 
 
 
 
 
 
 	
c o n t a c t	 	
+91	 7550080350	 	
 	
mkshiji0809@gmail.com	 	
 	
padmam vsv apartment, 
second	 main	 road,gandhi 	
nagar, adyar, chennai.	 	
 	
e x p e r i e n c e	 	
 	
hr	 management	 & compliance 	
rewards and recognition 
grievance	 management	 	
mis	 reporting	 & documentation 	
pay roll management	 	
exit	 interviews	 & separation 	
training & development 
employee	 engagement 	
recruitment	 	
maintaining	 employee	 relation	 	
l a n g u a g e s	 	
english	 (fluent) 	
tamil	 (fl	uent) 	
malayalam(	 fluent) 	
hindi	 (intermediate)	 	
 
 	
r e f e r e n c e	 	
 	
ms. lakshmi	 	
chief	 human	 resource officer	 	
phone:	 +91 97314 11772	 	
 	
p r o f i l e	 	
after  an  exhilarating  journey  as  a  medical  professional,  i  made  the  bold  leap 
into	 human	 resources,	 driven	 by	 my	 passion	 for	 learning	 and	 a desire	 to make 	
an	 impact.	 now,	 seven	 years	 into	 my	 hr	 career,	 i thrive	 on	 the	 challenges	 and 	
opportunities  that  come  my  way.  my  track  record  demonstrates  my  ability  to 
achieve outstanding results, and my eagerness to learn and grow 	further fuels 	
my excitement for the future in this dynamic field!	 	
w o r k	 e x p e r i e n c e	 	
sindoori	 management	 solutions	 private	 limited,	 chennai.	 	
manager 	– human resources	 	sep’25	 - present 	
hr strategy & leadership 	– driving hr strategy across 50 units pan india, 	
leading 25 unit hrs and ensuring seamless coordination, guidance and	 	
alignment with organizational goals.	 	
payroll	 processing	 – managing	 end	-to-end	 payroll	 operations	 for	 8,000+ 	
employees across pan india.	 	
talent acquisition & workforce planning 
compensation & benefit analysis 
performance	 management	 	
skilled	 in personnel	 management	 	
employee	 engagement	 & retention	 (across	 pan	 india) 	
hr analytics & reporting	 	
hxplain	 digital	 health	 technology	 solutions	 private	 limited,	 tn. 	
assistant manager
==============================
2026-08-18 10:37:12 | EXPERIENCE_DETAILS
Array
(
    [jobs] => Array
        (
            [0] => Array
                (
                    [from] => 2022 jan
                    [to] => 2024 jan
                    [years] => 2
                    [months] => 0
                )

            [1] => Array
                (
                    [from] => 2019 jan
                    [to] => 2021 jan
                    [years] => 2
                    [months] => 0
                )

            [2] => Array
                (
                    [from] => 2008 jan
                    [to] => 2011 jan
                    [years] => 3
                    [months] => 0
                )

            [3] => Array
                (
                    [from] => 2006 jan
                    [to] => 2008 jan
                    [years] => 2
                    [months] => 0
                )

            [4] => Array
                (
                    [from] => 2005 jan
                    [to] => 2006 jan
                    [years] => 1
                    [months] => 0
                )

        )

    [total] => 10 Years 0 Months
)

==============================
2026-08-18 10:37:12 | Email
mkshiji0809@gmail.com
==============================
2026-08-18 10:37:12 | Name
Shiji M K
==============================
2026-08-18 10:37:12 | Mobile
7550080350
==============================
2026-08-18 10:37:12 | ExperienceYears
10
==============================
2026-08-18 10:37:12 | RECOMMENDATION_ANALYSIS
Array
(
    [matchedSkillsCount] => 1
    [requiredSkillsCount] => 2
    [candidateExp] => 10
    [minExpRequired] => 1
    [eduMatch] => 1
)

==============================
2026-08-18 10:37:12 | RECOMMENDATION
Recommended
==============================
2026-08-18 10:37:12 | RECOMMENDATION_REASON
The candidate's profile aligns well with the requirements of executive. They possess 10 years of relevant experience and demonstrate key skills in Excel. Their background provides concrete evidence for strong candidate suitability.
============================
2026-08-18 10:37:12 | vacancy
Array
(
    [Jid] => 30
    [JobCode] => JOB-2026-0002
    [JobTitle] => executive
    [RoleSummary] => Data engineer
    [Did] => 1
    [EmploymentType] => Full-Time
    [WorkMode] => Onsite
    [EducationRequired] => bca,bsc,btech
    [ExpMin] => 1.00
    [ExpMax] => 2.00
    [SalMin] => 0
    [SalMax] => 0
    [Currency] => INR
    [NoofOpenings] => 1
    [JobStatus] => Open
    [JobDescription] => ssssssssssssssssssssssssssss
    [Responsibilities] => ssssssssssssssssssssssssssss
    [Qualifications] => 
    [JobLocation] => chennai
    [CommunicationLang] => english,hindi
    [PostedOn] => 2026-08-13 11:20:59
    [UpdatedOn] => 2026-08-17 17:37:29
    [ExpiryDate] => 
    [TargetOnboardingDate] => 2026-08-21
    [Salary] => 5 - 10 LPA
    [PostedBy] => 17
    [SkillScore] => 0
    [EducationScore] => 0
    [ExperienceScore] => 0
    [ProjectScore] => 0
    [CertificationScore] => 0
    [ResumeQualityScore] => 0
    [DomainKnowledgeScore] => 0
    [CtcApproverId] => 18
    [AssignedRecruiterManagerId] => 17
    [HoldUntilDate] => 
    [HoldReminderSentDate] => 
    [MustHaveSkills] => React, Node.js, MongoDB, REST API
    [NiceToHaveSkills] => Docker, AWS
    [RequiredSkills] => excel, powerbi
)

============================

============================
2026-08-18 10:37:12 | FINAL RESULT RETURN
Array
(
    [recommendation] => Recommended
    [recommendation_reason] => The candidate's profile aligns well with the requirements of executive. They possess 10 years of relevant experience and demonstrate key skills in Excel. Their background provides concrete evidence for strong candidate suitability.
    [relevant_evidence] => Array
        (
            [0] => Work Experience: 10 Years total experience (Vacancy Required: Min 1 Years)
            [1] => Matched Core Skills: Excel
            [2] => Education: Matches required level (BSC)
            [3] => Domain Fit: Background in Human Resources
            [4] => Extracted Resume Skills: Recruitment, Payroll, Healthcare, Patient Care, Communication, Leadership, Documentation
        )

    [missing_requirements] => Array
        (
            [0] => Required Skills Not Found: Powerbi
        )

    [status] => Recommended
    [email] => mkshiji0809@gmail.com
    [name] => Shiji M K
    [mobileNumbers] => 7550080350
    [expyrs] => 10
    [experience_details] => Array
        (
            [jobs] => Array
                (
                    [0] => Array
                        (
                            [from] => 2022 jan
                            [to] => 2024 jan
                            [years] => 2
                            [months] => 0
                        )

                    [1] => Array
                        (
                            [from] => 2019 jan
                            [to] => 2021 jan
                            [years] => 2
                            [months] => 0
                        )

                    [2] => Array
                        (
                            [from] => 2008 jan
                            [to] => 2011 jan
                            [years] => 3
                            [months] => 0
                        )

                    [3] => Array
                        (
                            [from] => 2006 jan
                            [to] => 2008 jan
                            [years] => 2
                            [months] => 0
                        )

                    [4] => Array
                        (
                            [from] => 2005 jan
                            [to] => 2006 jan
                            [years] => 1
                            [months] => 0
                        )

                )

            [total] => 10 Years 0 Months
        )

    [domain] => Human Resources
    [matched_skills] => Excel
    [missing_skills] => Powerbi
    [all_extracted_skills] => Recruitment, Payroll, Healthcare, Patient Care, Communication, Leadership, Documentation
    [education_match] => Yes
    [experience] => Yes
    [detected_degree] => BSC
)

============================

============================
2026-08-18 10:38:27 | vacancy
SELECT jl.*, GROUP_CONCAT(s.SkillName ORDER BY s.SkillName SEPARATOR ', ') AS RequiredSkills
FROM `IHRJobsList` `jl`
LEFT JOIN `JobSkills` `js` ON `js`.`Jid` = `jl`.`Jid`
LEFT JOIN `IHSkills` `s` ON `s`.`SkillId` = `js`.`SkillId`
WHERE `jl`.`Jid` = '30'
GROUP BY `jl`.`Jid`
============================

==============================
2026-08-18 10:38:27 | START
Array
(
    [resumePath] => D:/xampp/htdocs/REC/atscheck/modal/CAND30_20260818103827516.pdf
    [vacancyId] => 30
    [jobTitle] => executive
)

==============================
2026-08-18 10:38:27 | PDF_EXTRACT_SUCCESS
MUGELAN M	 	
      Thiruvanmi  X U   & K H Q Q D L  	– 600041	 	
    	 +91 6382837713	 	
      	 muhilanmano04@gmail.com	 	
    	 LinkedIn: linkedin.com/in/mugelan	-m-68525521b	 	
 	
PROFESSIONAL SUMMARY	 	
Results	-driven Talent Acquisition Professional with 5   H D U V  R I  H [ S H U L H Q F H  L Q  H Q d	-to-end recruitment, 	
stakeholder management, team leadership, and client engagement across IT and non	-IT domains. Proven 	
expertise in sourcing, screening, interviewing, offer n	egotiation, and onboarding. Demonstrated success in 	
managing recruitment delivery, leading hiring teams, and closing critical positions for clients within 
defined timelines. Skilled in building strong candidate pipelines through LinkedIn, Naukri, referrals	, and 	
social networking platforms. Adept at handling multiple requirements simultaneousl   Z K L O H  P D L Q W D L Q L Q J  
qualit   K L U L Q J  V W D Q G D U G V  D Q G  H [ F H O O H Q W  F O L H Q W  U H O D W L R Q V K L S 
==============================
2026-08-18 10:38:27 | RAW_RESUME_TEXT
mugelan m	 	
      thiruvanmi  x u   & k h q q d l  	– 600041	 	
    	 +91 6382837713	 	
      	 muhilanmano04@gmail.com	 	
    	 linkedin: linkedin.com/in/mugelan	-m-68525521b	 	
 	
professional summary	 	
results	-driven talent acquisition professional with 5   h d u v  r i  h [ s h u l h q f h  l q  h q d	-to-end recruitment, 	
stakeholder management, team leadership, and client engagement across it and non	-it domains. proven 	
expertise in sourcing, screening, interviewing, offer n	egotiation, and onboarding. demonstrated success in 	
managing recruitment delivery, leading hiring teams, and closing critical positions for clients within 
defined timelines. skilled in building strong candidate pipelines through linkedin, naukri, referrals	, and 	
social networking platforms. adept at handling multiple requirements simultaneousl   z k l o h  p d l q w d l q l q j  
qualit   k l u l q j  v w d q g d u g v  d q g  h [ f h o o h q w  f o l h q w  u h o d w l r q v k l s v .	 	
core competencies	 	
end	-to-end recruitment, talent acquisition, it recruitment, non	-it recruitment, 	
leadership hiring, team management, stakeholder management, client relationship 
management, candidate sourcing, linkedin recruitment, naukri recruitment, screening & 
interviewi	ng, rca, 	onboarding	 & orientation	, negotiation	 & offer	 management	, job	 posting	 & 	
advertising	, team	 collaboration	 & communication, ai	 tools	, applicant	 tracking	 systems 	
(ats)	, job	 market	 analysis,	 	
 
professional experience	 	
principal consultant 	– lead quess corp	( contract ended)	 	
october 2025 	– april	 2026	 	
• 	managed end	-to-end recruitment for multiple clients across various industries.	 	
• 	led recruitment deliver   w h d p v  w r  d f k l h y h  k l u l q j  w d u j h w v  d q g  v h u y l f e	-level agreements.	 	
• 	collaborated with stakeholders and hiring managers to understand workforce requirements.	 	
• 	built and maintained strong candid
==============================
2026-08-18 10:38:27 | EXPERIENCE_DETAILS
Array
(
    [jobs] => Array
        (
            [0] => Array
                (
                    [from] => june 2025
                    [to] => august 2025
                    [years] => 0
                    [months] => 2
                )

            [1] => Array
                (
                    [from] => june 2024
                    [to] => june 2025
                    [years] => 1
                    [months] => 0
                )

        )

    [total] => 1 Years 2 Months
)

==============================
2026-08-18 10:38:27 | Email
muhilanmano04@gmail.com
==============================
2026-08-18 10:38:27 | Name
Mugelan M
==============================
2026-08-18 10:38:27 | Mobile
+91 6382837713
==============================
2026-08-18 10:38:27 | ExperienceYears
1.2
==============================
2026-08-18 10:38:27 | RECOMMENDATION_ANALYSIS
Array
(
    [matchedSkillsCount] => 1
    [requiredSkillsCount] => 2
    [candidateExp] => 1.2
    [minExpRequired] => 1
    [eduMatch] => 
)

==============================
2026-08-18 10:38:27 | RECOMMENDATION
Review Required
==============================
2026-08-18 10:38:27 | RECOMMENDATION_REASON
The candidate has a relevant background for executive, but specific requirements need verification during screening. Skill(s) like Powerbi were not clearly identified in the resume text. Recruiter review and phone screening are recommended.
============================
2026-08-18 10:38:27 | vacancy
Array
(
    [Jid] => 30
    [JobCode] => JOB-2026-0002
    [JobTitle] => executive
    [RoleSummary] => Data engineer
    [Did] => 1
    [EmploymentType] => Full-Time
    [WorkMode] => Onsite
    [EducationRequired] => bca,bsc,btech
    [ExpMin] => 1.00
    [ExpMax] => 2.00
    [SalMin] => 0
    [SalMax] => 0
    [Currency] => INR
    [NoofOpenings] => 1
    [JobStatus] => Open
    [JobDescription] => ssssssssssssssssssssssssssss
    [Responsibilities] => ssssssssssssssssssssssssssss
    [Qualifications] => 
    [JobLocation] => chennai
    [CommunicationLang] => english,hindi
    [PostedOn] => 2026-08-13 11:20:59
    [UpdatedOn] => 2026-08-17 17:37:29
    [ExpiryDate] => 
    [TargetOnboardingDate] => 2026-08-21
    [Salary] => 5 - 10 LPA
    [PostedBy] => 17
    [SkillScore] => 0
    [EducationScore] => 0
    [ExperienceScore] => 0
    [ProjectScore] => 0
    [CertificationScore] => 0
    [ResumeQualityScore] => 0
    [DomainKnowledgeScore] => 0
    [CtcApproverId] => 18
    [AssignedRecruiterManagerId] => 17
    [HoldUntilDate] => 
    [HoldReminderSentDate] => 
    [MustHaveSkills] => React, Node.js, MongoDB, REST API
    [NiceToHaveSkills] => Docker, AWS
    [RequiredSkills] => excel, powerbi
)

============================

============================
2026-08-18 10:38:27 | FINAL RESULT RETURN
Array
(
    [recommendation] => Review Required
    [recommendation_reason] => The candidate has a relevant background for executive, but specific requirements need verification during screening. Skill(s) like Powerbi were not clearly identified in the resume text. Recruiter review and phone screening are recommended.
    [relevant_evidence] => Array
        (
            [0] => Work Experience: 1.2 Years total experience (Vacancy Required: Min 1 Years)
            [1] => Matched Core Skills: Excel
            [2] => Domain Fit: Background in Human Resources
            [3] => Extracted Resume Skills: Recruitment, Onboarding, Social Media, Negotiation, Communication, Leadership
        )

    [missing_requirements] => Array
        (
            [0] => Required Skills Not Found: Powerbi
            [1] => Education Gap: Required qualification (bca,bsc,btech) not clearly identified in resume
        )

    [status] => Review Required
    [email] => muhilanmano04@gmail.com
    [name] => Mugelan M
    [mobileNumbers] => +91 6382837713
    [expyrs] => 1.2
    [experience_details] => Array
        (
            [jobs] => Array
                (
                    [0] => Array
                        (
                            [from] => june 2025
                            [to] => august 2025
                            [years] => 0
                            [months] => 2
                        )

                    [1] => Array
                        (
                            [from] => june 2024
                            [to] => june 2025
                            [years] => 1
                            [months] => 0
                        )

                )

            [total] => 1 Years 2 Months
        )

    [domain] => Human Resources
    [matched_skills] => Excel
    [missing_skills] => Powerbi
    [all_extracted_skills] => Recruitment, Onboarding, Social Media, Negotiation, Communication, Leadership
    [education_match] => No
    [experience] => Yes
    [detected_degree] => BACHELOR OF COMMERCE
)

============================

============================
2026-08-18 11:08:40 | vacancy
SELECT jl.*, GROUP_CONCAT(s.SkillName ORDER BY s.SkillName SEPARATOR ', ') AS RequiredSkills
FROM `IHRJobsList` `jl`
LEFT JOIN `JobSkills` `js` ON `js`.`Jid` = `jl`.`Jid`
LEFT JOIN `IHSkills` `s` ON `s`.`SkillId` = `js`.`SkillId`
WHERE `jl`.`Jid` = '30'
GROUP BY `jl`.`Jid`
============================

==============================
2026-08-18 11:08:40 | START
Array
(
    [resumePath] => D:/xampp/htdocs/REC/atscheck/modal/CAND30_20260818110840303.pdf
    [vacancyId] => 30
    [jobTitle] => executive
)

==============================
2026-08-18 11:08:40 | PDF_EXTRACT_SUCCESS
AGILAN	 B                                                                     	  	
Chennai, India | +91 	915	066	8484	 | agilanagi071@gmail.com	 | @linkedin: 	https://www.linkedin.com/in/agilan	-b 	
 
PROFESSIONAL SUMMARY	 	 	
Highly motivated and detail	-oriented Accounts Payable Analyst with 	2 years of proven experience in managing 	
AP  operations  within  deadline	-driven  environments.  Demonstrated  expertise  in  invoice  processing,  vendor 	
reconciliation, and resolving discrepancies in compliance with internal controls and financial policies. Skilled	 in 	
leveraging ERP systems 	Streamline workflows, ensure data accuracy, and support month	-end closing activities. 	
Adept at collaborating with cross	-functional teams to enhance process effic	iency and maintain strong vendor 	
relationships.  Committed  to  continuous  improvement,  accuracy,  and  delivering  high	-quality  financial  support 	
aligned with organizational goals.	 	
 
CORE SKILLS	 	 	
Accounting & Finance:	
==============================
2026-08-18 11:08:40 | RAW_RESUME_TEXT
agilan	 b                                                                     	  	
chennai, india | +91 	915	066	8484	 | agilanagi071@gmail.com	 | @linkedin: 	https://www.linkedin.com/in/agilan	-b 	
 
professional summary	 	 	
highly motivated and detail	-oriented accounts payable analyst with 	2 years of proven experience in managing 	
ap  operations  within  deadline	-driven  environments.  demonstrated  expertise  in  invoice  processing,  vendor 	
reconciliation, and resolving discrepancies in compliance with internal controls and financial policies. skilled	 in 	
leveraging erp systems 	streamline workflows, ensure data accuracy, and support month	-end closing activities. 	
adept at collaborating with cross	-functional teams to enhance process effic	iency and maintain strong vendor 	
relationships.  committed  to  continuous  improvement,  accuracy,  and  delivering  high	-quality  financial  support 	
aligned with organizational goals.	 	
 
core skills	 	 	
accounting & finance:	 accounts payable, procure	-to	-pay (p2p), vendor reconciliation, invoice processing, 	
month	-end closing, audit & compliance	 	
erp & tools: 	as400 	& 	oracle	  	
productivity tools: 	microsoft office suite (word, powerpoint, outlook, visio, onenote)	 	
 
professional experience	 	 	
projects & developments	 	
process executive 	– cognizant technology solutions                                                                                   	april 2024 	– present	   	
          	 	
– reviewed and processed vendor invoices, ensuring compliance with policies and accuracy of details.	 	
– resolved vendor queries and requests via email/tickets within the agreed sla.	 	
– performed 3	-way matching (invoice, purchase order, and goods receipt) in basware,	 	
– maintained and managed over 1,000 utility accounts, including gas, electricity, and water services	 	
– we will make utility payments on a daily basis, ensuring they are settled within the due dates 
specified on the in
==============================
2026-08-18 11:08:40 | EXPERIENCE_DETAILS
Array
(
    [jobs] => Array
        (
            [0] => Array
                (
                    [from] => april 2024
                    [to] => present
                    [years] => 2
                    [months] => 4
                )

            [1] => Array
                (
                    [from] => 2020 jan
                    [to] => 2023 jan
                    [years] => 3
                    [months] => 0
                )

        )

    [total] => 5 Years 4 Months
)

==============================
2026-08-18 11:08:40 | Email
agilanagi071@gmail.com
==============================
2026-08-18 11:08:40 | Name
Agilan B
==============================
2026-08-18 11:08:40 | Mobile

==============================
2026-08-18 11:08:40 | ExperienceYears
5.3
==============================
2026-08-18 11:08:40 | RECOMMENDATION_ANALYSIS
Array
(
    [matchedSkillsCount] => 1
    [requiredSkillsCount] => 2
    [candidateExp] => 5.3
    [minExpRequired] => 1
    [eduMatch] => 
)

==============================
2026-08-18 11:08:40 | RECOMMENDATION
Review Required
==============================
2026-08-18 11:08:40 | RECOMMENDATION_REASON
The candidate has a relevant background for executive, but specific requirements need verification during screening. Skill(s) like Powerbi were not clearly identified in the resume text. Recruiter review and phone screening are recommended.
============================
2026-08-18 11:08:40 | vacancy
Array
(
    [Jid] => 30
    [JobCode] => JOB-2026-0002
    [JobTitle] => executive
    [RoleSummary] => Data engineer
    [Did] => 1
    [EmploymentType] => Full-Time
    [WorkMode] => Onsite
    [EducationRequired] => bca,bsc,btech
    [ExpMin] => 1.00
    [ExpMax] => 2.00
    [SalMin] => 0
    [SalMax] => 0
    [Currency] => INR
    [NoofOpenings] => 1
    [JobStatus] => Open
    [JobDescription] => ssssssssssssssssssssssssssss
    [Responsibilities] => ssssssssssssssssssssssssssss
    [Qualifications] => 
    [JobLocation] => chennai
    [CommunicationLang] => english,hindi
    [PostedOn] => 2026-08-13 11:20:59
    [UpdatedOn] => 2026-08-17 17:37:29
    [ExpiryDate] => 
    [TargetOnboardingDate] => 2026-08-21
    [Salary] => 5 - 10 LPA
    [PostedBy] => 17
    [SkillScore] => 0
    [EducationScore] => 0
    [ExperienceScore] => 0
    [ProjectScore] => 0
    [CertificationScore] => 0
    [ResumeQualityScore] => 0
    [DomainKnowledgeScore] => 0
    [CtcApproverId] => 18
    [AssignedRecruiterManagerId] => 17
    [HoldUntilDate] => 
    [HoldReminderSentDate] => 
    [MustHaveSkills] => React, Node.js, MongoDB, REST API
    [NiceToHaveSkills] => Docker, AWS
    [RequiredSkills] => excel, powerbi
)

============================

============================
2026-08-18 11:08:40 | FINAL RESULT RETURN
Array
(
    [recommendation] => Review Required
    [recommendation_reason] => The candidate has a relevant background for executive, but specific requirements need verification during screening. Skill(s) like Powerbi were not clearly identified in the resume text. Recruiter review and phone screening are recommended.
    [relevant_evidence] => Array
        (
            [0] => Work Experience: 5.3 Years total experience (Vacancy Required: Min 1 Years)
            [1] => Matched Core Skills: Excel
            [2] => Domain Fit: Background in Finance & Accounts
            [3] => Extracted Resume Skills: Oracle, Accounting, Billing, Audit, Tally, Accounts Payable, Purchase Order
        )

    [missing_requirements] => Array
        (
            [0] => Required Skills Not Found: Powerbi
            [1] => Education Gap: Required qualification (bca,bsc,btech) not clearly identified in resume
        )

    [status] => Review Required
    [email] => agilanagi071@gmail.com
    [name] => Agilan B
    [mobileNumbers] => 
    [expyrs] => 5.3
    [experience_details] => Array
        (
            [jobs] => Array
                (
                    [0] => Array
                        (
                            [from] => april 2024
                            [to] => present
                            [years] => 2
                            [months] => 4
                        )

                    [1] => Array
                        (
                            [from] => 2020 jan
                            [to] => 2023 jan
                            [years] => 3
                            [months] => 0
                        )

                )

            [total] => 5 Years 4 Months
        )

    [domain] => Finance & Accounts
    [matched_skills] => Excel
    [missing_skills] => Powerbi
    [all_extracted_skills] => Oracle, Accounting, Billing, Audit, Tally, Accounts Payable, Purchase Order
    [education_match] => No
    [experience] => Yes
    [detected_degree] => BACHELOR OF COMMERCE
)

============================

============================
2026-08-18 11:09:05 | vacancy
SELECT jl.*, GROUP_CONCAT(s.SkillName ORDER BY s.SkillName SEPARATOR ', ') AS RequiredSkills
FROM `IHRJobsList` `jl`
LEFT JOIN `JobSkills` `js` ON `js`.`Jid` = `jl`.`Jid`
LEFT JOIN `IHSkills` `s` ON `s`.`SkillId` = `js`.`SkillId`
WHERE `jl`.`Jid` = '30'
GROUP BY `jl`.`Jid`
============================

==============================
2026-08-18 11:09:05 | START
Array
(
    [resumePath] => D:/xampp/htdocs/REC/atscheck/modal/CAND30_20260818110905589.pdf
    [vacancyId] => 30
    [jobTitle] => executive
)

==============================
2026-08-18 11:09:05 | PDF_EXTRACT_SUCCESS
SANJAYA SRIDHAR 	
Chennai | 81483 14442 | sanjayajayanthi2001@gmail.com	 	
 
PROFESSIONAL SUMMARY 	
Detail-oriented Finance professional with over 2.5 years of experience in 	
Disbursement Accounting, Revenue & Expense Accounting, Customer Invoicing, and Cash 
Application. Demonstrated ability to manage high-volume transactions with 100% accuracy, 
meet strict SLAs, and collaborate effectively with cross-functional and global stakeholders. 
Known for analytical thinking, process improvement, and strong attention to detail. 
CORE COMPETENCIES 
 
 
 
 
PROFESSIONAL EXPERIENCE 	
 	
Inchcape Shipping Services –Accounts Executive        Nov 2023 – Present 
 
	 	Perform end-to-end accounting of supplier invoices after validating accuracy, approvals, 
and compliance with company policies. 	
	 	Coordinate with Operations and Sales teams to ensure timely submission of invoices and 
resolve discrepancies 	
	 	Work closely with Local Port Agents (LPA) and Operations to address invoic
==============================
2026-08-18 11:09:05 | RAW_RESUME_TEXT
sanjaya sridhar 	
chennai | 81483 14442 | sanjayajayanthi2001@gmail.com	 	
 
professional summary 	
detail-oriented finance professional with over 2.5 years of experience in 	
disbursement accounting, revenue & expense accounting, customer invoicing, and cash 
application. demonstrated ability to manage high-volume transactions with 100% accuracy, 
meet strict slas, and collaborate effectively with cross-functional and global stakeholders. 
known for analytical thinking, process improvement, and strong attention to detail. 
core competencies 
 
 
 
 
professional experience 	
 	
inchcape shipping services –accounts executive        nov 2023 – present 
 
	 	perform end-to-end accounting of supplier invoices after validating accuracy, approvals, 
and compliance with company policies. 	
	 	coordinate with operations and sales teams to ensure timely submission of invoices and 
resolve discrepancies 	
	 	work closely with local port agents (lpa) and operations to address invoice queries and 
close issues promptly. 	
	 	account revenues and expenses in line with contracted rates, pro-forma invoices, baseline 
templates, and closed estimates. 	
	 	generate and dispatch customer invoices while adhering to customer-specific billing 
requirements. 	
	 	track daily bank statements from banking portals and maintain accurate cash trackers. 	
	 	perform daily cash application and bank reconciliation within 24-hour sla. 	
	 	clear unallocated and unidentified payments with root cause analysis. 	
	 	post customer receipts with 100% accuracy and support ar and collections teams. 	
	 	prepare and circulate month-end accrual, pending, and rejection reports to stakeholders. 	
	 	reconcile processed invoices against system reports to ensure zero variance. 	
	 	support process transitions, knowledge sharing, and continuous improvement initiatives. 	
	 	maintain strong working relationships with internal teams and external stakeholders 	
disburse
==============================
2026-08-18 11:09:05 | EXPERIENCE_DETAILS
Array
(
    [jobs] => Array
        (
            [0] => Array
                (
                    [from] => nov 2023
                    [to] => present
                    [years] => 2
                    [months] => 10
                )

            [1] => Array
                (
                    [from] => jun 2022
                    [to] => jan 2023
                    [years] => 0
                    [months] => 7
                )

        )

    [total] => 3 Years 5 Months
)

==============================
2026-08-18 11:09:05 | Email
sanjayajayanthi2001@gmail.com
==============================
2026-08-18 11:09:05 | Name
Sanjaya Sridhar
==============================
2026-08-18 11:09:05 | Mobile

==============================
2026-08-18 11:09:05 | ExperienceYears
2.5
==============================
2026-08-18 11:09:05 | RECOMMENDATION_ANALYSIS
Array
(
    [matchedSkillsCount] => 1
    [requiredSkillsCount] => 2
    [candidateExp] => 2.5
    [minExpRequired] => 1
    [eduMatch] => 
)

==============================
2026-08-18 11:09:05 | RECOMMENDATION
Review Required
==============================
2026-08-18 11:09:05 | RECOMMENDATION_REASON
The candidate has a relevant background for executive, but specific requirements need verification during screening. Skill(s) like Powerbi were not clearly identified in the resume text. Recruiter review and phone screening are recommended.
============================
2026-08-18 11:09:05 | vacancy
Array
(
    [Jid] => 30
    [JobCode] => JOB-2026-0002
    [JobTitle] => executive
    [RoleSummary] => Data engineer
    [Did] => 1
    [EmploymentType] => Full-Time
    [WorkMode] => Onsite
    [EducationRequired] => bca,bsc,btech
    [ExpMin] => 1.00
    [ExpMax] => 2.00
    [SalMin] => 0
    [SalMax] => 0
    [Currency] => INR
    [NoofOpenings] => 1
    [JobStatus] => Open
    [JobDescription] => ssssssssssssssssssssssssssss
    [Responsibilities] => ssssssssssssssssssssssssssss
    [Qualifications] => 
    [JobLocation] => chennai
    [CommunicationLang] => english,hindi
    [PostedOn] => 2026-08-13 11:20:59
    [UpdatedOn] => 2026-08-17 17:37:29
    [ExpiryDate] => 
    [TargetOnboardingDate] => 2026-08-21
    [Salary] => 5 - 10 LPA
    [PostedBy] => 17
    [SkillScore] => 0
    [EducationScore] => 0
    [ExperienceScore] => 0
    [ProjectScore] => 0
    [CertificationScore] => 0
    [ResumeQualityScore] => 0
    [DomainKnowledgeScore] => 0
    [CtcApproverId] => 18
    [AssignedRecruiterManagerId] => 17
    [HoldUntilDate] => 
    [HoldReminderSentDate] => 
    [MustHaveSkills] => React, Node.js, MongoDB, REST API
    [NiceToHaveSkills] => Docker, AWS
    [RequiredSkills] => excel, powerbi
)

============================

============================
2026-08-18 11:09:05 | FINAL RESULT RETURN
Array
(
    [recommendation] => Review Required
    [recommendation_reason] => The candidate has a relevant background for executive, but specific requirements need verification during screening. Skill(s) like Powerbi were not clearly identified in the resume text. Recruiter review and phone screening are recommended.
    [relevant_evidence] => Array
        (
            [0] => Work Experience: 2.5 Years total experience (Vacancy Required: Min 1 Years)
            [1] => Matched Core Skills: Excel
            [2] => Domain Fit: Background in Finance & Accounts
            [3] => Extracted Resume Skills: Accounting, Billing, Sales, Communication, Analytical Skills, Time Management, Documentation
        )

    [missing_requirements] => Array
        (
            [0] => Required Skills Not Found: Powerbi
            [1] => Education Gap: Required qualification (bca,bsc,btech) not clearly identified in resume
        )

    [status] => Review Required
    [email] => sanjayajayanthi2001@gmail.com
    [name] => Sanjaya Sridhar
    [mobileNumbers] => 
    [expyrs] => 2.5
    [experience_details] => Array
        (
            [jobs] => Array
                (
                    [0] => Array
                        (
                            [from] => nov 2023
                            [to] => present
                            [years] => 2
                            [months] => 10
                        )

                    [1] => Array
                        (
                            [from] => jun 2022
                            [to] => jan 2023
                            [years] => 0
                            [months] => 7
                        )

                )

            [total] => 3 Years 5 Months
        )

    [domain] => Finance & Accounts
    [matched_skills] => Excel
    [missing_skills] => Powerbi
    [all_extracted_skills] => Accounting, Billing, Sales, Communication, Analytical Skills, Time Management, Documentation
    [education_match] => No
    [experience] => Yes
    [detected_degree] => BA
)

============================

============================
2026-08-18 11:09:23 | vacancy
SELECT jl.*, GROUP_CONCAT(s.SkillName ORDER BY s.SkillName SEPARATOR ', ') AS RequiredSkills
FROM `IHRJobsList` `jl`
LEFT JOIN `JobSkills` `js` ON `js`.`Jid` = `jl`.`Jid`
LEFT JOIN `IHSkills` `s` ON `s`.`SkillId` = `js`.`SkillId`
WHERE `jl`.`Jid` = '30'
GROUP BY `jl`.`Jid`
============================

==============================
2026-08-18 11:09:23 | START
Array
(
    [resumePath] => D:/xampp/htdocs/REC/atscheck/modal/CAND30_20260818110923480.pdf
    [vacancyId] => 30
    [jobTitle] => executive
)

==============================
2026-08-18 11:09:23 | PDF_EXTRACT_SUCCESS
AGILAN	 B                                                                     	  	
Chennai, India | +91 	915	066	8484	 | agilanagi071@gmail.com	 | @linkedin: 	https://www.linkedin.com/in/agilan	-b 	
 
PROFESSIONAL SUMMARY	 	 	
Highly motivated and detail	-oriented Accounts Payable Analyst with 	2 years of proven experience in managing 	
AP  operations  within  deadline	-driven  environments.  Demonstrated  expertise  in  invoice  processing,  vendor 	
reconciliation, and resolving discrepancies in compliance with internal controls and financial policies. Skilled	 in 	
leveraging ERP systems 	Streamline workflows, ensure data accuracy, and support month	-end closing activities. 	
Adept at collaborating with cross	-functional teams to enhance process effic	iency and maintain strong vendor 	
relationships.  Committed  to  continuous  improvement,  accuracy,  and  delivering  high	-quality  financial  support 	
aligned with organizational goals.	 	
 
CORE SKILLS	 	 	
Accounting & Finance:	
==============================
2026-08-18 11:09:23 | RAW_RESUME_TEXT
agilan	 b                                                                     	  	
chennai, india | +91 	915	066	8484	 | agilanagi071@gmail.com	 | @linkedin: 	https://www.linkedin.com/in/agilan	-b 	
 
professional summary	 	 	
highly motivated and detail	-oriented accounts payable analyst with 	2 years of proven experience in managing 	
ap  operations  within  deadline	-driven  environments.  demonstrated  expertise  in  invoice  processing,  vendor 	
reconciliation, and resolving discrepancies in compliance with internal controls and financial policies. skilled	 in 	
leveraging erp systems 	streamline workflows, ensure data accuracy, and support month	-end closing activities. 	
adept at collaborating with cross	-functional teams to enhance process effic	iency and maintain strong vendor 	
relationships.  committed  to  continuous  improvement,  accuracy,  and  delivering  high	-quality  financial  support 	
aligned with organizational goals.	 	
 
core skills	 	 	
accounting & finance:	 accounts payable, procure	-to	-pay (p2p), vendor reconciliation, invoice processing, 	
month	-end closing, audit & compliance	 	
erp & tools: 	as400 	& 	oracle	  	
productivity tools: 	microsoft office suite (word, powerpoint, outlook, visio, onenote)	 	
 
professional experience	 	 	
projects & developments	 	
process executive 	– cognizant technology solutions                                                                                   	april 2024 	– present	   	
          	 	
– reviewed and processed vendor invoices, ensuring compliance with policies and accuracy of details.	 	
– resolved vendor queries and requests via email/tickets within the agreed sla.	 	
– performed 3	-way matching (invoice, purchase order, and goods receipt) in basware,	 	
– maintained and managed over 1,000 utility accounts, including gas, electricity, and water services	 	
– we will make utility payments on a daily basis, ensuring they are settled within the due dates 
specified on the in
==============================
2026-08-18 11:09:23 | EXPERIENCE_DETAILS
Array
(
    [jobs] => Array
        (
            [0] => Array
                (
                    [from] => april 2024
                    [to] => present
                    [years] => 2
                    [months] => 4
                )

            [1] => Array
                (
                    [from] => 2020 jan
                    [to] => 2023 jan
                    [years] => 3
                    [months] => 0
                )

        )

    [total] => 5 Years 4 Months
)

==============================
2026-08-18 11:09:23 | Email
agilanagi071@gmail.com
==============================
2026-08-18 11:09:23 | Name
Agilan B
==============================
2026-08-18 11:09:23 | Mobile

==============================
2026-08-18 11:09:23 | ExperienceYears
5.3
==============================
2026-08-18 11:09:23 | RECOMMENDATION_ANALYSIS
Array
(
    [matchedSkillsCount] => 1
    [requiredSkillsCount] => 2
    [candidateExp] => 5.3
    [minExpRequired] => 1
    [eduMatch] => 
)

==============================
2026-08-18 11:09:23 | RECOMMENDATION
Review Required
==============================
2026-08-18 11:09:23 | RECOMMENDATION_REASON
The candidate has a relevant background for executive, but specific requirements need verification during screening. Skill(s) like Powerbi were not clearly identified in the resume text. Recruiter review and phone screening are recommended.
============================
2026-08-18 11:09:23 | vacancy
Array
(
    [Jid] => 30
    [JobCode] => JOB-2026-0002
    [JobTitle] => executive
    [RoleSummary] => Data engineer
    [Did] => 1
    [EmploymentType] => Full-Time
    [WorkMode] => Onsite
    [EducationRequired] => bca,bsc,btech
    [ExpMin] => 1.00
    [ExpMax] => 2.00
    [SalMin] => 0
    [SalMax] => 0
    [Currency] => INR
    [NoofOpenings] => 1
    [JobStatus] => Open
    [JobDescription] => ssssssssssssssssssssssssssss
    [Responsibilities] => ssssssssssssssssssssssssssss
    [Qualifications] => 
    [JobLocation] => chennai
    [CommunicationLang] => english,hindi
    [PostedOn] => 2026-08-13 11:20:59
    [UpdatedOn] => 2026-08-17 17:37:29
    [ExpiryDate] => 
    [TargetOnboardingDate] => 2026-08-21
    [Salary] => 5 - 10 LPA
    [PostedBy] => 17
    [SkillScore] => 0
    [EducationScore] => 0
    [ExperienceScore] => 0
    [ProjectScore] => 0
    [CertificationScore] => 0
    [ResumeQualityScore] => 0
    [DomainKnowledgeScore] => 0
    [CtcApproverId] => 18
    [AssignedRecruiterManagerId] => 17
    [HoldUntilDate] => 
    [HoldReminderSentDate] => 
    [MustHaveSkills] => React, Node.js, MongoDB, REST API
    [NiceToHaveSkills] => Docker, AWS
    [RequiredSkills] => excel, powerbi
)

============================

============================
2026-08-18 11:09:23 | FINAL RESULT RETURN
Array
(
    [recommendation] => Review Required
    [recommendation_reason] => The candidate has a relevant background for executive, but specific requirements need verification during screening. Skill(s) like Powerbi were not clearly identified in the resume text. Recruiter review and phone screening are recommended.
    [relevant_evidence] => Array
        (
            [0] => Work Experience: 5.3 Years total experience (Vacancy Required: Min 1 Years)
            [1] => Matched Core Skills: Excel
            [2] => Domain Fit: Background in Finance & Accounts
            [3] => Extracted Resume Skills: Oracle, Accounting, Billing, Audit, Tally, Accounts Payable, Purchase Order
        )

    [missing_requirements] => Array
        (
            [0] => Required Skills Not Found: Powerbi
            [1] => Education Gap: Required qualification (bca,bsc,btech) not clearly identified in resume
        )

    [status] => Review Required
    [email] => agilanagi071@gmail.com
    [name] => Agilan B
    [mobileNumbers] => 
    [expyrs] => 5.3
    [experience_details] => Array
        (
            [jobs] => Array
                (
                    [0] => Array
                        (
                            [from] => april 2024
                            [to] => present
                            [years] => 2
                            [months] => 4
                        )

                    [1] => Array
                        (
                            [from] => 2020 jan
                            [to] => 2023 jan
                            [years] => 3
                            [months] => 0
                        )

                )

            [total] => 5 Years 4 Months
        )

    [domain] => Finance & Accounts
    [matched_skills] => Excel
    [missing_skills] => Powerbi
    [all_extracted_skills] => Oracle, Accounting, Billing, Audit, Tally, Accounts Payable, Purchase Order
    [education_match] => No
    [experience] => Yes
    [detected_degree] => BACHELOR OF COMMERCE
)

============================

============================
2026-08-18 11:09:37 | vacancy
SELECT jl.*, GROUP_CONCAT(s.SkillName ORDER BY s.SkillName SEPARATOR ', ') AS RequiredSkills
FROM `IHRJobsList` `jl`
LEFT JOIN `JobSkills` `js` ON `js`.`Jid` = `jl`.`Jid`
LEFT JOIN `IHSkills` `s` ON `s`.`SkillId` = `js`.`SkillId`
WHERE `jl`.`Jid` = '30'
GROUP BY `jl`.`Jid`
============================

==============================
2026-08-18 11:09:37 | START
Array
(
    [resumePath] => D:/xampp/htdocs/REC/atscheck/modal/CAND30_20260818110937764.pdf
    [vacancyId] => 30
    [jobTitle] => executive
)

==============================
2026-08-18 11:09:37 | PDF_EXTRACT_SUCCESS
SALESFORCE	 DEVELOPER	 	
KAMBHAMPATI FRANCIS	 	
☎	 9347001544	 	
✉ francis6062@gmail.com	 	
 	 	
Professional	 Summary	 	
Having	 3+ years	 of hands	-on experience	 in Salesforce	 CRM	 implementations,	 including	 development, 	administration, and 	
Lightning component development.	 	
Strong	 experience	 working	 with	 Sales	 Cloud	 and	 Service	 Cloud,	 delivering	 customized	 business	 solutions.	 	
Hands	-on expertise	 in developing	 Apex	 Classes,	 Triggers,	 Batch	 Apex,	 and	 Apex	 Schedulers	 to impleme	nt complex business 	
logic.	 	
Hands	 on Experience	 in writing	 optimized	 SOQL	 queries	 within	 Apex	 classes	 and	 triggers.	 	
Implemented	 security	 and	 access	 controls	 using	 profiles,	 permission	 sets,	 object	-level,	 field	-level,	 and	 record	-level sharing 	
rules, 	Experience using Postman to test and validate REST API integrations.	 	
Strong	 experience	 working	 with	 Salesforce	 standard	 objects	 such	 as Accounts,	 Contacts,	 Leads,	 and 	Opportunities.
==============================
2026-08-18 11:09:37 | RAW_RESUME_TEXT
salesforce	 developer	 	
kambhampati francis	 	
☞	 9347001544	 	
✉ francis6062@gmail.com	 	
 	 	
professional	 summary	 	
having	 3+ years	 of hands	-on experience	 in salesforce	 crm	 implementations,	 including	 development, 	administration, and 	
lightning component development.	 	
strong	 experience	 working	 with	 sales	 cloud	 and	 service	 cloud,	 delivering	 customized	 business	 solutions.	 	
hands	-on expertise	 in developing	 apex	 classes,	 triggers,	 batch	 apex,	 and	 apex	 schedulers	 to impleme	nt complex business 	
logic.	 	
hands	 on experience	 in writing	 optimized	 soql	 queries	 within	 apex	 classes	 and	 triggers.	 	
implemented	 security	 and	 access	 controls	 using	 profiles,	 permission	 sets,	 object	-level,	 field	-level,	 and	 record	-level sharing 	
rules, 	experience using postman to test and validate rest api integrations.	 	
strong	 experience	 working	 with	 salesforce	 standard	 objects	 such	 as accounts,	 contacts,	 leads,	 and 	opportunities.	 	
developed dynamic and reusable lightning components	 using lightning	 web co	mponents	 (lwc). 	developed	 	
rest	 apis	 using	 apex	 and	 successfully	 integrated	 third	-party rest	 apis	 with	 salesforce.	 	
strong	 understanding	 of server	-side	 business	 logic	 implementation	 using	 apex	 to support	 enterprise	-level 	
requirements, solid knowledge of 	javascript for handling client	-side logic in lightning components.	 	
proficient	 in html,	 css,	 and	 salesforce	 lightning	 design	 system (slds)	 to build	 responsive	 and	 user	-friendly custom uis.	 	
worked	 with	 lightning	 data	 service	 (lds)	 to perform	 efficient	 crud	 operations	 and	 ensure	 data	 consistency. hands	-	
on	 experience	 using	 lightning	 message	 service	 (lms)	 and	 pubsub.js	 for	 component	 communication.	 	
technical	 skills	 	
• salesforce	 development:	 apex	 (classes,	 triggers,	 batch,	 scheduled,	 future),	 soql,	 sosl,	 rest/soap 	apis, 	
custom objects, lds	 	
• omnistudio	 (vlocity
==============================
2026-08-18 11:09:37 | EXPERIENCE_DETAILS
Array
(
    [jobs] => Array
        (
            [0] => Array
                (
                    [from] => 2013 jan
                    [to] => 2017 jan
                    [years] => 4
                    [months] => 0
                )

        )

    [total] => 4 Years 0 Months
)

==============================
2026-08-18 11:09:37 | Email
francis6062@gmail.com
==============================
2026-08-18 11:09:37 | Name
Salesforce Developer
==============================
2026-08-18 11:09:37 | Mobile
9347001544
==============================
2026-08-18 11:09:37 | ExperienceYears
4
==============================
2026-08-18 11:09:37 | RECOMMENDATION_ANALYSIS
Array
(
    [matchedSkillsCount] => 0
    [requiredSkillsCount] => 2
    [candidateExp] => 4
    [minExpRequired] => 1
    [eduMatch] => 
)

==============================
2026-08-18 11:09:37 | RECOMMENDATION
Review Required
==============================
2026-08-18 11:09:37 | RECOMMENDATION_REASON
The candidate has a relevant background for executive, but specific requirements need verification during screening. Skill(s) like Excel, Powerbi were not clearly identified in the resume text. Recruiter review and phone screening are recommended.
============================
2026-08-18 11:09:37 | vacancy
Array
(
    [Jid] => 30
    [JobCode] => JOB-2026-0002
    [JobTitle] => executive
    [RoleSummary] => Data engineer
    [Did] => 1
    [EmploymentType] => Full-Time
    [WorkMode] => Onsite
    [EducationRequired] => bca,bsc,btech
    [ExpMin] => 1.00
    [ExpMax] => 2.00
    [SalMin] => 0
    [SalMax] => 0
    [Currency] => INR
    [NoofOpenings] => 1
    [JobStatus] => Open
    [JobDescription] => ssssssssssssssssssssssssssss
    [Responsibilities] => ssssssssssssssssssssssssssss
    [Qualifications] => 
    [JobLocation] => chennai
    [CommunicationLang] => english,hindi
    [PostedOn] => 2026-08-13 11:20:59
    [UpdatedOn] => 2026-08-17 17:37:29
    [ExpiryDate] => 
    [TargetOnboardingDate] => 2026-08-21
    [Salary] => 5 - 10 LPA
    [PostedBy] => 17
    [SkillScore] => 0
    [EducationScore] => 0
    [ExperienceScore] => 0
    [ProjectScore] => 0
    [CertificationScore] => 0
    [ResumeQualityScore] => 0
    [DomainKnowledgeScore] => 0
    [CtcApproverId] => 18
    [AssignedRecruiterManagerId] => 17
    [HoldUntilDate] => 
    [HoldReminderSentDate] => 
    [MustHaveSkills] => React, Node.js, MongoDB, REST API
    [NiceToHaveSkills] => Docker, AWS
    [RequiredSkills] => excel, powerbi
)

============================

============================
2026-08-18 11:09:37 | FINAL RESULT RETURN
Array
(
    [recommendation] => Review Required
    [recommendation_reason] => The candidate has a relevant background for executive, but specific requirements need verification during screening. Skill(s) like Excel, Powerbi were not clearly identified in the resume text. Recruiter review and phone screening are recommended.
    [relevant_evidence] => Array
        (
            [0] => Work Experience: 4 Years total experience (Vacancy Required: Min 1 Years)
            [1] => Domain Fit: Background in Human Resources
            [2] => Extracted Resume Skills: Javascript, Html, Css, React, Rest Api, Onboarding, Accounting, Crm
        )

    [missing_requirements] => Array
        (
            [0] => Required Skills Not Found: Excel, Powerbi
            [1] => Education Gap: Required qualification (bca,bsc,btech) not clearly identified in resume
        )

    [status] => Review Required
    [email] => francis6062@gmail.com
    [name] => Salesforce Developer
    [mobileNumbers] => 9347001544
    [expyrs] => 4
    [experience_details] => Array
        (
            [jobs] => Array
                (
                    [0] => Array
                        (
                            [from] => 2013 jan
                            [to] => 2017 jan
                            [years] => 4
                            [months] => 0
                        )

                )

            [total] => 4 Years 0 Months
        )

    [domain] => Human Resources
    [matched_skills] => 
    [missing_skills] => Excel, Powerbi
    [all_extracted_skills] => Javascript, Html, Css, React, Rest Api, Onboarding, Accounting, Crm, Sales, Communication
    [education_match] => No
    [experience] => Yes
    [detected_degree] => BACHELOR OF TECHNOLOGY
)

============================

============================
2026-08-18 11:13:09 | vacancy
SELECT jl.*, GROUP_CONCAT(s.SkillName ORDER BY s.SkillName SEPARATOR ', ') AS RequiredSkills
FROM `IHRJobsList` `jl`
LEFT JOIN `JobSkills` `js` ON `js`.`Jid` = `jl`.`Jid`
LEFT JOIN `IHSkills` `s` ON `s`.`SkillId` = `js`.`SkillId`
WHERE `jl`.`Jid` = '30'
GROUP BY `jl`.`Jid`
============================

==============================
2026-08-18 11:13:09 | START
Array
(
    [resumePath] => D:/xampp/htdocs/REC/atscheck/modal/CAND30_20260818111309217.docx
    [vacancyId] => 30
    [jobTitle] => executive
)

==============================
2026-08-18 11:13:09 | RAW_RESUME_TEXT
﻿marimuthu p salesforce developer +91 96007 42358 | ✉ marimuthu.vlk@gmail.com |  tiruvarur, tamil nadu https://www.linkedin.com/in/marimuthu-palanivel-017192344/ professional summary salesforce certified developer with 3.5+ years of experience in salesforce development and administration. skilled in apex, lightning web components (lwc), soql/sosl, and automation tools like flows and process builder. proven track record in delivering scalable, efficient solutions across sales cloud, service cloud, and experience cloud. strong grasp of data migration, security models, and integration via rest apis. committed to agile methodologies and continuous improvement. certifications • salesforce certified platform developer i • salesforce certified administrator • salesforce ai associate • salesforce ai specialist • salesforce certified associate technical skills • salesforce technologies: apex, lwc, visualforce, soql, sosl, flows, process builder, approvals, dashboards • tools: visual studio code, developer console, data loader, workbench, git, jira, postman • web technologies: html, javascript, css • salesforce features: sso, salesforce connect, big objects, platform events, cdc • cloud experience: sales cloud, service cloud, experience cloud • data migration: import wizard, data loader, bulk api • other: integration using rest apis, security model, sharing rules, profiles, and roles work experience salesforce admin &amp; developer subsel tech solution pvt. ltd. — april 2022 – present • developed and deployed custom applications using apex, visualforce, lwc, and lightning components.• built and maintained automation using flows, process builder, and approval processes. • worked with standard/custom objects including accounts, contacts, opportunities, cases, leads, etc. • implemented security at organization, object, field, and record levels. • migrated data using data loader and workbench. • designed dashboards and reports to suppor
==============================
2026-08-18 11:13:09 | EXPERIENCE_DETAILS
Array
(
    [jobs] => Array
        (
            [0] => Array
                (
                    [from] => april 2022
                    [to] => present
                    [years] => 4
                    [months] => 5
                )

            [1] => Array
                (
                    [from] => apr 2022
                    [to] => may 2023
                    [years] => 1
                    [months] => 1
                )

            [2] => Array
                (
                    [from] => jun 2023
                    [to] => nov 2024
                    [years] => 1
                    [months] => 5
                )

            [3] => Array
                (
                    [from] => dec 2023
                    [to] => may 2024
                    [years] => 0
                    [months] => 5
                )

            [4] => Array
                (
                    [from] => jun 2024
                    [to] => present
                    [years] => 2
                    [months] => 2
                )

        )

    [total] => 9 Years 6 Months
)

==============================
2026-08-18 11:13:09 | Email
marimuthu.vlk@gmail.com
==============================
2026-08-18 11:13:09 | Name

==============================
2026-08-18 11:13:09 | Mobile

==============================
2026-08-18 11:13:09 | ExperienceYears
3.5
==============================
2026-08-18 11:13:09 | RECOMMENDATION_ANALYSIS
Array
(
    [matchedSkillsCount] => 0
    [requiredSkillsCount] => 2
    [candidateExp] => 3.5
    [minExpRequired] => 1
    [eduMatch] => 
)

==============================
2026-08-18 11:13:09 | RECOMMENDATION
Review Required
==============================
2026-08-18 11:13:09 | RECOMMENDATION_REASON
The candidate has a relevant background for executive, but specific requirements need verification during screening. Skill(s) like Excel, Powerbi were not clearly identified in the resume text. Recruiter review and phone screening are recommended.
============================
2026-08-18 11:13:09 | vacancy
Array
(
    [Jid] => 30
    [JobCode] => JOB-2026-0002
    [JobTitle] => executive
    [RoleSummary] => Data engineer
    [Did] => 1
    [EmploymentType] => Full-Time
    [WorkMode] => Onsite
    [EducationRequired] => bca,bsc,btech
    [ExpMin] => 1.00
    [ExpMax] => 2.00
    [SalMin] => 0
    [SalMax] => 0
    [Currency] => INR
    [NoofOpenings] => 1
    [JobStatus] => Open
    [JobDescription] => ssssssssssssssssssssssssssss
    [Responsibilities] => ssssssssssssssssssssssssssss
    [Qualifications] => 
    [JobLocation] => chennai
    [CommunicationLang] => english,hindi
    [PostedOn] => 2026-08-13 11:20:59
    [UpdatedOn] => 2026-08-17 17:37:29
    [ExpiryDate] => 
    [TargetOnboardingDate] => 2026-08-21
    [Salary] => 5 - 10 LPA
    [PostedBy] => 17
    [SkillScore] => 0
    [EducationScore] => 0
    [ExperienceScore] => 0
    [ProjectScore] => 0
    [CertificationScore] => 0
    [ResumeQualityScore] => 0
    [DomainKnowledgeScore] => 0
    [CtcApproverId] => 18
    [AssignedRecruiterManagerId] => 17
    [HoldUntilDate] => 
    [HoldReminderSentDate] => 
    [MustHaveSkills] => React, Node.js, MongoDB, REST API
    [NiceToHaveSkills] => Docker, AWS
    [RequiredSkills] => excel, powerbi
)

============================

============================
2026-08-18 11:13:09 | FINAL RESULT RETURN
Array
(
    [recommendation] => Review Required
    [recommendation_reason] => The candidate has a relevant background for executive, but specific requirements need verification during screening. Skill(s) like Excel, Powerbi were not clearly identified in the resume text. Recruiter review and phone screening are recommended.
    [relevant_evidence] => Array
        (
            [0] => Work Experience: 3.5 Years total experience (Vacancy Required: Min 1 Years)
            [1] => Domain Fit: Background in Finance & Accounts
            [2] => Extracted Resume Skills: Javascript, Html, Css, Rest Api, Git, Accounting, Taxation, Crm
        )

    [missing_requirements] => Array
        (
            [0] => Required Skills Not Found: Excel, Powerbi
            [1] => Education Gap: Required qualification (bca,bsc,btech) not clearly identified in resume
        )

    [status] => Review Required
    [email] => marimuthu.vlk@gmail.com
    [name] => 
    [mobileNumbers] => 
    [expyrs] => 3.5
    [experience_details] => Array
        (
            [jobs] => Array
                (
                    [0] => Array
                        (
                            [from] => april 2022
                            [to] => present
                            [years] => 4
                            [months] => 5
                        )

                    [1] => Array
                        (
                            [from] => apr 2022
                            [to] => may 2023
                            [years] => 1
                            [months] => 1
                        )

                    [2] => Array
                        (
                            [from] => jun 2023
                            [to] => nov 2024
                            [years] => 1
                            [months] => 5
                        )

                    [3] => Array
                        (
                            [from] => dec 2023
                            [to] => may 2024
                            [years] => 0
                            [months] => 5
                        )

                    [4] => Array
                        (
                            [from] => jun 2024
                            [to] => present
                            [years] => 2
                            [months] => 2
                        )

                )

            [total] => 9 Years 6 Months
        )

    [domain] => Finance & Accounts
    [matched_skills] => 
    [missing_skills] => Excel, Powerbi
    [all_extracted_skills] => Javascript, Html, Css, Rest Api, Git, Accounting, Taxation, Crm, Sales, Inventory Management, Agile
    [education_match] => No
    [experience] => Yes
    [detected_degree] => BACHELOR OF ENGINEERING
)

============================

============================
2026-08-18 11:13:21 | vacancy
SELECT jl.*, GROUP_CONCAT(s.SkillName ORDER BY s.SkillName SEPARATOR ', ') AS RequiredSkills
FROM `IHRJobsList` `jl`
LEFT JOIN `JobSkills` `js` ON `js`.`Jid` = `jl`.`Jid`
LEFT JOIN `IHSkills` `s` ON `s`.`SkillId` = `js`.`SkillId`
WHERE `jl`.`Jid` = '30'
GROUP BY `jl`.`Jid`
============================

==============================
2026-08-18 11:13:21 | START
Array
(
    [resumePath] => D:/xampp/htdocs/REC/atscheck/modal/CAND30_20260818111321960.docx
    [vacancyId] => 30
    [jobTitle] => executive
)

==============================
2026-08-18 11:13:21 | RAW_RESUME_TEXT
﻿vijay kit &amp; network support engineer (l1)phone: 7867070840 | email: vijaykumaresan92@gmail.com952500141605professional summarydedicated it support &amp; l1 network engineer with hands-on experience in desktop support, hardware troubleshooting, network basics, o365, vpn support, and it asset management. strong ability to resolve user issues efficiently and ensure smooth it operations.952500258445key skillstechnical skillsnetworking fundamentalsccna course completed  tcp/ip, osi model, ip addressing &amp; subnetting, vlan config, routing protocol, nat, dhcp, dns, stp and wan connectivity.network devices &amp; installationswitch &amp; router installation and mounting, patch panel &amp; rack management, structured cabling, access point mounting &amp; configuration, network hardware troubleshooting.configuration &amp; managementcisco routers &amp; switches, vlan configuration, inter vlan routing, wireless access point setup and vpn configuration.network switch aclaccess control lists (acls), vpn setup, basic intrusion prevention techniques.monitoring &amp; troubleshootingit supportswitch movement, it asset maintenance and tracking, o365, laptop &amp; desktop configuration &amp; troubleshooting, printer setup (hp&amp; zebra barcode printer), &amp; application installation.soft skillsstrong problem-solving and analytical abilities.hands-on experience in device installation &amp; network cabling.ability to learn quickly and adapt to new technologies, team collaboration and support coordination.professional experience it supportengineer(l1)sentinel technology pvt ltd(client: tata electronics products &amp; solutions), hosur dec 2024 – presentcctv hardware engineer networking952500186690ipqc – in process quality controlbangalore datacom pvt ltd(client: tata electronics pvt. ltd.), hosur jul 2023 – nov 2024id card printing data maintained access control help desk952500182880education b.a economicssacred heart college (autonomous) tirupattur dist. tamil nadu2018 �
==============================
2026-08-18 11:13:21 | EXPERIENCE_DETAILS
Array
(
    [jobs] => Array
        (
            [0] => Array
                (
                    [from] => dec 2024
                    [to] => present
                    [years] => 1
                    [months] => 8
                )

            [1] => Array
                (
                    [from] => jul 2023
                    [to] => nov 2024
                    [years] => 1
                    [months] => 4
                )

            [2] => Array
                (
                    [from] => 2018 jan
                    [to] => 2021 jan
                    [years] => 3
                    [months] => 0
                )

        )

    [total] => 6 Years 0 Months
)

==============================
2026-08-18 11:13:21 | Email
vijaykumaresan92@gmail.com
==============================
2026-08-18 11:13:21 | Name

==============================
2026-08-18 11:13:21 | Mobile
7867070840, 9525001416, 9525002584, 9525001866, 9525001828, 9525002933, 9525002889
==============================
2026-08-18 11:13:21 | ExperienceYears
6
==============================
2026-08-18 11:13:21 | RECOMMENDATION_ANALYSIS
Array
(
    [matchedSkillsCount] => 0
    [requiredSkillsCount] => 2
    [candidateExp] => 6
    [minExpRequired] => 1
    [eduMatch] => 
)

==============================
2026-08-18 11:13:21 | RECOMMENDATION
Review Required
==============================
2026-08-18 11:13:21 | RECOMMENDATION_REASON
The candidate has a relevant background for executive, but specific requirements need verification during screening. Skill(s) like Excel, Powerbi were not clearly identified in the resume text. Recruiter review and phone screening are recommended.
============================
2026-08-18 11:13:21 | vacancy
Array
(
    [Jid] => 30
    [JobCode] => JOB-2026-0002
    [JobTitle] => executive
    [RoleSummary] => Data engineer
    [Did] => 1
    [EmploymentType] => Full-Time
    [WorkMode] => Onsite
    [EducationRequired] => bca,bsc,btech
    [ExpMin] => 1.00
    [ExpMax] => 2.00
    [SalMin] => 0
    [SalMax] => 0
    [Currency] => INR
    [NoofOpenings] => 1
    [JobStatus] => Open
    [JobDescription] => ssssssssssssssssssssssssssss
    [Responsibilities] => ssssssssssssssssssssssssssss
    [Qualifications] => 
    [JobLocation] => chennai
    [CommunicationLang] => english,hindi
    [PostedOn] => 2026-08-13 11:20:59
    [UpdatedOn] => 2026-08-17 17:37:29
    [ExpiryDate] => 
    [TargetOnboardingDate] => 2026-08-21
    [Salary] => 5 - 10 LPA
    [PostedBy] => 17
    [SkillScore] => 0
    [EducationScore] => 0
    [ExperienceScore] => 0
    [ProjectScore] => 0
    [CertificationScore] => 0
    [ResumeQualityScore] => 0
    [DomainKnowledgeScore] => 0
    [CtcApproverId] => 18
    [AssignedRecruiterManagerId] => 17
    [HoldUntilDate] => 
    [HoldReminderSentDate] => 
    [MustHaveSkills] => React, Node.js, MongoDB, REST API
    [NiceToHaveSkills] => Docker, AWS
    [RequiredSkills] => excel, powerbi
)

============================

============================
2026-08-18 11:13:21 | FINAL RESULT RETURN
Array
(
    [recommendation] => Review Required
    [recommendation_reason] => The candidate has a relevant background for executive, but specific requirements need verification during screening. Skill(s) like Excel, Powerbi were not clearly identified in the resume text. Recruiter review and phone screening are recommended.
    [relevant_evidence] => Array
        (
            [0] => Work Experience: 6 Years total experience (Vacancy Required: Min 1 Years)
            [1] => Domain Fit: Background in Software & IT
            [2] => Extracted Resume Skills: Analytical Skills
        )

    [missing_requirements] => Array
        (
            [0] => Required Skills Not Found: Excel, Powerbi
            [1] => Education Gap: Required qualification (bca,bsc,btech) not clearly identified in resume
        )

    [status] => Review Required
    [email] => vijaykumaresan92@gmail.com
    [name] => 
    [mobileNumbers] => 7867070840, 9525001416, 9525002584, 9525001866, 9525001828, 9525002933, 9525002889
    [expyrs] => 6
    [experience_details] => Array
        (
            [jobs] => Array
                (
                    [0] => Array
                        (
                            [from] => dec 2024
                            [to] => present
                            [years] => 1
                            [months] => 8
                        )

                    [1] => Array
                        (
                            [from] => jul 2023
                            [to] => nov 2024
                            [years] => 1
                            [months] => 4
                        )

                    [2] => Array
                        (
                            [from] => 2018 jan
                            [to] => 2021 jan
                            [years] => 3
                            [months] => 0
                        )

                )

            [total] => 6 Years 0 Months
        )

    [domain] => Software & IT
    [matched_skills] => 
    [missing_skills] => Excel, Powerbi
    [all_extracted_skills] => Analytical Skills
    [education_match] => No
    [experience] => Yes
    [detected_degree] => BA
)

============================

============================
2026-08-18 12:54:41 | vacancy
SELECT jl.*, GROUP_CONCAT(s.SkillName ORDER BY s.SkillName SEPARATOR ', ') AS RequiredSkills
FROM `IHRJobsList` `jl`
LEFT JOIN `JobSkills` `js` ON `js`.`Jid` = `jl`.`Jid`
LEFT JOIN `IHSkills` `s` ON `s`.`SkillId` = `js`.`SkillId`
WHERE `jl`.`Jid` = '31'
GROUP BY `jl`.`Jid`
============================

==============================
2026-08-18 12:54:41 | START
Array
(
    [resumePath] => D:/xampp/htdocs/REC/atscheck/modal/CAND31_20260818125441117.pdf
    [vacancyId] => 31
    [jobTitle] => HUMAN RESOURCES
)

==============================
2026-08-18 12:54:41 | PDF_EXTRACT_SUCCESS
AGILAN	 B                                                                     	  	
Chennai, India | +91 	915	066	8484	 | agilanagi071@gmail.com	 | @linkedin: 	https://www.linkedin.com/in/agilan	-b 	
 
PROFESSIONAL SUMMARY	 	 	
Highly motivated and detail	-oriented Accounts Payable Analyst with 	2 years of proven experience in managing 	
AP  operations  within  deadline	-driven  environments.  Demonstrated  expertise  in  invoice  processing,  vendor 	
reconciliation, and resolving discrepancies in compliance with internal controls and financial policies. Skilled	 in 	
leveraging ERP systems 	Streamline workflows, ensure data accuracy, and support month	-end closing activities. 	
Adept at collaborating with cross	-functional teams to enhance process effic	iency and maintain strong vendor 	
relationships.  Committed  to  continuous  improvement,  accuracy,  and  delivering  high	-quality  financial  support 	
aligned with organizational goals.	 	
 
CORE SKILLS	 	 	
Accounting & Finance:	
==============================
2026-08-18 12:54:41 | RAW_RESUME_TEXT
agilan	 b                                                                     	  	
chennai, india | +91 	915	066	8484	 | agilanagi071@gmail.com	 | @linkedin: 	https://www.linkedin.com/in/agilan	-b 	
 
professional summary	 	 	
highly motivated and detail	-oriented accounts payable analyst with 	2 years of proven experience in managing 	
ap  operations  within  deadline	-driven  environments.  demonstrated  expertise  in  invoice  processing,  vendor 	
reconciliation, and resolving discrepancies in compliance with internal controls and financial policies. skilled	 in 	
leveraging erp systems 	streamline workflows, ensure data accuracy, and support month	-end closing activities. 	
adept at collaborating with cross	-functional teams to enhance process effic	iency and maintain strong vendor 	
relationships.  committed  to  continuous  improvement,  accuracy,  and  delivering  high	-quality  financial  support 	
aligned with organizational goals.	 	
 
core skills	 	 	
accounting & finance:	 accounts payable, procure	-to	-pay (p2p), vendor reconciliation, invoice processing, 	
month	-end closing, audit & compliance	 	
erp & tools: 	as400 	& 	oracle	  	
productivity tools: 	microsoft office suite (word, powerpoint, outlook, visio, onenote)	 	
 
professional experience	 	 	
projects & developments	 	
process executive 	– cognizant technology solutions                                                                                   	april 2024 	– present	   	
          	 	
– reviewed and processed vendor invoices, ensuring compliance with policies and accuracy of details.	 	
– resolved vendor queries and requests via email/tickets within the agreed sla.	 	
– performed 3	-way matching (invoice, purchase order, and goods receipt) in basware,	 	
– maintained and managed over 1,000 utility accounts, including gas, electricity, and water services	 	
– we will make utility payments on a daily basis, ensuring they are settled within the due dates 
specified on the in
==============================
2026-08-18 12:54:41 | EXPERIENCE_DETAILS
Array
(
    [jobs] => Array
        (
            [0] => Array
                (
                    [from] => april 2024
                    [to] => present
                    [years] => 2
                    [months] => 4
                )

            [1] => Array
                (
                    [from] => 2020 jan
                    [to] => 2023 jan
                    [years] => 3
                    [months] => 0
                )

        )

    [total] => 5 Years 4 Months
)

==============================
2026-08-18 12:54:41 | Email
agilanagi071@gmail.com
==============================
2026-08-18 12:54:41 | Name
Agilan B
==============================
2026-08-18 12:54:41 | Mobile

==============================
2026-08-18 12:54:41 | ExperienceYears
5.3
==============================
2026-08-18 12:54:41 | RECOMMENDATION_ANALYSIS
Array
(
    [matchedSkillsCount] => 1
    [requiredSkillsCount] => 4
    [candidateExp] => 5.3
    [minExpRequired] => 2.5
    [eduMatch] => 1
    [domainStatus] => WRONG_DOMAIN
    [candidateDomain] => Finance & Accounting
    [jobDomain] => Human Resources
)

==============================
2026-08-18 12:54:41 | RECOMMENDATION
Not Suitable
==============================
2026-08-18 12:54:41 | RECOMMENDATION_REASON
Wrong domain: The candidate's resume indicates a Finance & Accounting background, while this vacancy belongs to Human Resources. The candidate's professional domain does not align with the requirements of this position.
============================
2026-08-18 12:54:41 | vacancy
Array
(
    [Jid] => 31
    [JobCode] => JOB-2026-0003
    [JobTitle] => HUMAN RESOURCES
    [RoleSummary] => HR RECUIRTER
    [Did] => 3
    [EmploymentType] => Full-Time
    [WorkMode] => Onsite
    [EducationRequired] => MBA,BBA,Behavioral Science,MHRM
    [ExpMin] => 2.50
    [ExpMax] => 3.00
    [SalMin] => 0
    [SalMax] => 0
    [Currency] => INR
    [NoofOpenings] => 1
    [JobStatus] => Open
    [JobDescription] => We are seeking an energetic and detail-oriented HR Recruiter to manage our full-cycle recruitment process. In this role, you will be responsible for sourcing, attracting, interviewing, and onboarding top-tier talent to meet our business growth goals. You will collaborate closely with department heads and hiring managers to understand staffing needs, create effective hiring strategies, and deliver an exceptional candidate experience.
    [Responsibilities] => Sourcing & Candidate Attraction
Post and manage open positions on job boards, professional networks (e.g., LinkedIn), social media platforms, and university career portals.

Use advanced sourcing techniques (Boolean search, passive networking, employee referrals) to discover hidden talent for specialized or hard-to-fill roles.

Attend job fairs, virtual hiring events, and industry conferences to build proactive talent pools.

2. Screening & Evaluation
Review incoming resumes, portfolios, and job applications against role specifications.

Conduct initial phone screenings and video interviews to assess candidates' technical fit, communication skills, and alignment with company culture.

Coordinate and schedule interviews between qualified candidates and hiring managers or technical evaluation panels.
    [Qualifications] => 
    [JobLocation] => chennai
    [CommunicationLang] => hindi,English,Tamil
    [PostedOn] => 2026-08-13 15:31:15
    [UpdatedOn] => 2026-08-13 17:28:47
    [ExpiryDate] => 
    [TargetOnboardingDate] => 2026-08-31
    [Salary] => 3
    [PostedBy] => 17
    [SkillScore] => 0
    [EducationScore] => 0
    [ExperienceScore] => 0
    [ProjectScore] => 0
    [CertificationScore] => 0
    [ResumeQualityScore] => 0
    [DomainKnowledgeScore] => 0
    [CtcApproverId] => 17
    [AssignedRecruiterManagerId] => 
    [HoldUntilDate] => 
    [HoldReminderSentDate] => 
    [MustHaveSkills] => Communication,Negotiation & Pitching,Stakeholder Management,Time Management
    [NiceToHaveSkills] => 
    [RequiredSkills] => 
)

============================

============================
2026-08-18 12:54:41 | FINAL RESULT RETURN
Array
(
    [recommendation] => Not Suitable
    [recommendation_reason] => Wrong domain: The candidate's resume indicates a Finance & Accounting background, while this vacancy belongs to Human Resources. The candidate's professional domain does not align with the requirements of this position.
    [relevant_evidence] => Array
        (
            [0] => Work Experience: 5.3 Years total experience (Vacancy Required: Min 2.5 Years)
            [1] => Matched Core Skills: Time Management
            [2] => Education: Matches required level (BA)
            [3] => Domain Fit: Background in Finance & Accounting
            [4] => Extracted Resume Skills: Oracle, Accounting, Billing, Audit, Tally, Accounts Payable, Purchase Order
        )

    [missing_requirements] => Array
        (
            [0] => Required Skills Not Found: Communication, Negotiation & Pitching, Stakeholder Management
        )

    [status] => Not Suitable
    [email] => agilanagi071@gmail.com
    [name] => Agilan B
    [mobileNumbers] => 
    [expyrs] => 5.3
    [experience_details] => Array
        (
            [jobs] => Array
                (
                    [0] => Array
                        (
                            [from] => april 2024
                            [to] => present
                            [years] => 2
                            [months] => 4
                        )

                    [1] => Array
                        (
                            [from] => 2020 jan
                            [to] => 2023 jan
                            [years] => 3
                            [months] => 0
                        )

                )

            [total] => 5 Years 4 Months
        )

    [domain] => Finance & Accounting
    [job_domain] => Human Resources
    [candidate_domain] => Finance & Accounting
    [domain_status] => WRONG_DOMAIN
    [domain_analysis] => Array
        (
            [candidate_domain] => Finance & Accounting
            [candidate_domain_confidence] => High
            [job_domain] => Human Resources
            [job_domain_confidence] => Low
            [domain_status] => WRONG_DOMAIN
            [domain_reason] => Wrong domain: The candidate's resume indicates a Finance & Accounting background, while this vacancy belongs to Human Resources. The candidate's professional domain does not align with the requirements of this position.
            [domain_evidence] => Array
                (
                    [0] => finance
                    [1] => accounting
                    [2] => accounts
                    [3] => tally
                    [4] => audit
                    [5] => invoice
                    [6] => ledger
                )

        )

    [matched_skills] => Time Management
    [missing_skills] => Communication, Negotiation & Pitching, Stakeholder Management
    [all_extracted_skills] => Oracle, Accounting, Billing, Audit, Tally, Accounts Payable, Purchase Order
    [education_match] => Yes
    [experience] => Yes
    [detected_degree] => BA
    [candidate_profile] => Array
        (
            [headline] => Finance & Accounting Professional
            [current_role] => Finance & Accounting Professional
            [current_company] => leveraging ERP systems
            [summary] => Finance & Accounting Professional with 5.3 years of total professional experience and hands-on exposure to Oracle, Accounting, Billing, Audit, Tally, Accounts Payable, Purchase Order.
            [degree] => BA
            [institution] => St. Thomas College of Arts and Science, affiliated with the University
            [grad_year] => 2020
            [training] => Not specified in resume
            [categorized_skills] => Array
                (
                    [Database] => Oracle
                    [Finance & Accounts] => Accounting, Billing, Audit, Tally, Accounts Payable
                    [Other Skills] => Purchase Order
                )

            [work_history] => Array
                (
                    [0] => Array
                        (
                            [role] => Finance & Accounting Professional
                            [company] => leveraging ERP systems
                            [period] => april 2024 - present
                            [duration] => 2 Yrs 4 Mos
                        )

                    [1] => Array
                        (
                            [role] => Finance & Accounting Professional
                            [company] => leveraging ERP systems
                            [period] => 2020 jan - 2023 jan
                            [duration] => 3 Yrs 0 Mos
                        )

                )

            [projects] => Array
                (
                )

            [domain] => Finance & Accounting
        )

)

============================

============================
2026-08-19 10:32:30 | vacancy
SELECT jl.*, GROUP_CONCAT(s.SkillName ORDER BY s.SkillName SEPARATOR ', ') AS RequiredSkills
FROM `IHRJobsList` `jl`
LEFT JOIN `JobSkills` `js` ON `js`.`Jid` = `jl`.`Jid`
LEFT JOIN `IHSkills` `s` ON `s`.`SkillId` = `js`.`SkillId`
WHERE `jl`.`Jid` = '30'
GROUP BY `jl`.`Jid`
============================

==============================
2026-08-19 10:32:30 | START
Array
(
    [resumePath] => D:/xampp/htdocs/REC/atscheck/modal/CAND30_20260819103230865.pdf
    [vacancyId] => 30
    [jobTitle] => executive
)

==============================
2026-08-19 10:32:30 | PDF_EXTRACT_SUCCESS
AGILAN	 B                                                                     	  	
Chennai, India | +91 	915	066	8484	 | agilanagi071@gmail.com	 | @linkedin: 	https://www.linkedin.com/in/agilan	-b 	
 
PROFESSIONAL SUMMARY	 	 	
Highly motivated and detail	-oriented Accounts Payable Analyst with 	2 years of proven experience in managing 	
AP  operations  within  deadline	-driven  environments.  Demonstrated  expertise  in  invoice  processing,  vendor 	
reconciliation, and resolving discrepancies in compliance with internal controls and financial policies. Skilled	 in 	
leveraging ERP systems 	Streamline workflows, ensure data accuracy, and support month	-end closing activities. 	
Adept at collaborating with cross	-functional teams to enhance process effic	iency and maintain strong vendor 	
relationships.  Committed  to  continuous  improvement,  accuracy,  and  delivering  high	-quality  financial  support 	
aligned with organizational goals.	 	
 
CORE SKILLS	 	 	
Accounting & Finance:	
==============================
2026-08-19 10:32:30 | RAW_RESUME_TEXT
agilan	 b                                                                     	  	
chennai, india | +91 	915	066	8484	 | agilanagi071@gmail.com	 | @linkedin: 	https://www.linkedin.com/in/agilan	-b 	
 
professional summary	 	 	
highly motivated and detail	-oriented accounts payable analyst with 	2 years of proven experience in managing 	
ap  operations  within  deadline	-driven  environments.  demonstrated  expertise  in  invoice  processing,  vendor 	
reconciliation, and resolving discrepancies in compliance with internal controls and financial policies. skilled	 in 	
leveraging erp systems 	streamline workflows, ensure data accuracy, and support month	-end closing activities. 	
adept at collaborating with cross	-functional teams to enhance process effic	iency and maintain strong vendor 	
relationships.  committed  to  continuous  improvement,  accuracy,  and  delivering  high	-quality  financial  support 	
aligned with organizational goals.	 	
 
core skills	 	 	
accounting & finance:	 accounts payable, procure	-to	-pay (p2p), vendor reconciliation, invoice processing, 	
month	-end closing, audit & compliance	 	
erp & tools: 	as400 	& 	oracle	  	
productivity tools: 	microsoft office suite (word, powerpoint, outlook, visio, onenote)	 	
 
professional experience	 	 	
projects & developments	 	
process executive 	– cognizant technology solutions                                                                                   	april 2024 	– present	   	
          	 	
– reviewed and processed vendor invoices, ensuring compliance with policies and accuracy of details.	 	
– resolved vendor queries and requests via email/tickets within the agreed sla.	 	
– performed 3	-way matching (invoice, purchase order, and goods receipt) in basware,	 	
– maintained and managed over 1,000 utility accounts, including gas, electricity, and water services	 	
– we will make utility payments on a daily basis, ensuring they are settled within the due dates 
specified on the in
==============================
2026-08-19 10:32:30 | EXPERIENCE_DETAILS
Array
(
    [jobs] => Array
        (
            [0] => Array
                (
                    [from] => april 2024
                    [to] => present
                    [years] => 2
                    [months] => 5
                )

            [1] => Array
                (
                    [from] => 2020 jan
                    [to] => 2023 jan
                    [years] => 3
                    [months] => 0
                )

        )

    [total] => 5 Years 5 Months
)

==============================
2026-08-19 10:32:30 | Email
agilanagi071@gmail.com
==============================
2026-08-19 10:32:30 | Name
Agilan B
==============================
2026-08-19 10:32:30 | Mobile

==============================
2026-08-19 10:32:30 | ExperienceYears
5.4
==============================
2026-08-19 10:32:30 | RECOMMENDATION_ANALYSIS
Array
(
    [matchedSkillsCount] => 1
    [requiredSkillsCount] => 2
    [candidateExp] => 5.4
    [minExpRequired] => 1
    [eduMatch] => 
    [domainStatus] => WRONG_DOMAIN
    [candidateDomain] => Finance & Accounting
    [jobDomain] => Software & IT
)

==============================
2026-08-19 10:32:30 | RECOMMENDATION
Not Suitable
==============================
2026-08-19 10:32:30 | RECOMMENDATION_REASON
Wrong domain: The candidate's resume indicates a Finance & Accounting background, while this vacancy belongs to Software & IT. The candidate's professional domain does not align with the requirements of this position.
============================
2026-08-19 10:32:30 | vacancy
Array
(
    [Jid] => 30
    [JobCode] => JOB-2026-0002
    [JobTitle] => executive
    [RoleSummary] => Data engineer
    [Did] => 1
    [EmploymentType] => Full-Time
    [WorkMode] => Onsite
    [EducationRequired] => bca,bsc,btech
    [ExpMin] => 1.00
    [ExpMax] => 2.00
    [SalMin] => 0
    [SalMax] => 0
    [Currency] => INR
    [NoofOpenings] => 1
    [JobStatus] => Open
    [JobDescription] => ssssssssssssssssssssssssssss
    [Responsibilities] => ssssssssssssssssssssssssssss
    [Qualifications] => 
    [JobLocation] => chennai
    [CommunicationLang] => english,hindi
    [PostedOn] => 2026-08-13 11:20:59
    [UpdatedOn] => 2026-08-18 12:08:40
    [ExpiryDate] => 
    [TargetOnboardingDate] => 2026-08-21
    [Salary] => 5 - 10 LPA
    [PostedBy] => 17
    [SkillScore] => 0
    [EducationScore] => 0
    [ExperienceScore] => 0
    [ProjectScore] => 0
    [CertificationScore] => 0
    [ResumeQualityScore] => 0
    [DomainKnowledgeScore] => 0
    [CtcApproverId] => 18
    [AssignedRecruiterManagerId] => 17
    [HoldUntilDate] => 
    [HoldReminderSentDate] => 
    [MustHaveSkills] => React, Node.js, MongoDB, REST API
    [NiceToHaveSkills] => Docker, AWS
    [RequiredSkills] => excel, powerbi
)

============================

============================
2026-08-19 10:32:30 | FINAL RESULT RETURN
Array
(
    [recommendation] => Not Suitable
    [recommendation_reason] => Wrong domain: The candidate's resume indicates a Finance & Accounting background, while this vacancy belongs to Software & IT. The candidate's professional domain does not align with the requirements of this position.
    [relevant_evidence] => Array
        (
            [0] => Work Experience: 5.4 Years total experience (Vacancy Required: Min 1 Years)
            [1] => Matched Core Skills: Excel
            [2] => Domain Fit: Background in Finance & Accounting
            [3] => Extracted Resume Skills: Oracle, Accounting, Billing, Audit, Tally, Accounts Payable, Purchase Order
        )

    [missing_requirements] => Array
        (
            [0] => Required Skills Not Found: Powerbi
            [1] => Education Gap: Required qualification (bca,bsc,btech) not clearly identified in resume
        )

    [status] => Not Suitable
    [email] => agilanagi071@gmail.com
    [name] => Agilan B
    [mobileNumbers] => 
    [expyrs] => 5.4
    [experience_details] => Array
        (
            [jobs] => Array
                (
                    [0] => Array
                        (
                            [from] => april 2024
                            [to] => present
                            [years] => 2
                            [months] => 5
                        )

                    [1] => Array
                        (
                            [from] => 2020 jan
                            [to] => 2023 jan
                            [years] => 3
                            [months] => 0
                        )

                )

            [total] => 5 Years 5 Months
        )

    [domain] => Finance & Accounting
    [job_domain] => Software & IT
    [candidate_domain] => Finance & Accounting
    [domain_status] => WRONG_DOMAIN
    [domain_analysis] => Array
        (
            [candidate_domain] => Finance & Accounting
            [candidate_domain_confidence] => High
            [job_domain] => Software & IT
            [job_domain_confidence] => Low
            [domain_status] => WRONG_DOMAIN
            [domain_reason] => Wrong domain: The candidate's resume indicates a Finance & Accounting background, while this vacancy belongs to Software & IT. The candidate's professional domain does not align with the requirements of this position.
            [domain_evidence] => Array
                (
                    [0] => finance
                    [1] => accounting
                    [2] => accounts
                    [3] => tally
                    [4] => audit
                    [5] => invoice
                    [6] => ledger
                )

        )

    [matched_skills] => Excel
    [missing_skills] => Powerbi
    [all_extracted_skills] => Oracle, Accounting, Billing, Audit, Tally, Accounts Payable, Purchase Order
    [education_match] => No
    [experience] => Yes
    [detected_degree] => BACHELOR OF COMMERCE
    [candidate_profile] => Array
        (
            [headline] => Finance & Accounting Professional
            [current_role] => Finance & Accounting Professional
            [current_company] => leveraging ERP systems
            [summary] => Finance & Accounting Professional with 5.4 years of total professional experience and hands-on exposure to Oracle, Accounting, Billing, Audit, Tally, Accounts Payable, Purchase Order.
            [degree] => BACHELOR OF COMMERCE
            [institution] => St. Thomas College of Arts and Science, affiliated with the University
            [grad_year] => 2020
            [training] => Not specified in resume
            [categorized_skills] => Array
                (
                    [Database] => Oracle
                    [Finance & Accounts] => Accounting, Billing, Audit, Tally, Accounts Payable
                    [Other Skills] => Purchase Order
                )

            [work_history] => Array
                (
                    [0] => Array
                        (
                            [role] => Finance & Accounting Professional
                            [company] => leveraging ERP systems
                            [period] => april 2024 - present
                            [duration] => 2 Yrs 5 Mos
                        )

                    [1] => Array
                        (
                            [role] => Finance & Accounting Professional
                            [company] => leveraging ERP systems
                            [period] => 2020 jan - 2023 jan
                            [duration] => 3 Yrs 0 Mos
                        )

                )

            [projects] => Array
                (
                )

            [domain] => Finance & Accounting
        )

)

============================

============================
2026-08-19 10:32:54 | vacancy
SELECT jl.*, GROUP_CONCAT(s.SkillName ORDER BY s.SkillName SEPARATOR ', ') AS RequiredSkills
FROM `IHRJobsList` `jl`
LEFT JOIN `JobSkills` `js` ON `js`.`Jid` = `jl`.`Jid`
LEFT JOIN `IHSkills` `s` ON `s`.`SkillId` = `js`.`SkillId`
WHERE `jl`.`Jid` = '30'
GROUP BY `jl`.`Jid`
============================

==============================
2026-08-19 10:32:54 | START
Array
(
    [resumePath] => D:/xampp/htdocs/REC/atscheck/modal/CAND30_20260819103254684.pdf
    [vacancyId] => 30
    [jobTitle] => executive
)

==============================
2026-08-19 10:32:54 | PDF_EXTRACT_SUCCESS
AGILAN	 B                                                                     	  	
Chennai, India | +91 	915	066	8484	 | agilanagi071@gmail.com	 | @linkedin: 	https://www.linkedin.com/in/agilan	-b 	
 
PROFESSIONAL SUMMARY	 	 	
Highly motivated and detail	-oriented Accounts Payable Analyst with 	2 years of proven experience in managing 	
AP  operations  within  deadline	-driven  environments.  Demonstrated  expertise  in  invoice  processing,  vendor 	
reconciliation, and resolving discrepancies in compliance with internal controls and financial policies. Skilled	 in 	
leveraging ERP systems 	Streamline workflows, ensure data accuracy, and support month	-end closing activities. 	
Adept at collaborating with cross	-functional teams to enhance process effic	iency and maintain strong vendor 	
relationships.  Committed  to  continuous  improvement,  accuracy,  and  delivering  high	-quality  financial  support 	
aligned with organizational goals.	 	
 
CORE SKILLS	 	 	
Accounting & Finance:	
==============================
2026-08-19 10:32:54 | RAW_RESUME_TEXT
agilan	 b                                                                     	  	
chennai, india | +91 	915	066	8484	 | agilanagi071@gmail.com	 | @linkedin: 	https://www.linkedin.com/in/agilan	-b 	
 
professional summary	 	 	
highly motivated and detail	-oriented accounts payable analyst with 	2 years of proven experience in managing 	
ap  operations  within  deadline	-driven  environments.  demonstrated  expertise  in  invoice  processing,  vendor 	
reconciliation, and resolving discrepancies in compliance with internal controls and financial policies. skilled	 in 	
leveraging erp systems 	streamline workflows, ensure data accuracy, and support month	-end closing activities. 	
adept at collaborating with cross	-functional teams to enhance process effic	iency and maintain strong vendor 	
relationships.  committed  to  continuous  improvement,  accuracy,  and  delivering  high	-quality  financial  support 	
aligned with organizational goals.	 	
 
core skills	 	 	
accounting & finance:	 accounts payable, procure	-to	-pay (p2p), vendor reconciliation, invoice processing, 	
month	-end closing, audit & compliance	 	
erp & tools: 	as400 	& 	oracle	  	
productivity tools: 	microsoft office suite (word, powerpoint, outlook, visio, onenote)	 	
 
professional experience	 	 	
projects & developments	 	
process executive 	– cognizant technology solutions                                                                                   	april 2024 	– present	   	
          	 	
– reviewed and processed vendor invoices, ensuring compliance with policies and accuracy of details.	 	
– resolved vendor queries and requests via email/tickets within the agreed sla.	 	
– performed 3	-way matching (invoice, purchase order, and goods receipt) in basware,	 	
– maintained and managed over 1,000 utility accounts, including gas, electricity, and water services	 	
– we will make utility payments on a daily basis, ensuring they are settled within the due dates 
specified on the in
==============================
2026-08-19 10:32:54 | EXPERIENCE_DETAILS
Array
(
    [jobs] => Array
        (
            [0] => Array
                (
                    [from] => april 2024
                    [to] => present
                    [years] => 2
                    [months] => 5
                )

            [1] => Array
                (
                    [from] => 2020 jan
                    [to] => 2023 jan
                    [years] => 3
                    [months] => 0
                )

        )

    [total] => 5 Years 5 Months
)

==============================
2026-08-19 10:32:54 | Email
agilanagi071@gmail.com
==============================
2026-08-19 10:32:54 | Name
Agilan B
==============================
2026-08-19 10:32:54 | Mobile

==============================
2026-08-19 10:32:54 | ExperienceYears
5.4
==============================
2026-08-19 10:32:54 | RECOMMENDATION_ANALYSIS
Array
(
    [matchedSkillsCount] => 1
    [requiredSkillsCount] => 2
    [candidateExp] => 5.4
    [minExpRequired] => 1
    [eduMatch] => 
    [domainStatus] => WRONG_DOMAIN
    [candidateDomain] => Finance & Accounting
    [jobDomain] => Software & IT
)

==============================
2026-08-19 10:32:54 | RECOMMENDATION
Not Suitable
==============================
2026-08-19 10:32:54 | RECOMMENDATION_REASON
Wrong domain: The candidate's resume indicates a Finance & Accounting background, while this vacancy belongs to Software & IT. The candidate's professional domain does not align with the requirements of this position.
============================
2026-08-19 10:32:54 | vacancy
Array
(
    [Jid] => 30
    [JobCode] => JOB-2026-0002
    [JobTitle] => executive
    [RoleSummary] => Data engineer
    [Did] => 1
    [EmploymentType] => Full-Time
    [WorkMode] => Onsite
    [EducationRequired] => bca,bsc,btech
    [ExpMin] => 1.00
    [ExpMax] => 2.00
    [SalMin] => 0
    [SalMax] => 0
    [Currency] => INR
    [NoofOpenings] => 1
    [JobStatus] => Open
    [JobDescription] => ssssssssssssssssssssssssssss
    [Responsibilities] => ssssssssssssssssssssssssssss
    [Qualifications] => 
    [JobLocation] => chennai
    [CommunicationLang] => english,hindi
    [PostedOn] => 2026-08-13 11:20:59
    [UpdatedOn] => 2026-08-18 12:08:40
    [ExpiryDate] => 
    [TargetOnboardingDate] => 2026-08-21
    [Salary] => 5 - 10 LPA
    [PostedBy] => 17
    [SkillScore] => 0
    [EducationScore] => 0
    [ExperienceScore] => 0
    [ProjectScore] => 0
    [CertificationScore] => 0
    [ResumeQualityScore] => 0
    [DomainKnowledgeScore] => 0
    [CtcApproverId] => 18
    [AssignedRecruiterManagerId] => 17
    [HoldUntilDate] => 
    [HoldReminderSentDate] => 
    [MustHaveSkills] => React, Node.js, MongoDB, REST API
    [NiceToHaveSkills] => Docker, AWS
    [RequiredSkills] => excel, powerbi
)

============================

============================
2026-08-19 10:32:54 | FINAL RESULT RETURN
Array
(
    [recommendation] => Not Suitable
    [recommendation_reason] => Wrong domain: The candidate's resume indicates a Finance & Accounting background, while this vacancy belongs to Software & IT. The candidate's professional domain does not align with the requirements of this position.
    [relevant_evidence] => Array
        (
            [0] => Work Experience: 5.4 Years total experience (Vacancy Required: Min 1 Years)
            [1] => Matched Core Skills: Excel
            [2] => Domain Fit: Background in Finance & Accounting
            [3] => Extracted Resume Skills: Oracle, Accounting, Billing, Audit, Tally, Accounts Payable, Purchase Order
        )

    [missing_requirements] => Array
        (
            [0] => Required Skills Not Found: Powerbi
            [1] => Education Gap: Required qualification (bca,bsc,btech) not clearly identified in resume
        )

    [status] => Not Suitable
    [email] => agilanagi071@gmail.com
    [name] => Agilan B
    [mobileNumbers] => 
    [expyrs] => 5.4
    [experience_details] => Array
        (
            [jobs] => Array
                (
                    [0] => Array
                        (
                            [from] => april 2024
                            [to] => present
                            [years] => 2
                            [months] => 5
                        )

                    [1] => Array
                        (
                            [from] => 2020 jan
                            [to] => 2023 jan
                            [years] => 3
                            [months] => 0
                        )

                )

            [total] => 5 Years 5 Months
        )

    [domain] => Finance & Accounting
    [job_domain] => Software & IT
    [candidate_domain] => Finance & Accounting
    [domain_status] => WRONG_DOMAIN
    [domain_analysis] => Array
        (
            [candidate_domain] => Finance & Accounting
            [candidate_domain_confidence] => High
            [job_domain] => Software & IT
            [job_domain_confidence] => Low
            [domain_status] => WRONG_DOMAIN
            [domain_reason] => Wrong domain: The candidate's resume indicates a Finance & Accounting background, while this vacancy belongs to Software & IT. The candidate's professional domain does not align with the requirements of this position.
            [domain_evidence] => Array
                (
                    [0] => finance
                    [1] => accounting
                    [2] => accounts
                    [3] => tally
                    [4] => audit
                    [5] => invoice
                    [6] => ledger
                )

        )

    [matched_skills] => Excel
    [missing_skills] => Powerbi
    [all_extracted_skills] => Oracle, Accounting, Billing, Audit, Tally, Accounts Payable, Purchase Order
    [education_match] => No
    [experience] => Yes
    [detected_degree] => BACHELOR OF COMMERCE
    [candidate_profile] => Array
        (
            [headline] => Finance & Accounting Professional
            [current_role] => Finance & Accounting Professional
            [current_company] => leveraging ERP systems
            [summary] => Finance & Accounting Professional with 5.4 years of total professional experience and hands-on exposure to Oracle, Accounting, Billing, Audit, Tally, Accounts Payable, Purchase Order.
            [degree] => BACHELOR OF COMMERCE
            [institution] => St. Thomas College of Arts and Science, affiliated with the University
            [grad_year] => 2020
            [training] => Not specified in resume
            [categorized_skills] => Array
                (
                    [Database] => Oracle
                    [Finance & Accounts] => Accounting, Billing, Audit, Tally, Accounts Payable
                    [Other Skills] => Purchase Order
                )

            [work_history] => Array
                (
                    [0] => Array
                        (
                            [role] => Finance & Accounting Professional
                            [company] => leveraging ERP systems
                            [period] => april 2024 - present
                            [duration] => 2 Yrs 5 Mos
                        )

                    [1] => Array
                        (
                            [role] => Finance & Accounting Professional
                            [company] => leveraging ERP systems
                            [period] => 2020 jan - 2023 jan
                            [duration] => 3 Yrs 0 Mos
                        )

                )

            [projects] => Array
                (
                )

            [domain] => Finance & Accounting
        )

)

============================

============================
2026-08-19 10:33:09 | vacancy
SELECT jl.*, GROUP_CONCAT(s.SkillName ORDER BY s.SkillName SEPARATOR ', ') AS RequiredSkills
FROM `IHRJobsList` `jl`
LEFT JOIN `JobSkills` `js` ON `js`.`Jid` = `jl`.`Jid`
LEFT JOIN `IHSkills` `s` ON `s`.`SkillId` = `js`.`SkillId`
WHERE `jl`.`Jid` = '31'
GROUP BY `jl`.`Jid`
============================

==============================
2026-08-19 10:33:09 | START
Array
(
    [resumePath] => D:/xampp/htdocs/REC/atscheck/modal/CAND31_20260819103309591.pdf
    [vacancyId] => 31
    [jobTitle] => HUMAN RESOURCES
)

==============================
2026-08-19 10:33:09 | PDF_EXTRACT_SUCCESS
AGILAN	 B                                                                     	  	
Chennai, India | +91 	915	066	8484	 | agilanagi071@gmail.com	 | @linkedin: 	https://www.linkedin.com/in/agilan	-b 	
 
PROFESSIONAL SUMMARY	 	 	
Highly motivated and detail	-oriented Accounts Payable Analyst with 	2 years of proven experience in managing 	
AP  operations  within  deadline	-driven  environments.  Demonstrated  expertise  in  invoice  processing,  vendor 	
reconciliation, and resolving discrepancies in compliance with internal controls and financial policies. Skilled	 in 	
leveraging ERP systems 	Streamline workflows, ensure data accuracy, and support month	-end closing activities. 	
Adept at collaborating with cross	-functional teams to enhance process effic	iency and maintain strong vendor 	
relationships.  Committed  to  continuous  improvement,  accuracy,  and  delivering  high	-quality  financial  support 	
aligned with organizational goals.	 	
 
CORE SKILLS	 	 	
Accounting & Finance:	
==============================
2026-08-19 10:33:09 | RAW_RESUME_TEXT
agilan	 b                                                                     	  	
chennai, india | +91 	915	066	8484	 | agilanagi071@gmail.com	 | @linkedin: 	https://www.linkedin.com/in/agilan	-b 	
 
professional summary	 	 	
highly motivated and detail	-oriented accounts payable analyst with 	2 years of proven experience in managing 	
ap  operations  within  deadline	-driven  environments.  demonstrated  expertise  in  invoice  processing,  vendor 	
reconciliation, and resolving discrepancies in compliance with internal controls and financial policies. skilled	 in 	
leveraging erp systems 	streamline workflows, ensure data accuracy, and support month	-end closing activities. 	
adept at collaborating with cross	-functional teams to enhance process effic	iency and maintain strong vendor 	
relationships.  committed  to  continuous  improvement,  accuracy,  and  delivering  high	-quality  financial  support 	
aligned with organizational goals.	 	
 
core skills	 	 	
accounting & finance:	 accounts payable, procure	-to	-pay (p2p), vendor reconciliation, invoice processing, 	
month	-end closing, audit & compliance	 	
erp & tools: 	as400 	& 	oracle	  	
productivity tools: 	microsoft office suite (word, powerpoint, outlook, visio, onenote)	 	
 
professional experience	 	 	
projects & developments	 	
process executive 	– cognizant technology solutions                                                                                   	april 2024 	– present	   	
          	 	
– reviewed and processed vendor invoices, ensuring compliance with policies and accuracy of details.	 	
– resolved vendor queries and requests via email/tickets within the agreed sla.	 	
– performed 3	-way matching (invoice, purchase order, and goods receipt) in basware,	 	
– maintained and managed over 1,000 utility accounts, including gas, electricity, and water services	 	
– we will make utility payments on a daily basis, ensuring they are settled within the due dates 
specified on the in
==============================
2026-08-19 10:33:09 | EXPERIENCE_DETAILS
Array
(
    [jobs] => Array
        (
            [0] => Array
                (
                    [from] => april 2024
                    [to] => present
                    [years] => 2
                    [months] => 5
                )

            [1] => Array
                (
                    [from] => 2020 jan
                    [to] => 2023 jan
                    [years] => 3
                    [months] => 0
                )

        )

    [total] => 5 Years 5 Months
)

==============================
2026-08-19 10:33:09 | Email
agilanagi071@gmail.com
==============================
2026-08-19 10:33:09 | Name
Agilan B
==============================
2026-08-19 10:33:09 | Mobile

==============================
2026-08-19 10:33:09 | ExperienceYears
5.4
==============================
2026-08-19 10:33:09 | RECOMMENDATION_ANALYSIS
Array
(
    [matchedSkillsCount] => 1
    [requiredSkillsCount] => 4
    [candidateExp] => 5.4
    [minExpRequired] => 2.5
    [eduMatch] => 1
    [domainStatus] => WRONG_DOMAIN
    [candidateDomain] => Finance & Accounting
    [jobDomain] => Human Resources
)

==============================
2026-08-19 10:33:09 | RECOMMENDATION
Not Suitable
==============================
2026-08-19 10:33:09 | RECOMMENDATION_REASON
Wrong domain: The candidate's resume indicates a Finance & Accounting background, while this vacancy belongs to Human Resources. The candidate's professional domain does not align with the requirements of this position.
============================
2026-08-19 10:33:09 | vacancy
Array
(
    [Jid] => 31
    [JobCode] => JOB-2026-0003
    [JobTitle] => HUMAN RESOURCES
    [RoleSummary] => HR RECUIRTER
    [Did] => 3
    [EmploymentType] => Full-Time
    [WorkMode] => Onsite
    [EducationRequired] => MBA,BBA,Behavioral Science,MHRM
    [ExpMin] => 2.50
    [ExpMax] => 3.00
    [SalMin] => 0
    [SalMax] => 0
    [Currency] => INR
    [NoofOpenings] => 1
    [JobStatus] => Open
    [JobDescription] => We are seeking an energetic and detail-oriented HR Recruiter to manage our full-cycle recruitment process. In this role, you will be responsible for sourcing, attracting, interviewing, and onboarding top-tier talent to meet our business growth goals. You will collaborate closely with department heads and hiring managers to understand staffing needs, create effective hiring strategies, and deliver an exceptional candidate experience.
    [Responsibilities] => Sourcing & Candidate Attraction
Post and manage open positions on job boards, professional networks (e.g., LinkedIn), social media platforms, and university career portals.

Use advanced sourcing techniques (Boolean search, passive networking, employee referrals) to discover hidden talent for specialized or hard-to-fill roles.

Attend job fairs, virtual hiring events, and industry conferences to build proactive talent pools.

2. Screening & Evaluation
Review incoming resumes, portfolios, and job applications against role specifications.

Conduct initial phone screenings and video interviews to assess candidates' technical fit, communication skills, and alignment with company culture.

Coordinate and schedule interviews between qualified candidates and hiring managers or technical evaluation panels.
    [Qualifications] => 
    [JobLocation] => chennai
    [CommunicationLang] => hindi,English,Tamil
    [PostedOn] => 2026-08-13 15:31:15
    [UpdatedOn] => 2026-08-13 17:28:47
    [ExpiryDate] => 
    [TargetOnboardingDate] => 2026-08-31
    [Salary] => 3
    [PostedBy] => 17
    [SkillScore] => 0
    [EducationScore] => 0
    [ExperienceScore] => 0
    [ProjectScore] => 0
    [CertificationScore] => 0
    [ResumeQualityScore] => 0
    [DomainKnowledgeScore] => 0
    [CtcApproverId] => 17
    [AssignedRecruiterManagerId] => 
    [HoldUntilDate] => 
    [HoldReminderSentDate] => 
    [MustHaveSkills] => Communication,Negotiation & Pitching,Stakeholder Management,Time Management
    [NiceToHaveSkills] => 
    [RequiredSkills] => 
)

============================

============================
2026-08-19 10:33:09 | FINAL RESULT RETURN
Array
(
    [recommendation] => Not Suitable
    [recommendation_reason] => Wrong domain: The candidate's resume indicates a Finance & Accounting background, while this vacancy belongs to Human Resources. The candidate's professional domain does not align with the requirements of this position.
    [relevant_evidence] => Array
        (
            [0] => Work Experience: 5.4 Years total experience (Vacancy Required: Min 2.5 Years)
            [1] => Matched Core Skills: Time Management
            [2] => Education: Matches required level (BA)
            [3] => Domain Fit: Background in Finance & Accounting
            [4] => Extracted Resume Skills: Oracle, Accounting, Billing, Audit, Tally, Accounts Payable, Purchase Order
        )

    [missing_requirements] => Array
        (
            [0] => Required Skills Not Found: Communication, Negotiation & Pitching, Stakeholder Management
        )

    [status] => Not Suitable
    [email] => agilanagi071@gmail.com
    [name] => Agilan B
    [mobileNumbers] => 
    [expyrs] => 5.4
    [experience_details] => Array
        (
            [jobs] => Array
                (
                    [0] => Array
                        (
                            [from] => april 2024
                            [to] => present
                            [years] => 2
                            [months] => 5
                        )

                    [1] => Array
                        (
                            [from] => 2020 jan
                            [to] => 2023 jan
                            [years] => 3
                            [months] => 0
                        )

                )

            [total] => 5 Years 5 Months
        )

    [domain] => Finance & Accounting
    [job_domain] => Human Resources
    [candidate_domain] => Finance & Accounting
    [domain_status] => WRONG_DOMAIN
    [domain_analysis] => Array
        (
            [candidate_domain] => Finance & Accounting
            [candidate_domain_confidence] => High
            [job_domain] => Human Resources
            [job_domain_confidence] => Low
            [domain_status] => WRONG_DOMAIN
            [domain_reason] => Wrong domain: The candidate's resume indicates a Finance & Accounting background, while this vacancy belongs to Human Resources. The candidate's professional domain does not align with the requirements of this position.
            [domain_evidence] => Array
                (
                    [0] => finance
                    [1] => accounting
                    [2] => accounts
                    [3] => tally
                    [4] => audit
                    [5] => invoice
                    [6] => ledger
                )

        )

    [matched_skills] => Time Management
    [missing_skills] => Communication, Negotiation & Pitching, Stakeholder Management
    [all_extracted_skills] => Oracle, Accounting, Billing, Audit, Tally, Accounts Payable, Purchase Order
    [education_match] => Yes
    [experience] => Yes
    [detected_degree] => BA
    [candidate_profile] => Array
        (
            [headline] => Finance & Accounting Professional
            [current_role] => Finance & Accounting Professional
            [current_company] => leveraging ERP systems
            [summary] => Finance & Accounting Professional with 5.4 years of total professional experience and hands-on exposure to Oracle, Accounting, Billing, Audit, Tally, Accounts Payable, Purchase Order.
            [degree] => BA
            [institution] => St. Thomas College of Arts and Science, affiliated with the University
            [grad_year] => 2020
            [training] => Not specified in resume
            [categorized_skills] => Array
                (
                    [Database] => Oracle
                    [Finance & Accounts] => Accounting, Billing, Audit, Tally, Accounts Payable
                    [Other Skills] => Purchase Order
                )

            [work_history] => Array
                (
                    [0] => Array
                        (
                            [role] => Finance & Accounting Professional
                            [company] => leveraging ERP systems
                            [period] => april 2024 - present
                            [duration] => 2 Yrs 5 Mos
                        )

                    [1] => Array
                        (
                            [role] => Finance & Accounting Professional
                            [company] => leveraging ERP systems
                            [period] => 2020 jan - 2023 jan
                            [duration] => 3 Yrs 0 Mos
                        )

                )

            [projects] => Array
                (
                )

            [domain] => Finance & Accounting
        )

)

============================

============================
2026-08-19 10:33:20 | vacancy
SELECT jl.*, GROUP_CONCAT(s.SkillName ORDER BY s.SkillName SEPARATOR ', ') AS RequiredSkills
FROM `IHRJobsList` `jl`
LEFT JOIN `JobSkills` `js` ON `js`.`Jid` = `jl`.`Jid`
LEFT JOIN `IHSkills` `s` ON `s`.`SkillId` = `js`.`SkillId`
WHERE `jl`.`Jid` = '31'
GROUP BY `jl`.`Jid`
============================

==============================
2026-08-19 10:33:20 | START
Array
(
    [resumePath] => D:/xampp/htdocs/REC/atscheck/modal/CAND31_20260819103320639.docx
    [vacancyId] => 31
    [jobTitle] => HUMAN RESOURCES
)

==============================
2026-08-19 10:33:20 | RAW_RESUME_TEXT
﻿marimuthu p salesforce developer +91 96007 42358 | ✉ marimuthu.vlk@gmail.com |  tiruvarur, tamil nadu https://www.linkedin.com/in/marimuthu-palanivel-017192344/ professional summary salesforce certified developer with 3.5+ years of experience in salesforce development and administration. skilled in apex, lightning web components (lwc), soql/sosl, and automation tools like flows and process builder. proven track record in delivering scalable, efficient solutions across sales cloud, service cloud, and experience cloud. strong grasp of data migration, security models, and integration via rest apis. committed to agile methodologies and continuous improvement. certifications • salesforce certified platform developer i • salesforce certified administrator • salesforce ai associate • salesforce ai specialist • salesforce certified associate technical skills • salesforce technologies: apex, lwc, visualforce, soql, sosl, flows, process builder, approvals, dashboards • tools: visual studio code, developer console, data loader, workbench, git, jira, postman • web technologies: html, javascript, css • salesforce features: sso, salesforce connect, big objects, platform events, cdc • cloud experience: sales cloud, service cloud, experience cloud • data migration: import wizard, data loader, bulk api • other: integration using rest apis, security model, sharing rules, profiles, and roles work experience salesforce admin &amp; developer subsel tech solution pvt. ltd. — april 2022 – present • developed and deployed custom applications using apex, visualforce, lwc, and lightning components.• built and maintained automation using flows, process builder, and approval processes. • worked with standard/custom objects including accounts, contacts, opportunities, cases, leads, etc. • implemented security at organization, object, field, and record levels. • migrated data using data loader and workbench. • designed dashboards and reports to suppor
==============================
2026-08-19 10:33:20 | EXPERIENCE_DETAILS
Array
(
    [jobs] => Array
        (
            [0] => Array
                (
                    [from] => april 2022
                    [to] => present
                    [years] => 4
                    [months] => 5
                )

            [1] => Array
                (
                    [from] => apr 2022
                    [to] => may 2023
                    [years] => 1
                    [months] => 1
                )

            [2] => Array
                (
                    [from] => jun 2023
                    [to] => nov 2024
                    [years] => 1
                    [months] => 5
                )

            [3] => Array
                (
                    [from] => dec 2023
                    [to] => may 2024
                    [years] => 0
                    [months] => 5
                )

            [4] => Array
                (
                    [from] => jun 2024
                    [to] => present
                    [years] => 2
                    [months] => 2
                )

        )

    [total] => 9 Years 6 Months
)

==============================
2026-08-19 10:33:20 | Email
marimuthu.vlk@gmail.com
==============================
2026-08-19 10:33:20 | Name

==============================
2026-08-19 10:33:20 | Mobile

==============================
2026-08-19 10:33:20 | ExperienceYears
3.5
==============================
2026-08-19 10:33:20 | RECOMMENDATION_ANALYSIS
Array
(
    [matchedSkillsCount] => 1
    [requiredSkillsCount] => 4
    [candidateExp] => 3.5
    [minExpRequired] => 2.5
    [eduMatch] => 1
    [domainStatus] => WRONG_DOMAIN
    [candidateDomain] => Software & IT
    [jobDomain] => Human Resources
)

==============================
2026-08-19 10:33:20 | RECOMMENDATION
Not Suitable
==============================
2026-08-19 10:33:20 | RECOMMENDATION_REASON
Wrong domain: The candidate's resume indicates a Software & IT background, while this vacancy belongs to Human Resources. The candidate's professional domain does not align with the requirements of this position.
============================
2026-08-19 10:33:20 | vacancy
Array
(
    [Jid] => 31
    [JobCode] => JOB-2026-0003
    [JobTitle] => HUMAN RESOURCES
    [RoleSummary] => HR RECUIRTER
    [Did] => 3
    [EmploymentType] => Full-Time
    [WorkMode] => Onsite
    [EducationRequired] => MBA,BBA,Behavioral Science,MHRM
    [ExpMin] => 2.50
    [ExpMax] => 3.00
    [SalMin] => 0
    [SalMax] => 0
    [Currency] => INR
    [NoofOpenings] => 1
    [JobStatus] => Open
    [JobDescription] => We are seeking an energetic and detail-oriented HR Recruiter to manage our full-cycle recruitment process. In this role, you will be responsible for sourcing, attracting, interviewing, and onboarding top-tier talent to meet our business growth goals. You will collaborate closely with department heads and hiring managers to understand staffing needs, create effective hiring strategies, and deliver an exceptional candidate experience.
    [Responsibilities] => Sourcing & Candidate Attraction
Post and manage open positions on job boards, professional networks (e.g., LinkedIn), social media platforms, and university career portals.

Use advanced sourcing techniques (Boolean search, passive networking, employee referrals) to discover hidden talent for specialized or hard-to-fill roles.

Attend job fairs, virtual hiring events, and industry conferences to build proactive talent pools.

2. Screening & Evaluation
Review incoming resumes, portfolios, and job applications against role specifications.

Conduct initial phone screenings and video interviews to assess candidates' technical fit, communication skills, and alignment with company culture.

Coordinate and schedule interviews between qualified candidates and hiring managers or technical evaluation panels.
    [Qualifications] => 
    [JobLocation] => chennai
    [CommunicationLang] => hindi,English,Tamil
    [PostedOn] => 2026-08-13 15:31:15
    [UpdatedOn] => 2026-08-13 17:28:47
    [ExpiryDate] => 
    [TargetOnboardingDate] => 2026-08-31
    [Salary] => 3
    [PostedBy] => 17
    [SkillScore] => 0
    [EducationScore] => 0
    [ExperienceScore] => 0
    [ProjectScore] => 0
    [CertificationScore] => 0
    [ResumeQualityScore] => 0
    [DomainKnowledgeScore] => 0
    [CtcApproverId] => 17
    [AssignedRecruiterManagerId] => 
    [HoldUntilDate] => 
    [HoldReminderSentDate] => 
    [MustHaveSkills] => Communication,Negotiation & Pitching,Stakeholder Management,Time Management
    [NiceToHaveSkills] => 
    [RequiredSkills] => 
)

============================

============================
2026-08-19 10:33:20 | FINAL RESULT RETURN
Array
(
    [recommendation] => Not Suitable
    [recommendation_reason] => Wrong domain: The candidate's resume indicates a Software & IT background, while this vacancy belongs to Human Resources. The candidate's professional domain does not align with the requirements of this position.
    [relevant_evidence] => Array
        (
            [0] => Work Experience: 3.5 Years total experience (Vacancy Required: Min 2.5 Years)
            [1] => Matched Core Skills: Time Management
            [2] => Education: Matches required level (BE)
            [3] => Domain Fit: Background in Software & IT
            [4] => Extracted Resume Skills: Javascript, Salesforce, Lwc, Apex, Soql, Html, Css, Rest Api
        )

    [missing_requirements] => Array
        (
            [0] => Required Skills Not Found: Communication, Negotiation & Pitching, Stakeholder Management
        )

    [status] => Not Suitable
    [email] => marimuthu.vlk@gmail.com
    [name] => 
    [mobileNumbers] => 
    [expyrs] => 3.5
    [experience_details] => Array
        (
            [jobs] => Array
                (
                    [0] => Array
                        (
                            [from] => april 2022
                            [to] => present
                            [years] => 4
                            [months] => 5
                        )

                    [1] => Array
                        (
                            [from] => apr 2022
                            [to] => may 2023
                            [years] => 1
                            [months] => 1
                        )

                    [2] => Array
                        (
                            [from] => jun 2023
                            [to] => nov 2024
                            [years] => 1
                            [months] => 5
                        )

                    [3] => Array
                        (
                            [from] => dec 2023
                            [to] => may 2024
                            [years] => 0
                            [months] => 5
                        )

                    [4] => Array
                        (
                            [from] => jun 2024
                            [to] => present
                            [years] => 2
                            [months] => 2
                        )

                )

            [total] => 9 Years 6 Months
        )

    [domain] => Software & IT
    [job_domain] => Human Resources
    [candidate_domain] => Software & IT
    [domain_status] => WRONG_DOMAIN
    [domain_analysis] => Array
        (
            [candidate_domain] => Software & IT
            [candidate_domain_confidence] => High
            [job_domain] => Human Resources
            [job_domain_confidence] => Low
            [domain_status] => WRONG_DOMAIN
            [domain_reason] => Wrong domain: The candidate's resume indicates a Software & IT background, while this vacancy belongs to Human Resources. The candidate's professional domain does not align with the requirements of this position.
            [domain_evidence] => Array
                (
                    [0] => developer
                    [1] => engineer
                    [2] => javascript
                    [3] => java
                    [4] => git
                )

        )

    [matched_skills] => Time Management
    [missing_skills] => Communication, Negotiation & Pitching, Stakeholder Management
    [all_extracted_skills] => Javascript, Salesforce, Lwc, Apex, Soql, Html, Css, Rest Api, Git, Accounting, Taxation, Crm, Sales, Inventory Management, Agile
    [education_match] => Yes
    [experience] => Yes
    [detected_degree] => BE
    [candidate_profile] => Array
        (
            [headline] => Software / IT Professional
            [current_role] => Software / IT Professional
            [current_company] => efficient solutions
            [summary] => Software / IT Professional with 3.5 years of total professional experience and hands-on exposure to Javascript, Salesforce, Lwc, Apex, Soql, Html, Css, Rest Api, Git, Accounting.
            [degree] => BE
            [institution] => MNSK College
            [grad_year] => Not specified in resume
            [training] => Not specified in resume
            [categorized_skills] => Array
                (
                    [Frontend] => Html, Css, Javascript
                    [Backend] => Rest Api
                    [API / Security] => Rest Api
                    [DevOps / Tools] => Git
                    [Finance & Accounts] => Accounting, Taxation
                    [Sales & Marketing] => Crm, Sales
                    [Other Skills] => Salesforce, Lwc, Apex, Soql, Inventory Management, Agile
                )

            [work_history] => Array
                (
                    [0] => Array
                        (
                            [role] => Software / IT Professional
                            [company] => efficient solutions
                            [period] => april 2022 - present
                            [duration] => 4 Yrs 5 Mos
                        )

                    [1] => Array
                        (
                            [role] => Software / IT Professional
                            [company] => efficient solutions
                            [period] => apr 2022 - may 2023
                            [duration] => 1 Yrs 1 Mos
                        )

                    [2] => Array
                        (
                            [role] => Software / IT Professional
                            [company] => efficient solutions
                            [period] => jun 2023 - nov 2024
                            [duration] => 1 Yrs 5 Mos
                        )

                    [3] => Array
                        (
                            [role] => Software / IT Professional
                            [company] => efficient solutions
                            [period] => dec 2023 - may 2024
                            [duration] => 0 Yrs 5 Mos
                        )

                    [4] => Array
                        (
                            [role] => Software / IT Professional
                            [company] => efficient solutions
                            [period] => jun 2024 - present
                            [duration] => 2 Yrs 2 Mos
                        )

                )

            [projects] => Array
                (
                )

            [domain] => Software & IT
        )

)

============================
2026-08-19 10:38:01 - ENTRY_updateResourceRequestStatus
2026-08-19 10:38:01 - UPDATE_RES_REQ: {"post":{"RequestId":"28","RequestCode":"RR-2026-0003","Status":"ACCEPTED","ApprovalComment":"Approved by Gajapathy Sir"},"_POST":{"RequestId":"28","RequestCode":"RR-2026-0003","Status":"ACCEPTED","ApprovalComment":"Approved by Gajapathy Sir"},"rawReqId":"28","requestId":28,"status":"ACCEPTED","comment":"Approved by Gajapathy Sir","session":{"IUid":"17","EmpCode":"EMP-RM01","EmpName":"Shiji","EmpEmail":"reka@inetcsc.com","EmpPhone":null,"EmpDOB":null,"EmpGender":null,"EmpRoleId":"10","DepDid":"1","UStatus":"1"}}

============================
2026-08-19 10:39:56 | vacancy
SELECT jl.*, GROUP_CONCAT(s.SkillName ORDER BY s.SkillName SEPARATOR ', ') AS RequiredSkills
FROM `IHRJobsList` `jl`
LEFT JOIN `JobSkills` `js` ON `js`.`Jid` = `jl`.`Jid`
LEFT JOIN `IHSkills` `s` ON `s`.`SkillId` = `js`.`SkillId`
WHERE `jl`.`Jid` = '32'
GROUP BY `jl`.`Jid`
============================

==============================
2026-08-19 10:39:57 | START
Array
(
    [resumePath] => D:/xampp/htdocs/REC/atscheck/modal/CAND32_20260819103956616.pdf
    [vacancyId] => 32
    [jobTitle] => Data Engineer
)

==============================
2026-08-19 10:39:57 | PDF_EXTRACT_SUCCESS
SANJAYA SRIDHAR 	
Chennai | 81483 14442 | sanjayajayanthi2001@gmail.com	 	
 
PROFESSIONAL SUMMARY 	
Detail-oriented Finance professional with over 2.5 years of experience in 	
Disbursement Accounting, Revenue & Expense Accounting, Customer Invoicing, and Cash 
Application. Demonstrated ability to manage high-volume transactions with 100% accuracy, 
meet strict SLAs, and collaborate effectively with cross-functional and global stakeholders. 
Known for analytical thinking, process improvement, and strong attention to detail. 
CORE COMPETENCIES 
 
 
 
 
PROFESSIONAL EXPERIENCE 	
 	
Inchcape Shipping Services –Accounts Executive        Nov 2023 – Present 
 
	 	Perform end-to-end accounting of supplier invoices after validating accuracy, approvals, 
and compliance with company policies. 	
	 	Coordinate with Operations and Sales teams to ensure timely submission of invoices and 
resolve discrepancies 	
	 	Work closely with Local Port Agents (LPA) and Operations to address invoic
==============================
2026-08-19 10:39:57 | RAW_RESUME_TEXT
sanjaya sridhar 	
chennai | 81483 14442 | sanjayajayanthi2001@gmail.com	 	
 
professional summary 	
detail-oriented finance professional with over 2.5 years of experience in 	
disbursement accounting, revenue & expense accounting, customer invoicing, and cash 
application. demonstrated ability to manage high-volume transactions with 100% accuracy, 
meet strict slas, and collaborate effectively with cross-functional and global stakeholders. 
known for analytical thinking, process improvement, and strong attention to detail. 
core competencies 
 
 
 
 
professional experience 	
 	
inchcape shipping services –accounts executive        nov 2023 – present 
 
	 	perform end-to-end accounting of supplier invoices after validating accuracy, approvals, 
and compliance with company policies. 	
	 	coordinate with operations and sales teams to ensure timely submission of invoices and 
resolve discrepancies 	
	 	work closely with local port agents (lpa) and operations to address invoice queries and 
close issues promptly. 	
	 	account revenues and expenses in line with contracted rates, pro-forma invoices, baseline 
templates, and closed estimates. 	
	 	generate and dispatch customer invoices while adhering to customer-specific billing 
requirements. 	
	 	track daily bank statements from banking portals and maintain accurate cash trackers. 	
	 	perform daily cash application and bank reconciliation within 24-hour sla. 	
	 	clear unallocated and unidentified payments with root cause analysis. 	
	 	post customer receipts with 100% accuracy and support ar and collections teams. 	
	 	prepare and circulate month-end accrual, pending, and rejection reports to stakeholders. 	
	 	reconcile processed invoices against system reports to ensure zero variance. 	
	 	support process transitions, knowledge sharing, and continuous improvement initiatives. 	
	 	maintain strong working relationships with internal teams and external stakeholders 	
disburse
==============================
2026-08-19 10:39:57 | EXPERIENCE_DETAILS
Array
(
    [jobs] => Array
        (
            [0] => Array
                (
                    [from] => nov 2023
                    [to] => present
                    [years] => 2
                    [months] => 10
                )

            [1] => Array
                (
                    [from] => jun 2022
                    [to] => jan 2023
                    [years] => 0
                    [months] => 7
                )

        )

    [total] => 3 Years 5 Months
)

==============================
2026-08-19 10:39:57 | Email
sanjayajayanthi2001@gmail.com
==============================
2026-08-19 10:39:57 | Name
Sanjaya Sridhar
==============================
2026-08-19 10:39:57 | Mobile

==============================
2026-08-19 10:39:57 | ExperienceYears
2.5
==============================
2026-08-19 10:39:57 | RECOMMENDATION_ANALYSIS
Array
(
    [matchedSkillsCount] => 1
    [requiredSkillsCount] => 10
    [candidateExp] => 2.5
    [minExpRequired] => 1
    [eduMatch] => 1
    [domainStatus] => WRONG_DOMAIN
    [candidateDomain] => Finance & Accounting
    [jobDomain] => Software & IT
)

==============================
2026-08-19 10:39:57 | RECOMMENDATION
Not Suitable
==============================
2026-08-19 10:39:57 | RECOMMENDATION_REASON
Wrong domain: The candidate's resume indicates a Finance & Accounting background, while this vacancy belongs to Software & IT. The candidate's professional domain does not align with the requirements of this position.
============================
2026-08-19 10:39:57 | vacancy
Array
(
    [Jid] => 32
    [JobCode] => JOB-2026-0004
    [JobTitle] => Data Engineer
    [RoleSummary] => Senior Executive
    [Did] => 1
    [EmploymentType] => Full-Time
    [WorkMode] => Onsite
    [EducationRequired] => BTECH,BE,BSC
    [ExpMin] => 1.00
    [ExpMax] => 2.00
    [SalMin] => 0
    [SalMax] => 0
    [Currency] => INR
    [NoofOpenings] => 1
    [JobStatus] => Open
    [JobDescription] => We are looking for a Senior Data Engineer (Senior Executive) to join our team. The candidate will be responsible for designing, constructing, and maintaining reliable data pipelines and data processing solutions. The role will involve working extensively with powerbi, excel, Advanced SQL, Python, Scala, and Cloud Platforms to deliver reliable and quality outcomes. Familiarity with Distributed Computing, DevOps, and MLOps Basics will be an added advantage. This is a full-time role with 1–2 years of relevant experience, based in Chennai, requiring strong communication skills in English,Hindi. The ideal candidate should be a proactive problem solver with a strong commitment to quality and team collaboration.
    [Responsibilities] => 1. Design, construct, test, and maintain scalable data architecture and processing pipelines.
2. Build robust ETL processes to aggregate structured and unstructured data from diverse sources.
3. Ensure data cleanliness, integrity, performance, and accessibility across data stores.
4. Collaborate with Data Scientists and Analysts to support reporting and analytics needs.
5. Develop, test, and maintain application features and software components using powerbi.
6. Use Excel for reporting, data analysis, and operational tracking.
7. Write and optimize SQL queries and support database-driven application functionality.
8. Develop Python-based scripts, applications, and data processing workflows.
9. Utilize Distributed Computing as an added advantage for duty execution.
10. Utilize DevOps as an added advantage for duty execution.
    [Qualifications] => 
    [JobLocation] => Chennai
    [CommunicationLang] => English,Hindi
    [PostedOn] => 2026-08-19 10:38:01
    [UpdatedOn] => 2026-08-19 10:39:40
    [ExpiryDate] => 
    [TargetOnboardingDate] => 2026-08-31
    [Salary] => 3-4
    [PostedBy] => 17
    [SkillScore] => 0
    [EducationScore] => 0
    [ExperienceScore] => 0
    [ProjectScore] => 0
    [CertificationScore] => 0
    [ResumeQualityScore] => 0
    [DomainKnowledgeScore] => 0
    [CtcApproverId] => 19
    [AssignedRecruiterManagerId] => 17
    [HoldUntilDate] => 
    [HoldReminderSentDate] => 
    [MustHaveSkills] => powerbi,excel,Advanced SQL,Python,Scala,Cloud Platforms,Workflow Orchestration
    [NiceToHaveSkills] => Distributed Computing,DevOps,MLOps Basics
    [RequiredSkills] => 
)

============================

============================
2026-08-19 10:39:57 | FINAL RESULT RETURN
Array
(
    [recommendation] => Not Suitable
    [recommendation_reason] => Wrong domain: The candidate's resume indicates a Finance & Accounting background, while this vacancy belongs to Software & IT. The candidate's professional domain does not align with the requirements of this position.
    [relevant_evidence] => Array
        (
            [0] => Work Experience: 2.5 Years total experience (Vacancy Required: Min 1 Years)
            [1] => Matched Core Skills: Excel
            [2] => Education: Matches required level (BE)
            [3] => Domain Fit: Background in Finance & Accounting
            [4] => Extracted Resume Skills: Accounting, Billing, Sales, Communication, Analytical Skills, Time Management, Documentation
        )

    [missing_requirements] => Array
        (
            [0] => Required Skills Not Found: Powerbi, Advanced Sql, Python, Scala, Cloud Platforms, Workflow Orchestration, Distributed Computing, Devops, Mlops Basics
        )

    [status] => Not Suitable
    [email] => sanjayajayanthi2001@gmail.com
    [name] => Sanjaya Sridhar
    [mobileNumbers] => 
    [expyrs] => 2.5
    [experience_details] => Array
        (
            [jobs] => Array
                (
                    [0] => Array
                        (
                            [from] => nov 2023
                            [to] => present
                            [years] => 2
                            [months] => 10
                        )

                    [1] => Array
                        (
                            [from] => jun 2022
                            [to] => jan 2023
                            [years] => 0
                            [months] => 7
                        )

                )

            [total] => 3 Years 5 Months
        )

    [domain] => Finance & Accounting
    [job_domain] => Software & IT
    [candidate_domain] => Finance & Accounting
    [domain_status] => WRONG_DOMAIN
    [domain_analysis] => Array
        (
            [candidate_domain] => Finance & Accounting
            [candidate_domain_confidence] => High
            [job_domain] => Software & IT
            [job_domain_confidence] => Low
            [domain_status] => WRONG_DOMAIN
            [domain_reason] => Wrong domain: The candidate's resume indicates a Finance & Accounting background, while this vacancy belongs to Software & IT. The candidate's professional domain does not align with the requirements of this position.
            [domain_evidence] => Array
                (
                    [0] => accounts executive
                    [1] => finance
                    [2] => accounting
                    [3] => accounts
                    [4] => invoice
                )

        )

    [matched_skills] => Excel
    [missing_skills] => Powerbi, Advanced Sql, Python, Scala, Cloud Platforms, Workflow Orchestration, Distributed Computing, Devops, Mlops Basics
    [all_extracted_skills] => Accounting, Billing, Sales, Communication, Analytical Skills, Time Management, Documentation
    [education_match] => Yes
    [experience] => Yes
    [detected_degree] => BE
    [candidate_profile] => Array
        (
            [headline] => Accounts Executive
            [current_role] => Accounts Executive
            [current_company] => Inc
            [summary] => Accounts Executive with 2.5 years of total professional experience and hands-on exposure to Accounting, Billing, Sales, Communication, Analytical Skills, Time Management, Documentation.
            [degree] => BE
            [institution] => Qualification	 	University
            [grad_year] => 2025
            [training] => Not specified in resume
            [categorized_skills] => Array
                (
                    [Finance & Accounts] => Accounting, Billing
                    [Sales & Marketing] => Sales
                    [Other Skills] => Communication, Analytical Skills, Time Management, Documentation
                )

            [work_history] => Array
                (
                    [0] => Array
                        (
                            [role] => Accounts Executive
                            [company] => Inc
                            [period] => nov 2023 - present
                            [duration] => 2 Yrs 10 Mos
                        )

                    [1] => Array
                        (
                            [role] => Accounts Executive
                            [company] => Inc
                            [period] => jun 2022 - jan 2023
                            [duration] => 0 Yrs 7 Mos
                        )

                )

            [projects] => Array
                (
                )

            [domain] => Finance & Accounting
        )

)

============================

============================
2026-08-19 10:41:51 | vacancy
SELECT jl.*, GROUP_CONCAT(s.SkillName ORDER BY s.SkillName SEPARATOR ', ') AS RequiredSkills
FROM `IHRJobsList` `jl`
LEFT JOIN `JobSkills` `js` ON `js`.`Jid` = `jl`.`Jid`
LEFT JOIN `IHSkills` `s` ON `s`.`SkillId` = `js`.`SkillId`
WHERE `jl`.`Jid` = '32'
GROUP BY `jl`.`Jid`
============================

==============================
2026-08-19 10:41:52 | START
Array
(
    [resumePath] => D:/xampp/htdocs/REC/atscheck/modal/CAND32_20260819104151249.pdf
    [vacancyId] => 32
    [jobTitle] => Data Engineer
)

==============================
2026-08-19 10:41:52 | PDF_EXTRACT_SUCCESS
+	
 	
Keerthana	 Anburaj	 	
Salesforce	 Administrator	 / Developer	 – 3+ Years	 of Experience	 	
 
2/452	-1, Sivan	 kovil	 street,	 Maruthampatinam,	 Thiruvarur,	 Tamilnadu	 – 610001 	
Email: 	keerthanaanburaj4@gmail.com	 	
Mobile	 No:	 9360018354	 	
 
EDUCATION:	 	
 
Bachelor	 of Computer	 Application	 from	 E.G.S.	 Pillay	 Arts	 and	 Science	 College,	 Nagapattinam. 	
Percentage: 85%	 	
 
 
 
SUMMARY	 	
 
Salesforce	 Administrator	 / Developer with	 over 3	+ years	 of experience	 in customizing, and	 deploying	 	
Salesforce	 solutions	 across	 Sales	 Cloud,	 Service	 Cloud,	 and	 Experience	 Cloud	 environments.	 Skilled 	
in Apex, Basic Lightning Web Components (LWC), and Flow to create efficient, user	-friendly 	
applications.	 	
Experienced in data management, and building 	reports and dashboards. Known for a proactive 	
approach to problem	-solving and a commitment to continuous learning, with a track record of 	
successfully	 collaborating	 with	 cross	-functional	 teams	 to
==============================
2026-08-19 10:41:52 | RAW_RESUME_TEXT
+	
 	
keerthana	 anburaj	 	
salesforce	 administrator	 / developer	 – 3+ years	 of experience	 	
 
2/452	-1, sivan	 kovil	 street,	 maruthampatinam,	 thiruvarur,	 tamilnadu	 – 610001 	
email: 	keerthanaanburaj4@gmail.com	 	
mobile	 no:	 9360018354	 	
 
education:	 	
 
bachelor	 of computer	 application	 from	 e.g.s.	 pillay	 arts	 and	 science	 college,	 nagapattinam. 	
percentage: 85%	 	
 
 
 
summary	 	
 
salesforce	 administrator	 / developer with	 over 3	+ years	 of experience	 in customizing, and	 deploying	 	
salesforce	 solutions	 across	 sales	 cloud,	 service	 cloud,	 and	 experience	 cloud	 environments.	 skilled 	
in apex, basic lightning web components (lwc), and flow to create efficient, user	-friendly 	
applications.	 	
experienced in data management, and building 	reports and dashboards. known for a proactive 	
approach to problem	-solving and a commitment to continuous learning, with a track record of 	
successfully	 collaborating	 with	 cross	-functional	 teams	 to meet	 business	 goals	 and	 optimize	 salesforce 	
functionality.	 	
 
highlights	 	
 	
● 	over	 3 years	 of experience	 in salesforce	 development,	 specializing	 in sales	 cloud,	 service 	
cloud, and experience cloud.	 	
● 	experienced	 in workflows, process builder, approval	 process, flows, triggers, apex classes, 	
and basic lightning web 	components.	 	
● 	skilled	 in working	 under	 pressure	 and	 adapting	 to new	 situations	 and	 challenges	 to best 	
enhance the organizational brand.	 	
● 	complex problem	-solver with analytical and driven mindset. dedicated to achieving 	
demanding	 development	 objectives	 accordi	ng	 to tight	 schedules	 while	 producing	 impeccable 	
code.	 	
● 	technical	 expertise	 in software	 development	 lifecycle	 stages	 like	 requirements	 gathering, 	
analysis, design, development, deployment and documentation.	 	
● 	good	 knowledge	 of soql	 and	 sosl	 query	 languages.	 good	 knowledge	 of email	 services. 	
experienced in using g
==============================
2026-08-19 10:41:52 | EXPERIENCE_DETAILS
Array
(
    [jobs] => Array
        (
            [0] => Array
                (
                    [from] => april	 2022
                    [to] => present
                    [years] => 4
                    [months] => 5
                )

        )

    [total] => 4 Years 5 Months
)

==============================
2026-08-19 10:41:52 | Email
keerthanaanburaj4@gmail.com
==============================
2026-08-19 10:41:52 | Name
Keerthana Anburaj
==============================
2026-08-19 10:41:52 | Mobile
9360018354
==============================
2026-08-19 10:41:52 | ExperienceYears
3
==============================
2026-08-19 10:41:52 | RECOMMENDATION_ANALYSIS
Array
(
    [matchedSkillsCount] => 0
    [requiredSkillsCount] => 10
    [candidateExp] => 3
    [minExpRequired] => 1
    [eduMatch] => 1
    [domainStatus] => MATCHED
    [candidateDomain] => Software & IT
    [jobDomain] => Software & IT
)

==============================
2026-08-19 10:41:52 | RECOMMENDATION
Potential Match
==============================
2026-08-19 10:41:52 | RECOMMENDATION_REASON
The candidate has a relevant background for Data Engineer, but specific requirements need verification during screening. Skill(s) like Powerbi, Excel, Advanced Sql were not clearly identified in the resume text. Recruiter review and phone screening are recommended.
============================
2026-08-19 10:41:52 | vacancy
Array
(
    [Jid] => 32
    [JobCode] => JOB-2026-0004
    [JobTitle] => Data Engineer
    [RoleSummary] => Senior Executive
    [Did] => 1
    [EmploymentType] => Full-Time
    [WorkMode] => Onsite
    [EducationRequired] => BTECH,BE,BSC
    [ExpMin] => 1.00
    [ExpMax] => 2.00
    [SalMin] => 0
    [SalMax] => 0
    [Currency] => INR
    [NoofOpenings] => 1
    [JobStatus] => Open
    [JobDescription] => We are looking for a Senior Data Engineer (Senior Executive) to join our team. The candidate will be responsible for designing, constructing, and maintaining reliable data pipelines and data processing solutions. The role will involve working extensively with powerbi, excel, Advanced SQL, Python, Scala, and Cloud Platforms to deliver reliable and quality outcomes. Familiarity with Distributed Computing, DevOps, and MLOps Basics will be an added advantage. This is a full-time role with 1–2 years of relevant experience, based in Chennai, requiring strong communication skills in English,Hindi. The ideal candidate should be a proactive problem solver with a strong commitment to quality and team collaboration.
    [Responsibilities] => 1. Design, construct, test, and maintain scalable data architecture and processing pipelines.
2. Build robust ETL processes to aggregate structured and unstructured data from diverse sources.
3. Ensure data cleanliness, integrity, performance, and accessibility across data stores.
4. Collaborate with Data Scientists and Analysts to support reporting and analytics needs.
5. Develop, test, and maintain application features and software components using powerbi.
6. Use Excel for reporting, data analysis, and operational tracking.
7. Write and optimize SQL queries and support database-driven application functionality.
8. Develop Python-based scripts, applications, and data processing workflows.
9. Utilize Distributed Computing as an added advantage for duty execution.
10. Utilize DevOps as an added advantage for duty execution.
    [Qualifications] => 
    [JobLocation] => Chennai
    [CommunicationLang] => English,Hindi
    [PostedOn] => 2026-08-19 10:38:01
    [UpdatedOn] => 2026-08-19 10:39:40
    [ExpiryDate] => 
    [TargetOnboardingDate] => 2026-08-31
    [Salary] => 3-4
    [PostedBy] => 17
    [SkillScore] => 0
    [EducationScore] => 0
    [ExperienceScore] => 0
    [ProjectScore] => 0
    [CertificationScore] => 0
    [ResumeQualityScore] => 0
    [DomainKnowledgeScore] => 0
    [CtcApproverId] => 19
    [AssignedRecruiterManagerId] => 17
    [HoldUntilDate] => 
    [HoldReminderSentDate] => 
    [MustHaveSkills] => powerbi,excel,Advanced SQL,Python,Scala,Cloud Platforms,Workflow Orchestration
    [NiceToHaveSkills] => Distributed Computing,DevOps,MLOps Basics
    [RequiredSkills] => 
)

============================

============================
2026-08-19 10:41:52 | FINAL RESULT RETURN
Array
(
    [recommendation] => Potential Match
    [recommendation_reason] => The candidate has a relevant background for Data Engineer, but specific requirements need verification during screening. Skill(s) like Powerbi, Excel, Advanced Sql were not clearly identified in the resume text. Recruiter review and phone screening are recommended.
    [relevant_evidence] => Array
        (
            [0] => Work Experience: 3 Years total experience (Vacancy Required: Min 1 Years)
            [1] => Education: Matches required level (BE)
            [2] => Domain Fit: Background in Software & IT
            [3] => Extracted Resume Skills: Javascript, Salesforce, Lwc, Apex, Soql, Gearset, Codeigniter, Ci/cd
        )

    [missing_requirements] => Array
        (
            [0] => Required Skills Not Found: Powerbi, Excel, Advanced Sql, Python, Scala, Cloud Platforms, Workflow Orchestration, Distributed Computing, Devops, Mlops Basics
        )

    [status] => Potential Match
    [email] => keerthanaanburaj4@gmail.com
    [name] => Keerthana Anburaj
    [mobileNumbers] => 9360018354
    [expyrs] => 3
    [experience_details] => Array
        (
            [jobs] => Array
                (
                    [0] => Array
                        (
                            [from] => april	 2022
                            [to] => present
                            [years] => 4
                            [months] => 5
                        )

                )

            [total] => 4 Years 5 Months
        )

    [domain] => Software & IT
    [job_domain] => Software & IT
    [candidate_domain] => Software & IT
    [domain_status] => MATCHED
    [domain_analysis] => Array
        (
            [candidate_domain] => Software & IT
            [candidate_domain_confidence] => High
            [job_domain] => Software & IT
            [job_domain_confidence] => High
            [domain_status] => MATCHED
            [domain_reason] => Candidate profile and vacancy belong to the same professional domain.
            [domain_evidence] => Array
                (
                    [0] => developer
                    [1] => software
                    [2] => programming
                    [3] => javascript
                    [4] => java
                )

        )

    [matched_skills] => 
    [missing_skills] => Powerbi, Excel, Advanced Sql, Python, Scala, Cloud Platforms, Workflow Orchestration, Distributed Computing, Devops, Mlops Basics
    [all_extracted_skills] => Javascript, Salesforce, Lwc, Apex, Soql, Gearset, Codeigniter, Ci/cd, Sales, Healthcare, Patient Care, Analytical Skills, Documentation
    [education_match] => Yes
    [experience] => Yes
    [detected_degree] => BE
    [candidate_profile] => Array
        (
            [headline] => Software / IT Professional
            [current_role] => Software / IT Professional
            [current_company] => Salesforce	 solutions
            [summary] => Software / IT Professional with 3 years of total professional experience and hands-on exposure to Javascript, Salesforce, Lwc, Apex, Soql, Gearset, Codeigniter, Ci/cd, Sales, Healthcare.
            [degree] => BE
            [institution] => mputer	 Application	 from	 E.G.S.	 Pillay	 Arts	 and	 Science	 College
            [grad_year] => Not specified in resume
            [training] => Not specified in resume
            [categorized_skills] => Array
                (
                    [Frontend] => Javascript
                    [Backend] => Codeigniter
                    [DevOps / Tools] => Ci/cd
                    [Sales & Marketing] => Sales
                    [Other Skills] => Salesforce, Lwc, Apex, Soql, Gearset, Healthcare, Patient Care, Analytical Skills, Documentation
                )

            [work_history] => Array
                (
                    [0] => Array
                        (
                            [role] => Software / IT Professional
                            [company] => Salesforce	 solutions
                            [period] => april	 2022 - present
                            [duration] => 4 Yrs 5 Mos
                        )

                )

            [projects] => Array
                (
                    [0] => Array
                        (
                            [title] => Project
                        )

                    [1] => Array
                        (
                            [title] => Axena	 Health

Role
                        )

                    [2] => Array
                        (
                            [title] => Tech	 Goes	 Home
                        )

                    [3] => Array
                        (
                            [title] => Aimed	 At Optimizing	 Salesforce	 Functionality
                        )

                )

            [domain] => Software & IT
        )

)

============================

============================
2026-08-19 10:46:20 | vacancy
SELECT jl.*, GROUP_CONCAT(s.SkillName ORDER BY s.SkillName SEPARATOR ', ') AS RequiredSkills
FROM `IHRJobsList` `jl`
LEFT JOIN `JobSkills` `js` ON `js`.`Jid` = `jl`.`Jid`
LEFT JOIN `IHSkills` `s` ON `s`.`SkillId` = `js`.`SkillId`
WHERE `jl`.`Jid` = '32'
GROUP BY `jl`.`Jid`
============================

==============================
2026-08-19 10:46:20 | START
Array
(
    [resumePath] => D:/xampp/htdocs/REC/atscheck/modal/CAND32_20260819104620668.docx
    [vacancyId] => 32
    [jobTitle] => Data Engineer
)

==============================
2026-08-19 10:46:20 | RAW_RESUME_TEXT
﻿vijay kit &amp; network support engineer (l1)phone: 7867070840 | email: vijaykumaresan92@gmail.com952500141605professional summarydedicated it support &amp; l1 network engineer with hands-on experience in desktop support, hardware troubleshooting, network basics, o365, vpn support, and it asset management. strong ability to resolve user issues efficiently and ensure smooth it operations.952500258445key skillstechnical skillsnetworking fundamentalsccna course completed  tcp/ip, osi model, ip addressing &amp; subnetting, vlan config, routing protocol, nat, dhcp, dns, stp and wan connectivity.network devices &amp; installationswitch &amp; router installation and mounting, patch panel &amp; rack management, structured cabling, access point mounting &amp; configuration, network hardware troubleshooting.configuration &amp; managementcisco routers &amp; switches, vlan configuration, inter vlan routing, wireless access point setup and vpn configuration.network switch aclaccess control lists (acls), vpn setup, basic intrusion prevention techniques.monitoring &amp; troubleshootingit supportswitch movement, it asset maintenance and tracking, o365, laptop &amp; desktop configuration &amp; troubleshooting, printer setup (hp&amp; zebra barcode printer), &amp; application installation.soft skillsstrong problem-solving and analytical abilities.hands-on experience in device installation &amp; network cabling.ability to learn quickly and adapt to new technologies, team collaboration and support coordination.professional experience it supportengineer(l1)sentinel technology pvt ltd(client: tata electronics products &amp; solutions), hosur dec 2024 – presentcctv hardware engineer networking952500186690ipqc – in process quality controlbangalore datacom pvt ltd(client: tata electronics pvt. ltd.), hosur jul 2023 – nov 2024id card printing data maintained access control help desk952500182880education b.a economicssacred heart college (autonomous) tirupattur dist. tamil nadu2018 �
==============================
2026-08-19 10:46:20 | EXPERIENCE_DETAILS
Array
(
    [jobs] => Array
        (
            [0] => Array
                (
                    [from] => dec 2024
                    [to] => present
                    [years] => 1
                    [months] => 8
                )

            [1] => Array
                (
                    [from] => jul 2023
                    [to] => nov 2024
                    [years] => 1
                    [months] => 4
                )

            [2] => Array
                (
                    [from] => 2018 jan
                    [to] => 2021 jan
                    [years] => 3
                    [months] => 0
                )

        )

    [total] => 6 Years 0 Months
)

==============================
2026-08-19 10:46:20 | Email
vijaykumaresan92@gmail.com
==============================
2026-08-19 10:46:20 | Name

==============================
2026-08-19 10:46:20 | Mobile
7867070840, 9525001416, 9525002584, 9525001866, 9525001828, 9525002933, 9525002889
==============================
2026-08-19 10:46:20 | ExperienceYears
6
==============================
2026-08-19 10:46:20 | RECOMMENDATION_ANALYSIS
Array
(
    [matchedSkillsCount] => 0
    [requiredSkillsCount] => 10
    [candidateExp] => 6
    [minExpRequired] => 1
    [eduMatch] => 1
    [domainStatus] => MATCHED
    [candidateDomain] => Software & IT
    [jobDomain] => Software & IT
)

==============================
2026-08-19 10:46:20 | RECOMMENDATION
Potential Match
==============================
2026-08-19 10:46:20 | RECOMMENDATION_REASON
The candidate has a relevant background for Data Engineer, but specific requirements need verification during screening. Skill(s) like Powerbi, Excel, Advanced Sql were not clearly identified in the resume text. Recruiter review and phone screening are recommended.
============================
2026-08-19 10:46:21 | vacancy
Array
(
    [Jid] => 32
    [JobCode] => JOB-2026-0004
    [JobTitle] => Data Engineer
    [RoleSummary] => Senior Executive
    [Did] => 1
    [EmploymentType] => Full-Time
    [WorkMode] => Onsite
    [EducationRequired] => BTECH,BE,BSC
    [ExpMin] => 1.00
    [ExpMax] => 2.00
    [SalMin] => 0
    [SalMax] => 0
    [Currency] => INR
    [NoofOpenings] => 1
    [JobStatus] => Open
    [JobDescription] => We are looking for a Senior Data Engineer (Senior Executive) to join our team. The candidate will be responsible for designing, constructing, and maintaining reliable data pipelines and data processing solutions. The role will involve working extensively with powerbi, excel, Advanced SQL, Python, Scala, and Cloud Platforms to deliver reliable and quality outcomes. Familiarity with Distributed Computing, DevOps, and MLOps Basics will be an added advantage. This is a full-time role with 1–2 years of relevant experience, based in Chennai, requiring strong communication skills in English,Hindi. The ideal candidate should be a proactive problem solver with a strong commitment to quality and team collaboration.
    [Responsibilities] => 1. Design, construct, test, and maintain scalable data architecture and processing pipelines.
2. Build robust ETL processes to aggregate structured and unstructured data from diverse sources.
3. Ensure data cleanliness, integrity, performance, and accessibility across data stores.
4. Collaborate with Data Scientists and Analysts to support reporting and analytics needs.
5. Develop, test, and maintain application features and software components using powerbi.
6. Use Excel for reporting, data analysis, and operational tracking.
7. Write and optimize SQL queries and support database-driven application functionality.
8. Develop Python-based scripts, applications, and data processing workflows.
9. Utilize Distributed Computing as an added advantage for duty execution.
10. Utilize DevOps as an added advantage for duty execution.
    [Qualifications] => 
    [JobLocation] => Chennai
    [CommunicationLang] => English,Hindi
    [PostedOn] => 2026-08-19 10:38:01
    [UpdatedOn] => 2026-08-19 10:39:40
    [ExpiryDate] => 
    [TargetOnboardingDate] => 2026-08-31
    [Salary] => 3-4
    [PostedBy] => 17
    [SkillScore] => 0
    [EducationScore] => 0
    [ExperienceScore] => 0
    [ProjectScore] => 0
    [CertificationScore] => 0
    [ResumeQualityScore] => 0
    [DomainKnowledgeScore] => 0
    [CtcApproverId] => 19
    [AssignedRecruiterManagerId] => 17
    [HoldUntilDate] => 
    [HoldReminderSentDate] => 
    [MustHaveSkills] => powerbi,excel,Advanced SQL,Python,Scala,Cloud Platforms,Workflow Orchestration
    [NiceToHaveSkills] => Distributed Computing,DevOps,MLOps Basics
    [RequiredSkills] => 
)

============================

============================
2026-08-19 10:46:21 | FINAL RESULT RETURN
Array
(
    [recommendation] => Potential Match
    [recommendation_reason] => The candidate has a relevant background for Data Engineer, but specific requirements need verification during screening. Skill(s) like Powerbi, Excel, Advanced Sql were not clearly identified in the resume text. Recruiter review and phone screening are recommended.
    [relevant_evidence] => Array
        (
            [0] => Work Experience: 6 Years total experience (Vacancy Required: Min 1 Years)
            [1] => Education: Matches required level (BE)
            [2] => Domain Fit: Background in Software & IT
            [3] => Extracted Resume Skills: Analytical Skills
        )

    [missing_requirements] => Array
        (
            [0] => Required Skills Not Found: Powerbi, Excel, Advanced Sql, Python, Scala, Cloud Platforms, Workflow Orchestration, Distributed Computing, Devops, Mlops Basics
        )

    [status] => Potential Match
    [email] => vijaykumaresan92@gmail.com
    [name] => 
    [mobileNumbers] => 7867070840, 9525001416, 9525002584, 9525001866, 9525001828, 9525002933, 9525002889
    [expyrs] => 6
    [experience_details] => Array
        (
            [jobs] => Array
                (
                    [0] => Array
                        (
                            [from] => dec 2024
                            [to] => present
                            [years] => 1
                            [months] => 8
                        )

                    [1] => Array
                        (
                            [from] => jul 2023
                            [to] => nov 2024
                            [years] => 1
                            [months] => 4
                        )

                    [2] => Array
                        (
                            [from] => 2018 jan
                            [to] => 2021 jan
                            [years] => 3
                            [months] => 0
                        )

                )

            [total] => 6 Years 0 Months
        )

    [domain] => Software & IT
    [job_domain] => Software & IT
    [candidate_domain] => Software & IT
    [domain_status] => MATCHED
    [domain_analysis] => Array
        (
            [candidate_domain] => Software & IT
            [candidate_domain_confidence] => Medium
            [job_domain] => Software & IT
            [job_domain_confidence] => Medium
            [domain_status] => MATCHED
            [domain_reason] => Candidate profile and vacancy belong to the same professional domain.
            [domain_evidence] => Array
                (
                    [0] => engineer
                    [1] => git
                )

        )

    [matched_skills] => 
    [missing_skills] => Powerbi, Excel, Advanced Sql, Python, Scala, Cloud Platforms, Workflow Orchestration, Distributed Computing, Devops, Mlops Basics
    [all_extracted_skills] => Analytical Skills
    [education_match] => Yes
    [experience] => Yes
    [detected_degree] => BE
    [candidate_profile] => Array
        (
            [headline] => Software / IT Professional
            [current_role] => Software / IT Professional
            [current_company] => cabling.Ability to learn quickly and adapt to new technologies
            [summary] => Software / IT Professional with 6 years of total professional experience and hands-on exposure to Analytical Skills.
            [degree] => BE
            [institution] => trol Help Desk952500182880EDUCATION B.A EconomicsSacred Heart College
            [grad_year] => 2018
            [training] => Not specified in resume
            [categorized_skills] => Array
                (
                    [Other Skills] => Analytical Skills
                )

            [work_history] => Array
                (
                    [0] => Array
                        (
                            [role] => Software / IT Professional
                            [company] => cabling.Ability to learn quickly and adapt to new technologies
                            [period] => dec 2024 - present
                            [duration] => 1 Yrs 8 Mos
                        )

                    [1] => Array
                        (
                            [role] => Software / IT Professional
                            [company] => cabling.Ability to learn quickly and adapt to new technologies
                            [period] => jul 2023 - nov 2024
                            [duration] => 1 Yrs 4 Mos
                        )

                    [2] => Array
                        (
                            [role] => Software / IT Professional
                            [company] => cabling.Ability to learn quickly and adapt to new technologies
                            [period] => 2018 jan - 2021 jan
                            [duration] => 3 Yrs 0 Mos
                        )

                )

            [projects] => Array
                (
                )

            [domain] => Software & IT
        )

)

============================

============================
2026-08-19 10:46:46 | vacancy
SELECT jl.*, GROUP_CONCAT(s.SkillName ORDER BY s.SkillName SEPARATOR ', ') AS RequiredSkills
FROM `IHRJobsList` `jl`
LEFT JOIN `JobSkills` `js` ON `js`.`Jid` = `jl`.`Jid`
LEFT JOIN `IHSkills` `s` ON `s`.`SkillId` = `js`.`SkillId`
WHERE `jl`.`Jid` = '32'
GROUP BY `jl`.`Jid`
============================

==============================
2026-08-19 10:46:46 | START
Array
(
    [resumePath] => D:/xampp/htdocs/REC/atscheck/modal/CAND32_20260819104646986.pdf
    [vacancyId] => 32
    [jobTitle] => Data Engineer
)

==============================
2026-08-19 10:46:46 | PDF_EXTRACT_SUCCESS
SANJAYA SRIDHAR 	
Chennai | 81483 14442 | sanjayajayanthi2001@gmail.com	 	
 
PROFESSIONAL SUMMARY 	
Detail-oriented Finance professional with over 2.5 years of experience in 	
Disbursement Accounting, Revenue & Expense Accounting, Customer Invoicing, and Cash 
Application. Demonstrated ability to manage high-volume transactions with 100% accuracy, 
meet strict SLAs, and collaborate effectively with cross-functional and global stakeholders. 
Known for analytical thinking, process improvement, and strong attention to detail. 
CORE COMPETENCIES 
 
 
 
 
PROFESSIONAL EXPERIENCE 	
 	
Inchcape Shipping Services –Accounts Executive        Nov 2023 – Present 
 
	 	Perform end-to-end accounting of supplier invoices after validating accuracy, approvals, 
and compliance with company policies. 	
	 	Coordinate with Operations and Sales teams to ensure timely submission of invoices and 
resolve discrepancies 	
	 	Work closely with Local Port Agents (LPA) and Operations to address invoic
==============================
2026-08-19 10:46:46 | RAW_RESUME_TEXT
sanjaya sridhar 	
chennai | 81483 14442 | sanjayajayanthi2001@gmail.com	 	
 
professional summary 	
detail-oriented finance professional with over 2.5 years of experience in 	
disbursement accounting, revenue & expense accounting, customer invoicing, and cash 
application. demonstrated ability to manage high-volume transactions with 100% accuracy, 
meet strict slas, and collaborate effectively with cross-functional and global stakeholders. 
known for analytical thinking, process improvement, and strong attention to detail. 
core competencies 
 
 
 
 
professional experience 	
 	
inchcape shipping services –accounts executive        nov 2023 – present 
 
	 	perform end-to-end accounting of supplier invoices after validating accuracy, approvals, 
and compliance with company policies. 	
	 	coordinate with operations and sales teams to ensure timely submission of invoices and 
resolve discrepancies 	
	 	work closely with local port agents (lpa) and operations to address invoice queries and 
close issues promptly. 	
	 	account revenues and expenses in line with contracted rates, pro-forma invoices, baseline 
templates, and closed estimates. 	
	 	generate and dispatch customer invoices while adhering to customer-specific billing 
requirements. 	
	 	track daily bank statements from banking portals and maintain accurate cash trackers. 	
	 	perform daily cash application and bank reconciliation within 24-hour sla. 	
	 	clear unallocated and unidentified payments with root cause analysis. 	
	 	post customer receipts with 100% accuracy and support ar and collections teams. 	
	 	prepare and circulate month-end accrual, pending, and rejection reports to stakeholders. 	
	 	reconcile processed invoices against system reports to ensure zero variance. 	
	 	support process transitions, knowledge sharing, and continuous improvement initiatives. 	
	 	maintain strong working relationships with internal teams and external stakeholders 	
disburse
==============================
2026-08-19 10:46:46 | EXPERIENCE_DETAILS
Array
(
    [jobs] => Array
        (
            [0] => Array
                (
                    [from] => nov 2023
                    [to] => present
                    [years] => 2
                    [months] => 10
                )

            [1] => Array
                (
                    [from] => jun 2022
                    [to] => jan 2023
                    [years] => 0
                    [months] => 7
                )

        )

    [total] => 3 Years 5 Months
)

==============================
2026-08-19 10:46:46 | Email
sanjayajayanthi2001@gmail.com
==============================
2026-08-19 10:46:46 | Name
Sanjaya Sridhar
==============================
2026-08-19 10:46:46 | Mobile

==============================
2026-08-19 10:46:46 | ExperienceYears
2.5
==============================
2026-08-19 10:46:46 | RECOMMENDATION_ANALYSIS
Array
(
    [matchedSkillsCount] => 1
    [requiredSkillsCount] => 10
    [candidateExp] => 2.5
    [minExpRequired] => 1
    [eduMatch] => 1
    [domainStatus] => WRONG_DOMAIN
    [candidateDomain] => Finance & Accounting
    [jobDomain] => Software & IT
)

==============================
2026-08-19 10:46:46 | RECOMMENDATION
Not Suitable
==============================
2026-08-19 10:46:46 | RECOMMENDATION_REASON
Wrong domain: The candidate's resume indicates a Finance & Accounting background, while this vacancy belongs to Software & IT. The candidate's professional domain does not align with the requirements of this position.
============================
2026-08-19 10:46:46 | vacancy
Array
(
    [Jid] => 32
    [JobCode] => JOB-2026-0004
    [JobTitle] => Data Engineer
    [RoleSummary] => Senior Executive
    [Did] => 1
    [EmploymentType] => Full-Time
    [WorkMode] => Onsite
    [EducationRequired] => BTECH,BE,BSC
    [ExpMin] => 1.00
    [ExpMax] => 2.00
    [SalMin] => 0
    [SalMax] => 0
    [Currency] => INR
    [NoofOpenings] => 1
    [JobStatus] => Open
    [JobDescription] => We are looking for a Senior Data Engineer (Senior Executive) to join our team. The candidate will be responsible for designing, constructing, and maintaining reliable data pipelines and data processing solutions. The role will involve working extensively with powerbi, excel, Advanced SQL, Python, Scala, and Cloud Platforms to deliver reliable and quality outcomes. Familiarity with Distributed Computing, DevOps, and MLOps Basics will be an added advantage. This is a full-time role with 1–2 years of relevant experience, based in Chennai, requiring strong communication skills in English,Hindi. The ideal candidate should be a proactive problem solver with a strong commitment to quality and team collaboration.
    [Responsibilities] => 1. Design, construct, test, and maintain scalable data architecture and processing pipelines.
2. Build robust ETL processes to aggregate structured and unstructured data from diverse sources.
3. Ensure data cleanliness, integrity, performance, and accessibility across data stores.
4. Collaborate with Data Scientists and Analysts to support reporting and analytics needs.
5. Develop, test, and maintain application features and software components using powerbi.
6. Use Excel for reporting, data analysis, and operational tracking.
7. Write and optimize SQL queries and support database-driven application functionality.
8. Develop Python-based scripts, applications, and data processing workflows.
9. Utilize Distributed Computing as an added advantage for duty execution.
10. Utilize DevOps as an added advantage for duty execution.
    [Qualifications] => 
    [JobLocation] => Chennai
    [CommunicationLang] => English,Hindi
    [PostedOn] => 2026-08-19 10:38:01
    [UpdatedOn] => 2026-08-19 10:39:40
    [ExpiryDate] => 
    [TargetOnboardingDate] => 2026-08-31
    [Salary] => 3-4
    [PostedBy] => 17
    [SkillScore] => 0
    [EducationScore] => 0
    [ExperienceScore] => 0
    [ProjectScore] => 0
    [CertificationScore] => 0
    [ResumeQualityScore] => 0
    [DomainKnowledgeScore] => 0
    [CtcApproverId] => 19
    [AssignedRecruiterManagerId] => 17
    [HoldUntilDate] => 
    [HoldReminderSentDate] => 
    [MustHaveSkills] => powerbi,excel,Advanced SQL,Python,Scala,Cloud Platforms,Workflow Orchestration
    [NiceToHaveSkills] => Distributed Computing,DevOps,MLOps Basics
    [RequiredSkills] => 
)

============================

============================
2026-08-19 10:46:46 | FINAL RESULT RETURN
Array
(
    [recommendation] => Not Suitable
    [recommendation_reason] => Wrong domain: The candidate's resume indicates a Finance & Accounting background, while this vacancy belongs to Software & IT. The candidate's professional domain does not align with the requirements of this position.
    [relevant_evidence] => Array
        (
            [0] => Work Experience: 2.5 Years total experience (Vacancy Required: Min 1 Years)
            [1] => Matched Core Skills: Excel
            [2] => Education: Matches required level (BE)
            [3] => Domain Fit: Background in Finance & Accounting
            [4] => Extracted Resume Skills: Accounting, Billing, Sales, Communication, Analytical Skills, Time Management, Documentation
        )

    [missing_requirements] => Array
        (
            [0] => Required Skills Not Found: Powerbi, Advanced Sql, Python, Scala, Cloud Platforms, Workflow Orchestration, Distributed Computing, Devops, Mlops Basics
        )

    [status] => Not Suitable
    [email] => sanjayajayanthi2001@gmail.com
    [name] => Sanjaya Sridhar
    [mobileNumbers] => 
    [expyrs] => 2.5
    [experience_details] => Array
        (
            [jobs] => Array
                (
                    [0] => Array
                        (
                            [from] => nov 2023
                            [to] => present
                            [years] => 2
                            [months] => 10
                        )

                    [1] => Array
                        (
                            [from] => jun 2022
                            [to] => jan 2023
                            [years] => 0
                            [months] => 7
                        )

                )

            [total] => 3 Years 5 Months
        )

    [domain] => Finance & Accounting
    [job_domain] => Software & IT
    [candidate_domain] => Finance & Accounting
    [domain_status] => WRONG_DOMAIN
    [domain_analysis] => Array
        (
            [candidate_domain] => Finance & Accounting
            [candidate_domain_confidence] => High
            [job_domain] => Software & IT
            [job_domain_confidence] => Low
            [domain_status] => WRONG_DOMAIN
            [domain_reason] => Wrong domain: The candidate's resume indicates a Finance & Accounting background, while this vacancy belongs to Software & IT. The candidate's professional domain does not align with the requirements of this position.
            [domain_evidence] => Array
                (
                    [0] => accounts executive
                    [1] => finance
                    [2] => accounting
                    [3] => accounts
                    [4] => invoice
                )

        )

    [matched_skills] => Excel
    [missing_skills] => Powerbi, Advanced Sql, Python, Scala, Cloud Platforms, Workflow Orchestration, Distributed Computing, Devops, Mlops Basics
    [all_extracted_skills] => Accounting, Billing, Sales, Communication, Analytical Skills, Time Management, Documentation
    [education_match] => Yes
    [experience] => Yes
    [detected_degree] => BE
    [candidate_profile] => Array
        (
            [headline] => Accounts Executive
            [current_role] => Accounts Executive
            [current_company] => Inc
            [summary] => Accounts Executive with 2.5 years of total professional experience and hands-on exposure to Accounting, Billing, Sales, Communication, Analytical Skills, Time Management, Documentation.
            [degree] => BE
            [institution] => Qualification	 	University
            [grad_year] => 2025
            [training] => Not specified in resume
            [categorized_skills] => Array
                (
                    [Finance & Accounts] => Accounting, Billing
                    [Sales & Marketing] => Sales
                    [Other Skills] => Communication, Analytical Skills, Time Management, Documentation
                )

            [work_history] => Array
                (
                    [0] => Array
                        (
                            [role] => Accounts Executive
                            [company] => Inc
                            [period] => nov 2023 - present
                            [duration] => 2 Yrs 10 Mos
                        )

                    [1] => Array
                        (
                            [role] => Accounts Executive
                            [company] => Inc
                            [period] => jun 2022 - jan 2023
                            [duration] => 0 Yrs 7 Mos
                        )

                )

            [projects] => Array
                (
                )

            [domain] => Finance & Accounting
        )

)

============================

============================
2026-08-19 10:46:59 | vacancy
SELECT jl.*, GROUP_CONCAT(s.SkillName ORDER BY s.SkillName SEPARATOR ', ') AS RequiredSkills
FROM `IHRJobsList` `jl`
LEFT JOIN `JobSkills` `js` ON `js`.`Jid` = `jl`.`Jid`
LEFT JOIN `IHSkills` `s` ON `s`.`SkillId` = `js`.`SkillId`
WHERE `jl`.`Jid` = '32'
GROUP BY `jl`.`Jid`
============================

==============================
2026-08-19 10:46:59 | START
Array
(
    [resumePath] => D:/xampp/htdocs/REC/atscheck/modal/CAND32_20260819104659720.docx
    [vacancyId] => 32
    [jobTitle] => Data Engineer
)

==============================
2026-08-19 10:46:59 | RAW_RESUME_TEXT
﻿vijay kit &amp; network support engineer (l1)phone: 7867070840 | email: vijaykumaresan92@gmail.com952500141605professional summarydedicated it support &amp; l1 network engineer with hands-on experience in desktop support, hardware troubleshooting, network basics, o365, vpn support, and it asset management. strong ability to resolve user issues efficiently and ensure smooth it operations.952500258445key skillstechnical skillsnetworking fundamentalsccna course completed  tcp/ip, osi model, ip addressing &amp; subnetting, vlan config, routing protocol, nat, dhcp, dns, stp and wan connectivity.network devices &amp; installationswitch &amp; router installation and mounting, patch panel &amp; rack management, structured cabling, access point mounting &amp; configuration, network hardware troubleshooting.configuration &amp; managementcisco routers &amp; switches, vlan configuration, inter vlan routing, wireless access point setup and vpn configuration.network switch aclaccess control lists (acls), vpn setup, basic intrusion prevention techniques.monitoring &amp; troubleshootingit supportswitch movement, it asset maintenance and tracking, o365, laptop &amp; desktop configuration &amp; troubleshooting, printer setup (hp&amp; zebra barcode printer), &amp; application installation.soft skillsstrong problem-solving and analytical abilities.hands-on experience in device installation &amp; network cabling.ability to learn quickly and adapt to new technologies, team collaboration and support coordination.professional experience it supportengineer(l1)sentinel technology pvt ltd(client: tata electronics products &amp; solutions), hosur dec 2024 – presentcctv hardware engineer networking952500186690ipqc – in process quality controlbangalore datacom pvt ltd(client: tata electronics pvt. ltd.), hosur jul 2023 – nov 2024id card printing data maintained access control help desk952500182880education b.a economicssacred heart college (autonomous) tirupattur dist. tamil nadu2018 �
==============================
2026-08-19 10:46:59 | EXPERIENCE_DETAILS
Array
(
    [jobs] => Array
        (
            [0] => Array
                (
                    [from] => dec 2024
                    [to] => present
                    [years] => 1
                    [months] => 8
                )

            [1] => Array
                (
                    [from] => jul 2023
                    [to] => nov 2024
                    [years] => 1
                    [months] => 4
                )

            [2] => Array
                (
                    [from] => 2018 jan
                    [to] => 2021 jan
                    [years] => 3
                    [months] => 0
                )

        )

    [total] => 6 Years 0 Months
)

==============================
2026-08-19 10:46:59 | Email
vijaykumaresan92@gmail.com
==============================
2026-08-19 10:46:59 | Name

==============================
2026-08-19 10:46:59 | Mobile
7867070840, 9525001416, 9525002584, 9525001866, 9525001828, 9525002933, 9525002889
==============================
2026-08-19 10:46:59 | ExperienceYears
6
==============================
2026-08-19 10:47:00 | RECOMMENDATION_ANALYSIS
Array
(
    [matchedSkillsCount] => 0
    [requiredSkillsCount] => 10
    [candidateExp] => 6
    [minExpRequired] => 1
    [eduMatch] => 1
    [domainStatus] => MATCHED
    [candidateDomain] => Software & IT
    [jobDomain] => Software & IT
)

==============================
2026-08-19 10:47:00 | RECOMMENDATION
Potential Match
==============================
2026-08-19 10:47:00 | RECOMMENDATION_REASON
The candidate has a relevant background for Data Engineer, but specific requirements need verification during screening. Skill(s) like Powerbi, Excel, Advanced Sql were not clearly identified in the resume text. Recruiter review and phone screening are recommended.
============================
2026-08-19 10:47:00 | vacancy
Array
(
    [Jid] => 32
    [JobCode] => JOB-2026-0004
    [JobTitle] => Data Engineer
    [RoleSummary] => Senior Executive
    [Did] => 1
    [EmploymentType] => Full-Time
    [WorkMode] => Onsite
    [EducationRequired] => BTECH,BE,BSC
    [ExpMin] => 1.00
    [ExpMax] => 2.00
    [SalMin] => 0
    [SalMax] => 0
    [Currency] => INR
    [NoofOpenings] => 1
    [JobStatus] => Open
    [JobDescription] => We are looking for a Senior Data Engineer (Senior Executive) to join our team. The candidate will be responsible for designing, constructing, and maintaining reliable data pipelines and data processing solutions. The role will involve working extensively with powerbi, excel, Advanced SQL, Python, Scala, and Cloud Platforms to deliver reliable and quality outcomes. Familiarity with Distributed Computing, DevOps, and MLOps Basics will be an added advantage. This is a full-time role with 1–2 years of relevant experience, based in Chennai, requiring strong communication skills in English,Hindi. The ideal candidate should be a proactive problem solver with a strong commitment to quality and team collaboration.
    [Responsibilities] => 1. Design, construct, test, and maintain scalable data architecture and processing pipelines.
2. Build robust ETL processes to aggregate structured and unstructured data from diverse sources.
3. Ensure data cleanliness, integrity, performance, and accessibility across data stores.
4. Collaborate with Data Scientists and Analysts to support reporting and analytics needs.
5. Develop, test, and maintain application features and software components using powerbi.
6. Use Excel for reporting, data analysis, and operational tracking.
7. Write and optimize SQL queries and support database-driven application functionality.
8. Develop Python-based scripts, applications, and data processing workflows.
9. Utilize Distributed Computing as an added advantage for duty execution.
10. Utilize DevOps as an added advantage for duty execution.
    [Qualifications] => 
    [JobLocation] => Chennai
    [CommunicationLang] => English,Hindi
    [PostedOn] => 2026-08-19 10:38:01
    [UpdatedOn] => 2026-08-19 10:39:40
    [ExpiryDate] => 
    [TargetOnboardingDate] => 2026-08-31
    [Salary] => 3-4
    [PostedBy] => 17
    [SkillScore] => 0
    [EducationScore] => 0
    [ExperienceScore] => 0
    [ProjectScore] => 0
    [CertificationScore] => 0
    [ResumeQualityScore] => 0
    [DomainKnowledgeScore] => 0
    [CtcApproverId] => 19
    [AssignedRecruiterManagerId] => 17
    [HoldUntilDate] => 
    [HoldReminderSentDate] => 
    [MustHaveSkills] => powerbi,excel,Advanced SQL,Python,Scala,Cloud Platforms,Workflow Orchestration
    [NiceToHaveSkills] => Distributed Computing,DevOps,MLOps Basics
    [RequiredSkills] => 
)

============================

============================
2026-08-19 10:47:00 | FINAL RESULT RETURN
Array
(
    [recommendation] => Potential Match
    [recommendation_reason] => The candidate has a relevant background for Data Engineer, but specific requirements need verification during screening. Skill(s) like Powerbi, Excel, Advanced Sql were not clearly identified in the resume text. Recruiter review and phone screening are recommended.
    [relevant_evidence] => Array
        (
            [0] => Work Experience: 6 Years total experience (Vacancy Required: Min 1 Years)
            [1] => Education: Matches required level (BE)
            [2] => Domain Fit: Background in Software & IT
            [3] => Extracted Resume Skills: Analytical Skills
        )

    [missing_requirements] => Array
        (
            [0] => Required Skills Not Found: Powerbi, Excel, Advanced Sql, Python, Scala, Cloud Platforms, Workflow Orchestration, Distributed Computing, Devops, Mlops Basics
        )

    [status] => Potential Match
    [email] => vijaykumaresan92@gmail.com
    [name] => 
    [mobileNumbers] => 7867070840, 9525001416, 9525002584, 9525001866, 9525001828, 9525002933, 9525002889
    [expyrs] => 6
    [experience_details] => Array
        (
            [jobs] => Array
                (
                    [0] => Array
                        (
                            [from] => dec 2024
                            [to] => present
                            [years] => 1
                            [months] => 8
                        )

                    [1] => Array
                        (
                            [from] => jul 2023
                            [to] => nov 2024
                            [years] => 1
                            [months] => 4
                        )

                    [2] => Array
                        (
                            [from] => 2018 jan
                            [to] => 2021 jan
                            [years] => 3
                            [months] => 0
                        )

                )

            [total] => 6 Years 0 Months
        )

    [domain] => Software & IT
    [job_domain] => Software & IT
    [candidate_domain] => Software & IT
    [domain_status] => MATCHED
    [domain_analysis] => Array
        (
            [candidate_domain] => Software & IT
            [candidate_domain_confidence] => Medium
            [job_domain] => Software & IT
            [job_domain_confidence] => Medium
            [domain_status] => MATCHED
            [domain_reason] => Candidate profile and vacancy belong to the same professional domain.
            [domain_evidence] => Array
                (
                    [0] => engineer
                    [1] => git
                )

        )

    [matched_skills] => 
    [missing_skills] => Powerbi, Excel, Advanced Sql, Python, Scala, Cloud Platforms, Workflow Orchestration, Distributed Computing, Devops, Mlops Basics
    [all_extracted_skills] => Analytical Skills
    [education_match] => Yes
    [experience] => Yes
    [detected_degree] => BE
    [candidate_profile] => Array
        (
            [headline] => Software / IT Professional
            [current_role] => Software / IT Professional
            [current_company] => cabling.Ability to learn quickly and adapt to new technologies
            [summary] => Software / IT Professional with 6 years of total professional experience and hands-on exposure to Analytical Skills.
            [degree] => BE
            [institution] => trol Help Desk952500182880EDUCATION B.A EconomicsSacred Heart College
            [grad_year] => 2018
            [training] => Not specified in resume
            [categorized_skills] => Array
                (
                    [Other Skills] => Analytical Skills
                )

            [work_history] => Array
                (
                    [0] => Array
                        (
                            [role] => Software / IT Professional
                            [company] => cabling.Ability to learn quickly and adapt to new technologies
                            [period] => dec 2024 - present
                            [duration] => 1 Yrs 8 Mos
                        )

                    [1] => Array
                        (
                            [role] => Software / IT Professional
                            [company] => cabling.Ability to learn quickly and adapt to new technologies
                            [period] => jul 2023 - nov 2024
                            [duration] => 1 Yrs 4 Mos
                        )

                    [2] => Array
                        (
                            [role] => Software / IT Professional
                            [company] => cabling.Ability to learn quickly and adapt to new technologies
                            [period] => 2018 jan - 2021 jan
                            [duration] => 3 Yrs 0 Mos
                        )

                )

            [projects] => Array
                (
                )

            [domain] => Software & IT
        )

)

============================

============================
2026-08-19 10:56:49 | vacancy
SELECT jl.*, GROUP_CONCAT(s.SkillName ORDER BY s.SkillName SEPARATOR ', ') AS RequiredSkills
FROM `IHRJobsList` `jl`
LEFT JOIN `JobSkills` `js` ON `js`.`Jid` = `jl`.`Jid`
LEFT JOIN `IHSkills` `s` ON `s`.`SkillId` = `js`.`SkillId`
WHERE `jl`.`Jid` = '32'
GROUP BY `jl`.`Jid`
============================

==============================
2026-08-19 10:56:49 | START
Array
(
    [resumePath] => D:/xampp/htdocs/REC/atscheck/modal/CAND32_20260819105649815.pdf
    [vacancyId] => 32
    [jobTitle] => Data Engineer
)

==============================
2026-08-19 10:56:49 | PDF_EXTRACT_SUCCESS
Mohamed Fazil
Full Stack Developer — MERN & PHP Specialist Chennai, Tamil Nadu — +91 7200110489
fazil721655@gmail.com — linkedin.com/in/mohamed-fazil — github.com/fazil
Professional Summary BCA Graduate (2025) and Full Stack Developer with hands-on experience building scalable web applications using
MERN stack and PHP. Skilled in REST API development, JWT authentication, Docker-based deployment, and
responsive UI design. Passionate about clean architecture, performance optimization, and production-ready systems.
Core Competencies •Languages:JavaScript (ES6+), PHP
•Frontend:React.js, Next.js, AngularJS, HTML5, CSS3, Bootstrap, Tailwind CSS
•Backend:Node.js, Express.js, PHP
•Databases:MongoDB, MySQL
•API & Security:RESTful APIs, JWT Authentication, bcrypt, Middleware
•DevOps & Tools:Docker, Git, GitHub, VS Code
•Concepts:MVC Architecture, Responsive Design, Performance Optimization, Component-Based Architecture
Work Experience Inet Secure Labs Pvt Ltd – Software D
==============================
2026-08-19 10:56:49 | RAW_RESUME_TEXT
mohamed fazil
full stack developer — mern & php specialist chennai, tamil nadu — +91 7200110489
fazil721655@gmail.com — linkedin.com/in/mohamed-fazil — github.com/fazil
professional summary bca graduate (2025) and full stack developer with hands-on experience building scalable web applications using
mern stack and php. skilled in rest api development, jwt authentication, docker-based deployment, and
responsive ui design. passionate about clean architecture, performance optimization, and production-ready systems.
core competencies •languages:javascript (es6+), php
•frontend:react.js, next.js, angularjs, html5, css3, bootstrap, tailwind css
•backend:node.js, express.js, php
•databases:mongodb, mysql
•api & security:restful apis, jwt authentication, bcrypt, middleware
•devops & tools:docker, git, github, vs code
•concepts:mvc architecture, responsive design, performance optimization, component-based architecture
work experience inet secure labs pvt ltd – software developerpresent
•contributing to full stack development using mern stack and php
•building rest apis and responsive ui components for real-world applications
•working with docker and git for efficient development workflow
featured projects langmaster – full stack e-learning platform
•developed a mern-based platform with lessons, quizzes, and progress tracking
•implemented jwt authentication, bcrypt password security, and protected routes
•designed rest apis for course and user management
•built responsive ui using tailwind css with animations
agri 360 – smart agriculture platform
•built a react.js marketplace for farmers to manage product listings
•integrated weather api for real-time environmental insights
•implemented advanced filtering, search, and location-based features
•optimized performance using react hooks and memoization
resume insight analyzer
•built a custom ats scoring system using php with rule-based nlp logic
•implemented keyword extraction,
==============================
2026-08-19 10:56:49 | EXPERIENCE_DETAILS
Array
(
    [jobs] => Array
        (
        )

    [total] => 0 Years 0 Months
)

==============================
2026-08-19 10:56:49 | Email
fazil721655@gmail.com
==============================
2026-08-19 10:56:49 | Name
Mohamed Fazil
==============================
2026-08-19 10:56:49 | Mobile
+91 7200110489
==============================
2026-08-19 10:56:49 | ExperienceYears
0
==============================
2026-08-19 10:56:49 | RECOMMENDATION_ANALYSIS
Array
(
    [matchedSkillsCount] => 3
    [requiredSkillsCount] => 10
    [candidateExp] => 0
    [minExpRequired] => 1
    [eduMatch] => 
    [domainStatus] => MATCHED
    [candidateDomain] => Software & IT
    [jobDomain] => Software & IT
)

==============================
2026-08-19 10:56:49 | RECOMMENDATION
Low Match
==============================
2026-08-19 10:56:49 | RECOMMENDATION_REASON
The candidate's resume does not provide sufficient evidence of meeting core requirements for Data Engineer. Key required skills (Powerbi, Excel, Python) are missing. Work experience (0 Yrs) falls substantially below the minimum required (1 Yrs). The profile is substantially unrelated or does not meet minimum thresholds.
============================
2026-08-19 10:56:49 | vacancy
Array
(
    [Jid] => 32
    [JobCode] => JOB-2026-0004
    [JobTitle] => Data Engineer
    [RoleSummary] => Senior Executive
    [Did] => 1
    [EmploymentType] => Full-Time
    [WorkMode] => Onsite
    [EducationRequired] => BTECH,BE,BSC
    [ExpMin] => 1.00
    [ExpMax] => 2.00
    [SalMin] => 0
    [SalMax] => 0
    [Currency] => INR
    [NoofOpenings] => 1
    [JobStatus] => Open
    [JobDescription] => We are looking for a Senior Data Engineer (Senior Executive) to join our team. The candidate will be responsible for designing, constructing, and maintaining reliable data pipelines and data processing solutions. The role will involve working extensively with powerbi, excel, Advanced SQL, Python, Scala, and Cloud Platforms to deliver reliable and quality outcomes. Familiarity with Distributed Computing, DevOps, and MLOps Basics will be an added advantage. This is a full-time role with 1–2 years of relevant experience, based in Chennai, requiring strong communication skills in English,Hindi. The ideal candidate should be a proactive problem solver with a strong commitment to quality and team collaboration.
    [Responsibilities] => 1. Design, construct, test, and maintain scalable data architecture and processing pipelines.
2. Build robust ETL processes to aggregate structured and unstructured data from diverse sources.
3. Ensure data cleanliness, integrity, performance, and accessibility across data stores.
4. Collaborate with Data Scientists and Analysts to support reporting and analytics needs.
5. Develop, test, and maintain application features and software components using powerbi.
6. Use Excel for reporting, data analysis, and operational tracking.
7. Write and optimize SQL queries and support database-driven application functionality.
8. Develop Python-based scripts, applications, and data processing workflows.
9. Utilize Distributed Computing as an added advantage for duty execution.
10. Utilize DevOps as an added advantage for duty execution.
    [Qualifications] => 
    [JobLocation] => Chennai
    [CommunicationLang] => English,Hindi
    [PostedOn] => 2026-08-19 10:38:01
    [UpdatedOn] => 2026-08-19 10:39:40
    [ExpiryDate] => 
    [TargetOnboardingDate] => 2026-08-31
    [Salary] => 3-4
    [PostedBy] => 17
    [SkillScore] => 0
    [EducationScore] => 0
    [ExperienceScore] => 0
    [ProjectScore] => 0
    [CertificationScore] => 0
    [ResumeQualityScore] => 0
    [DomainKnowledgeScore] => 0
    [CtcApproverId] => 19
    [AssignedRecruiterManagerId] => 17
    [HoldUntilDate] => 
    [HoldReminderSentDate] => 
    [MustHaveSkills] => powerbi,excel,Advanced SQL,Python,Scala,Cloud Platforms,Workflow Orchestration
    [NiceToHaveSkills] => Distributed Computing,DevOps,MLOps Basics
    [RequiredSkills] => 
)

============================

============================
2026-08-19 10:56:49 | FINAL RESULT RETURN
Array
(
    [recommendation] => Low Match
    [recommendation_reason] => The candidate's resume does not provide sufficient evidence of meeting core requirements for Data Engineer. Key required skills (Powerbi, Excel, Python) are missing. Work experience (0 Yrs) falls substantially below the minimum required (1 Yrs). The profile is substantially unrelated or does not meet minimum thresholds.
    [relevant_evidence] => Array
        (
            [0] => Matched Core Skills: Advanced Sql, Scala, Devops
            [1] => Domain Fit: Background in Software & IT
            [2] => Extracted Resume Skills: Php, Javascript, Html, Css, Bootstrap, Tailwind, React, Angular
        )

    [missing_requirements] => Array
        (
            [0] => Required Skills Not Found: Powerbi, Excel, Python, Cloud Platforms, Workflow Orchestration, Distributed Computing, Mlops Basics
            [1] => Experience Shortfall: Candidate has 0 Years (Required: Min 1 Years)
            [2] => Education Gap: Required qualification (BTECH,BE,BSC) not clearly identified in resume
        )

    [status] => Low Match
    [email] => fazil721655@gmail.com
    [name] => Mohamed Fazil
    [mobileNumbers] => +91 7200110489
    [expyrs] => 0
    [experience_details] => Array
        (
            [jobs] => Array
                (
                )

            [total] => 0 Years 0 Months
        )

    [domain] => Software & IT
    [job_domain] => Software & IT
    [candidate_domain] => Software & IT
    [domain_status] => MATCHED
    [domain_analysis] => Array
        (
            [candidate_domain] => Software & IT
            [candidate_domain_confidence] => High
            [job_domain] => Software & IT
            [job_domain_confidence] => High
            [domain_status] => MATCHED
            [domain_reason] => Candidate profile and vacancy belong to the same professional domain.
            [domain_evidence] => Array
                (
                    [0] => full stack developer
                    [1] => software developer
                    [2] => developer
                    [3] => software
                    [4] => javascript
                    [5] => react
                    [6] => node.js
                    [7] => php
                    [8] => java
                    [9] => mysql
                    [10] => mongodb
                    [11] => docker
                    [12] => git
                    [13] => nodejs
                )

        )

    [matched_skills] => Advanced Sql, Scala, Devops
    [missing_skills] => Powerbi, Excel, Python, Cloud Platforms, Workflow Orchestration, Distributed Computing, Mlops Basics
    [all_extracted_skills] => Php, Javascript, Html, Css, Bootstrap, Tailwind, React, Angular, Nextjs, Nodejs, Express, Rest Api, Mysql, Mongodb, Docker, Git, Communication
    [education_match] => No
    [experience] => No
    [detected_degree] => BA
    [candidate_profile] => Array
        (
            [headline] => Full Stack Developer
            [current_role] => Full Stack Developer
            [current_company] => and production-ready systems
            [summary] => Full Stack Developer and hands-on exposure to Php, Javascript, Html, Css, Bootstrap, Tailwind, React, Angular, Nextjs, Nodejs.
            [degree] => BA
            [institution] => Dr. MGR Educational and Research Institute
            [grad_year] => 2025
            [training] => MERN Full Stack, Full Stack Development
            [categorized_skills] => Array
                (
                    [Frontend] => React, Angular, Nextjs, Html, Css, Javascript, Bootstrap, Tailwind
                    [Backend] => Nodejs, Express, Php, Rest Api
                    [Database] => Mongodb, Mysql
                    [API / Security] => Rest Api
                    [DevOps / Tools] => Docker, Git
                    [Other Skills] => Communication
                )

            [work_history] => Array
                (
                )

            [projects] => Array
                (
                    [0] => Array
                        (
                            [title] => LangMaster
                        )

                )

            [domain] => Software & IT
        )

)

============================

============================
2026-08-19 10:58:38 | vacancy
SELECT jl.*, GROUP_CONCAT(s.SkillName ORDER BY s.SkillName SEPARATOR ', ') AS RequiredSkills
FROM `IHRJobsList` `jl`
LEFT JOIN `JobSkills` `js` ON `js`.`Jid` = `jl`.`Jid`
LEFT JOIN `IHSkills` `s` ON `s`.`SkillId` = `js`.`SkillId`
WHERE `jl`.`Jid` = '32'
GROUP BY `jl`.`Jid`
============================

==============================
2026-08-19 10:58:38 | START
Array
(
    [resumePath] => D:/xampp/htdocs/REC/atscheck/modal/CAND32_20260819105838268.docx
    [vacancyId] => 32
    [jobTitle] => Data Engineer
)

==============================
2026-08-19 10:58:38 | RAW_RESUME_TEXT
﻿vijay kit &amp; network support engineer (l1)phone: 7867070840 | email: vijaykumaresan92@gmail.com952500141605professional summarydedicated it support &amp; l1 network engineer with hands-on experience in desktop support, hardware troubleshooting, network basics, o365, vpn support, and it asset management. strong ability to resolve user issues efficiently and ensure smooth it operations.952500258445key skillstechnical skillsnetworking fundamentalsccna course completed  tcp/ip, osi model, ip addressing &amp; subnetting, vlan config, routing protocol, nat, dhcp, dns, stp and wan connectivity.network devices &amp; installationswitch &amp; router installation and mounting, patch panel &amp; rack management, structured cabling, access point mounting &amp; configuration, network hardware troubleshooting.configuration &amp; managementcisco routers &amp; switches, vlan configuration, inter vlan routing, wireless access point setup and vpn configuration.network switch aclaccess control lists (acls), vpn setup, basic intrusion prevention techniques.monitoring &amp; troubleshootingit supportswitch movement, it asset maintenance and tracking, o365, laptop &amp; desktop configuration &amp; troubleshooting, printer setup (hp&amp; zebra barcode printer), &amp; application installation.soft skillsstrong problem-solving and analytical abilities.hands-on experience in device installation &amp; network cabling.ability to learn quickly and adapt to new technologies, team collaboration and support coordination.professional experience it supportengineer(l1)sentinel technology pvt ltd(client: tata electronics products &amp; solutions), hosur dec 2024 – presentcctv hardware engineer networking952500186690ipqc – in process quality controlbangalore datacom pvt ltd(client: tata electronics pvt. ltd.), hosur jul 2023 – nov 2024id card printing data maintained access control help desk952500182880education b.a economicssacred heart college (autonomous) tirupattur dist. tamil nadu2018 �
==============================
2026-08-19 10:58:38 | EXPERIENCE_DETAILS
Array
(
    [jobs] => Array
        (
            [0] => Array
                (
                    [from] => dec 2024
                    [to] => present
                    [years] => 1
                    [months] => 8
                )

            [1] => Array
                (
                    [from] => jul 2023
                    [to] => nov 2024
                    [years] => 1
                    [months] => 4
                )

            [2] => Array
                (
                    [from] => 2018 jan
                    [to] => 2021 jan
                    [years] => 3
                    [months] => 0
                )

        )

    [total] => 6 Years 0 Months
)

==============================
2026-08-19 10:58:38 | Email
vijaykumaresan92@gmail.com
==============================
2026-08-19 10:58:38 | Name

==============================
2026-08-19 10:58:38 | Mobile
7867070840, 9525001416, 9525002584, 9525001866, 9525001828, 9525002933, 9525002889
==============================
2026-08-19 10:58:38 | ExperienceYears
6
==============================
2026-08-19 10:58:38 | RECOMMENDATION_ANALYSIS
Array
(
    [matchedSkillsCount] => 0
    [requiredSkillsCount] => 10
    [candidateExp] => 6
    [minExpRequired] => 1
    [eduMatch] => 1
    [domainStatus] => MATCHED
    [candidateDomain] => Software & IT
    [jobDomain] => Software & IT
)

==============================
2026-08-19 10:58:38 | RECOMMENDATION
Potential Match
==============================
2026-08-19 10:58:38 | RECOMMENDATION_REASON
The candidate has a relevant background for Data Engineer, but specific requirements need verification during screening. Skill(s) like Powerbi, Excel, Advanced Sql were not clearly identified in the resume text. Recruiter review and phone screening are recommended.
============================
2026-08-19 10:58:38 | vacancy
Array
(
    [Jid] => 32
    [JobCode] => JOB-2026-0004
    [JobTitle] => Data Engineer
    [RoleSummary] => Senior Executive
    [Did] => 1
    [EmploymentType] => Full-Time
    [WorkMode] => Onsite
    [EducationRequired] => BTECH,BE,BSC
    [ExpMin] => 1.00
    [ExpMax] => 2.00
    [SalMin] => 0
    [SalMax] => 0
    [Currency] => INR
    [NoofOpenings] => 1
    [JobStatus] => Open
    [JobDescription] => We are looking for a Senior Data Engineer (Senior Executive) to join our team. The candidate will be responsible for designing, constructing, and maintaining reliable data pipelines and data processing solutions. The role will involve working extensively with powerbi, excel, Advanced SQL, Python, Scala, and Cloud Platforms to deliver reliable and quality outcomes. Familiarity with Distributed Computing, DevOps, and MLOps Basics will be an added advantage. This is a full-time role with 1–2 years of relevant experience, based in Chennai, requiring strong communication skills in English,Hindi. The ideal candidate should be a proactive problem solver with a strong commitment to quality and team collaboration.
    [Responsibilities] => 1. Design, construct, test, and maintain scalable data architecture and processing pipelines.
2. Build robust ETL processes to aggregate structured and unstructured data from diverse sources.
3. Ensure data cleanliness, integrity, performance, and accessibility across data stores.
4. Collaborate with Data Scientists and Analysts to support reporting and analytics needs.
5. Develop, test, and maintain application features and software components using powerbi.
6. Use Excel for reporting, data analysis, and operational tracking.
7. Write and optimize SQL queries and support database-driven application functionality.
8. Develop Python-based scripts, applications, and data processing workflows.
9. Utilize Distributed Computing as an added advantage for duty execution.
10. Utilize DevOps as an added advantage for duty execution.
    [Qualifications] => 
    [JobLocation] => Chennai
    [CommunicationLang] => English,Hindi
    [PostedOn] => 2026-08-19 10:38:01
    [UpdatedOn] => 2026-08-19 10:39:40
    [ExpiryDate] => 
    [TargetOnboardingDate] => 2026-08-31
    [Salary] => 3-4
    [PostedBy] => 17
    [SkillScore] => 0
    [EducationScore] => 0
    [ExperienceScore] => 0
    [ProjectScore] => 0
    [CertificationScore] => 0
    [ResumeQualityScore] => 0
    [DomainKnowledgeScore] => 0
    [CtcApproverId] => 19
    [AssignedRecruiterManagerId] => 17
    [HoldUntilDate] => 
    [HoldReminderSentDate] => 
    [MustHaveSkills] => powerbi,excel,Advanced SQL,Python,Scala,Cloud Platforms,Workflow Orchestration
    [NiceToHaveSkills] => Distributed Computing,DevOps,MLOps Basics
    [RequiredSkills] => 
)

============================

============================
2026-08-19 10:58:38 | FINAL RESULT RETURN
Array
(
    [recommendation] => Potential Match
    [recommendation_reason] => The candidate has a relevant background for Data Engineer, but specific requirements need verification during screening. Skill(s) like Powerbi, Excel, Advanced Sql were not clearly identified in the resume text. Recruiter review and phone screening are recommended.
    [relevant_evidence] => Array
        (
            [0] => Work Experience: 6 Years total experience (Vacancy Required: Min 1 Years)
            [1] => Education: Matches required level (BE)
            [2] => Domain Fit: Background in Software & IT
            [3] => Extracted Resume Skills: Analytical Skills
        )

    [missing_requirements] => Array
        (
            [0] => Required Skills Not Found: Powerbi, Excel, Advanced Sql, Python, Scala, Cloud Platforms, Workflow Orchestration, Distributed Computing, Devops, Mlops Basics
        )

    [status] => Potential Match
    [email] => vijaykumaresan92@gmail.com
    [name] => 
    [mobileNumbers] => 7867070840, 9525001416, 9525002584, 9525001866, 9525001828, 9525002933, 9525002889
    [expyrs] => 6
    [experience_details] => Array
        (
            [jobs] => Array
                (
                    [0] => Array
                        (
                            [from] => dec 2024
                            [to] => present
                            [years] => 1
                            [months] => 8
                        )

                    [1] => Array
                        (
                            [from] => jul 2023
                            [to] => nov 2024
                            [years] => 1
                            [months] => 4
                        )

                    [2] => Array
                        (
                            [from] => 2018 jan
                            [to] => 2021 jan
                            [years] => 3
                            [months] => 0
                        )

                )

            [total] => 6 Years 0 Months
        )

    [domain] => Software & IT
    [job_domain] => Software & IT
    [candidate_domain] => Software & IT
    [domain_status] => MATCHED
    [domain_analysis] => Array
        (
            [candidate_domain] => Software & IT
            [candidate_domain_confidence] => Medium
            [job_domain] => Software & IT
            [job_domain_confidence] => Medium
            [domain_status] => MATCHED
            [domain_reason] => Candidate profile and vacancy belong to the same professional domain.
            [domain_evidence] => Array
                (
                    [0] => engineer
                    [1] => git
                )

        )

    [matched_skills] => 
    [missing_skills] => Powerbi, Excel, Advanced Sql, Python, Scala, Cloud Platforms, Workflow Orchestration, Distributed Computing, Devops, Mlops Basics
    [all_extracted_skills] => Analytical Skills
    [education_match] => Yes
    [experience] => Yes
    [detected_degree] => BE
    [candidate_profile] => Array
        (
            [headline] => Software / IT Professional
            [current_role] => Software / IT Professional
            [current_company] => cabling.Ability to learn quickly and adapt to new technologies
            [summary] => Software / IT Professional with 6 years of total professional experience and hands-on exposure to Analytical Skills.
            [degree] => BE
            [institution] => trol Help Desk952500182880EDUCATION B.A EconomicsSacred Heart College
            [grad_year] => 2018
            [training] => Not specified in resume
            [categorized_skills] => Array
                (
                    [Other Skills] => Analytical Skills
                )

            [work_history] => Array
                (
                    [0] => Array
                        (
                            [role] => Software / IT Professional
                            [company] => cabling.Ability to learn quickly and adapt to new technologies
                            [period] => dec 2024 - present
                            [duration] => 1 Yrs 8 Mos
                        )

                    [1] => Array
                        (
                            [role] => Software / IT Professional
                            [company] => cabling.Ability to learn quickly and adapt to new technologies
                            [period] => jul 2023 - nov 2024
                            [duration] => 1 Yrs 4 Mos
                        )

                    [2] => Array
                        (
                            [role] => Software / IT Professional
                            [company] => cabling.Ability to learn quickly and adapt to new technologies
                            [period] => 2018 jan - 2021 jan
                            [duration] => 3 Yrs 0 Mos
                        )

                )

            [projects] => Array
                (
                )

            [domain] => Software & IT
        )

)

============================

============================
2026-08-19 10:59:08 | vacancy
SELECT jl.*, GROUP_CONCAT(s.SkillName ORDER BY s.SkillName SEPARATOR ', ') AS RequiredSkills
FROM `IHRJobsList` `jl`
LEFT JOIN `JobSkills` `js` ON `js`.`Jid` = `jl`.`Jid`
LEFT JOIN `IHSkills` `s` ON `s`.`SkillId` = `js`.`SkillId`
WHERE `jl`.`Jid` = '32'
GROUP BY `jl`.`Jid`
============================

==============================
2026-08-19 10:59:08 | START
Array
(
    [resumePath] => D:/xampp/htdocs/REC/atscheck/modal/CAND32_20260819105908820.pdf
    [vacancyId] => 32
    [jobTitle] => Data Engineer
)

==============================
2026-08-19 10:59:08 | PDF_EXTRACT_SUCCESS
SANJAYA SRIDHAR 	
Chennai | 81483 14442 | sanjayajayanthi2001@gmail.com	 	
 
PROFESSIONAL SUMMARY 	
Detail-oriented Finance professional with over 2.5 years of experience in 	
Disbursement Accounting, Revenue & Expense Accounting, Customer Invoicing, and Cash 
Application. Demonstrated ability to manage high-volume transactions with 100% accuracy, 
meet strict SLAs, and collaborate effectively with cross-functional and global stakeholders. 
Known for analytical thinking, process improvement, and strong attention to detail. 
CORE COMPETENCIES 
 
 
 
 
PROFESSIONAL EXPERIENCE 	
 	
Inchcape Shipping Services –Accounts Executive        Nov 2023 – Present 
 
	 	Perform end-to-end accounting of supplier invoices after validating accuracy, approvals, 
and compliance with company policies. 	
	 	Coordinate with Operations and Sales teams to ensure timely submission of invoices and 
resolve discrepancies 	
	 	Work closely with Local Port Agents (LPA) and Operations to address invoic
==============================
2026-08-19 10:59:08 | RAW_RESUME_TEXT
sanjaya sridhar 	
chennai | 81483 14442 | sanjayajayanthi2001@gmail.com	 	
 
professional summary 	
detail-oriented finance professional with over 2.5 years of experience in 	
disbursement accounting, revenue & expense accounting, customer invoicing, and cash 
application. demonstrated ability to manage high-volume transactions with 100% accuracy, 
meet strict slas, and collaborate effectively with cross-functional and global stakeholders. 
known for analytical thinking, process improvement, and strong attention to detail. 
core competencies 
 
 
 
 
professional experience 	
 	
inchcape shipping services –accounts executive        nov 2023 – present 
 
	 	perform end-to-end accounting of supplier invoices after validating accuracy, approvals, 
and compliance with company policies. 	
	 	coordinate with operations and sales teams to ensure timely submission of invoices and 
resolve discrepancies 	
	 	work closely with local port agents (lpa) and operations to address invoice queries and 
close issues promptly. 	
	 	account revenues and expenses in line with contracted rates, pro-forma invoices, baseline 
templates, and closed estimates. 	
	 	generate and dispatch customer invoices while adhering to customer-specific billing 
requirements. 	
	 	track daily bank statements from banking portals and maintain accurate cash trackers. 	
	 	perform daily cash application and bank reconciliation within 24-hour sla. 	
	 	clear unallocated and unidentified payments with root cause analysis. 	
	 	post customer receipts with 100% accuracy and support ar and collections teams. 	
	 	prepare and circulate month-end accrual, pending, and rejection reports to stakeholders. 	
	 	reconcile processed invoices against system reports to ensure zero variance. 	
	 	support process transitions, knowledge sharing, and continuous improvement initiatives. 	
	 	maintain strong working relationships with internal teams and external stakeholders 	
disburse
==============================
2026-08-19 10:59:08 | EXPERIENCE_DETAILS
Array
(
    [jobs] => Array
        (
            [0] => Array
                (
                    [from] => nov 2023
                    [to] => present
                    [years] => 2
                    [months] => 10
                )

            [1] => Array
                (
                    [from] => jun 2022
                    [to] => jan 2023
                    [years] => 0
                    [months] => 7
                )

        )

    [total] => 3 Years 5 Months
)

==============================
2026-08-19 10:59:08 | Email
sanjayajayanthi2001@gmail.com
==============================
2026-08-19 10:59:08 | Name
Sanjaya Sridhar
==============================
2026-08-19 10:59:08 | Mobile

==============================
2026-08-19 10:59:08 | ExperienceYears
2.5
==============================
2026-08-19 10:59:08 | RECOMMENDATION_ANALYSIS
Array
(
    [matchedSkillsCount] => 1
    [requiredSkillsCount] => 10
    [candidateExp] => 2.5
    [minExpRequired] => 1
    [eduMatch] => 1
    [domainStatus] => WRONG_DOMAIN
    [candidateDomain] => Finance & Accounting
    [jobDomain] => Software & IT
)

==============================
2026-08-19 10:59:08 | RECOMMENDATION
Not Suitable
==============================
2026-08-19 10:59:08 | RECOMMENDATION_REASON
Wrong domain: The candidate's resume indicates a Finance & Accounting background, while this vacancy belongs to Software & IT. The candidate's professional domain does not align with the requirements of this position.
============================
2026-08-19 10:59:08 | vacancy
Array
(
    [Jid] => 32
    [JobCode] => JOB-2026-0004
    [JobTitle] => Data Engineer
    [RoleSummary] => Senior Executive
    [Did] => 1
    [EmploymentType] => Full-Time
    [WorkMode] => Onsite
    [EducationRequired] => BTECH,BE,BSC
    [ExpMin] => 1.00
    [ExpMax] => 2.00
    [SalMin] => 0
    [SalMax] => 0
    [Currency] => INR
    [NoofOpenings] => 1
    [JobStatus] => Open
    [JobDescription] => We are looking for a Senior Data Engineer (Senior Executive) to join our team. The candidate will be responsible for designing, constructing, and maintaining reliable data pipelines and data processing solutions. The role will involve working extensively with powerbi, excel, Advanced SQL, Python, Scala, and Cloud Platforms to deliver reliable and quality outcomes. Familiarity with Distributed Computing, DevOps, and MLOps Basics will be an added advantage. This is a full-time role with 1–2 years of relevant experience, based in Chennai, requiring strong communication skills in English,Hindi. The ideal candidate should be a proactive problem solver with a strong commitment to quality and team collaboration.
    [Responsibilities] => 1. Design, construct, test, and maintain scalable data architecture and processing pipelines.
2. Build robust ETL processes to aggregate structured and unstructured data from diverse sources.
3. Ensure data cleanliness, integrity, performance, and accessibility across data stores.
4. Collaborate with Data Scientists and Analysts to support reporting and analytics needs.
5. Develop, test, and maintain application features and software components using powerbi.
6. Use Excel for reporting, data analysis, and operational tracking.
7. Write and optimize SQL queries and support database-driven application functionality.
8. Develop Python-based scripts, applications, and data processing workflows.
9. Utilize Distributed Computing as an added advantage for duty execution.
10. Utilize DevOps as an added advantage for duty execution.
    [Qualifications] => 
    [JobLocation] => Chennai
    [CommunicationLang] => English,Hindi
    [PostedOn] => 2026-08-19 10:38:01
    [UpdatedOn] => 2026-08-19 10:39:40
    [ExpiryDate] => 
    [TargetOnboardingDate] => 2026-08-31
    [Salary] => 3-4
    [PostedBy] => 17
    [SkillScore] => 0
    [EducationScore] => 0
    [ExperienceScore] => 0
    [ProjectScore] => 0
    [CertificationScore] => 0
    [ResumeQualityScore] => 0
    [DomainKnowledgeScore] => 0
    [CtcApproverId] => 19
    [AssignedRecruiterManagerId] => 17
    [HoldUntilDate] => 
    [HoldReminderSentDate] => 
    [MustHaveSkills] => powerbi,excel,Advanced SQL,Python,Scala,Cloud Platforms,Workflow Orchestration
    [NiceToHaveSkills] => Distributed Computing,DevOps,MLOps Basics
    [RequiredSkills] => 
)

============================

============================
2026-08-19 10:59:08 | FINAL RESULT RETURN
Array
(
    [recommendation] => Not Suitable
    [recommendation_reason] => Wrong domain: The candidate's resume indicates a Finance & Accounting background, while this vacancy belongs to Software & IT. The candidate's professional domain does not align with the requirements of this position.
    [relevant_evidence] => Array
        (
            [0] => Work Experience: 2.5 Years total experience (Vacancy Required: Min 1 Years)
            [1] => Matched Core Skills: Excel
            [2] => Education: Matches required level (BE)
            [3] => Domain Fit: Background in Finance & Accounting
            [4] => Extracted Resume Skills: Accounting, Billing, Sales, Communication, Analytical Skills, Time Management, Documentation
        )

    [missing_requirements] => Array
        (
            [0] => Required Skills Not Found: Powerbi, Advanced Sql, Python, Scala, Cloud Platforms, Workflow Orchestration, Distributed Computing, Devops, Mlops Basics
        )

    [status] => Not Suitable
    [email] => sanjayajayanthi2001@gmail.com
    [name] => Sanjaya Sridhar
    [mobileNumbers] => 
    [expyrs] => 2.5
    [experience_details] => Array
        (
            [jobs] => Array
                (
                    [0] => Array
                        (
                            [from] => nov 2023
                            [to] => present
                            [years] => 2
                            [months] => 10
                        )

                    [1] => Array
                        (
                            [from] => jun 2022
                            [to] => jan 2023
                            [years] => 0
                            [months] => 7
                        )

                )

            [total] => 3 Years 5 Months
        )

    [domain] => Finance & Accounting
    [job_domain] => Software & IT
    [candidate_domain] => Finance & Accounting
    [domain_status] => WRONG_DOMAIN
    [domain_analysis] => Array
        (
            [candidate_domain] => Finance & Accounting
            [candidate_domain_confidence] => High
            [job_domain] => Software & IT
            [job_domain_confidence] => Low
            [domain_status] => WRONG_DOMAIN
            [domain_reason] => Wrong domain: The candidate's resume indicates a Finance & Accounting background, while this vacancy belongs to Software & IT. The candidate's professional domain does not align with the requirements of this position.
            [domain_evidence] => Array
                (
                    [0] => accounts executive
                    [1] => finance
                    [2] => accounting
                    [3] => accounts
                    [4] => invoice
                )

        )

    [matched_skills] => Excel
    [missing_skills] => Powerbi, Advanced Sql, Python, Scala, Cloud Platforms, Workflow Orchestration, Distributed Computing, Devops, Mlops Basics
    [all_extracted_skills] => Accounting, Billing, Sales, Communication, Analytical Skills, Time Management, Documentation
    [education_match] => Yes
    [experience] => Yes
    [detected_degree] => BE
    [candidate_profile] => Array
        (
            [headline] => Accounts Executive
            [current_role] => Accounts Executive
            [current_company] => Inc
            [summary] => Accounts Executive with 2.5 years of total professional experience and hands-on exposure to Accounting, Billing, Sales, Communication, Analytical Skills, Time Management, Documentation.
            [degree] => BE
            [institution] => Qualification	 	University
            [grad_year] => 2025
            [training] => Not specified in resume
            [categorized_skills] => Array
                (
                    [Finance & Accounts] => Accounting, Billing
                    [Sales & Marketing] => Sales
                    [Other Skills] => Communication, Analytical Skills, Time Management, Documentation
                )

            [work_history] => Array
                (
                    [0] => Array
                        (
                            [role] => Accounts Executive
                            [company] => Inc
                            [period] => nov 2023 - present
                            [duration] => 2 Yrs 10 Mos
                        )

                    [1] => Array
                        (
                            [role] => Accounts Executive
                            [company] => Inc
                            [period] => jun 2022 - jan 2023
                            [duration] => 0 Yrs 7 Mos
                        )

                )

            [projects] => Array
                (
                )

            [domain] => Finance & Accounting
        )

)

============================
2026-08-19 11:02:31 - ENTRY_updateResourceRequestStatus
2026-08-19 11:02:31 - UPDATE_RES_REQ: {"post":{"RequestId":"29","RequestCode":"RR-2026-0004","Status":"ACCEPTED","ApprovalComment":"f"},"_POST":{"RequestId":"29","RequestCode":"RR-2026-0004","Status":"ACCEPTED","ApprovalComment":"f"},"rawReqId":"29","requestId":29,"status":"ACCEPTED","comment":"f","session":{"IUid":"17","EmpCode":"EMP-RM01","EmpName":"Shiji","EmpEmail":"reka@inetcsc.com","EmpPhone":null,"EmpDOB":null,"EmpGender":null,"EmpRoleId":"10","DepDid":"1","UStatus":"1"}}

==============================
2026-08-19 09:12:46 | START
Array
(
    [resumePath] => 
    [vacancyId] => 
    [jobTitle] => 
)

==============================
2026-08-19 09:12:46 | ERROR
Unsupported file type : 
==============================
2026-08-19 09:12:46 | RAW_RESUME_TEXT

==============================
2026-08-19 09:12:46 | EXPERIENCE_DETAILS
Array
(
    [jobs] => Array
        (
        )

    [total] => 0 Years 0 Months
)

==============================
2026-08-19 09:12:46 | Email

==============================
2026-08-19 09:12:46 | Name

==============================
2026-08-19 09:12:46 | Mobile

==============================
2026-08-19 09:12:46 | ExperienceYears
0
==============================
2026-08-19 09:12:46 | RECOMMENDATION_ANALYSIS
Array
(
    [matchedSkillsCount] => 0
    [requiredSkillsCount] => 0
    [candidateExp] => 0
    [minExpRequired] => 0
    [eduMatch] => 1
    [domainStatus] => UNCLEAR
    [candidateDomain] => Other / General
    [jobDomain] => Other / General
)

==============================
2026-08-19 09:12:46 | RECOMMENDATION
Strong Match
==============================
2026-08-19 09:12:46 | RECOMMENDATION_REASON
The candidate's profile aligns well with the requirements of the position. They demonstrate the required foundational qualifications and skills. Their background provides concrete evidence for strong candidate suitability.
==============================
2026-08-19 09:13:14 | START
Array
(
    [resumePath] => 
    [vacancyId] => 
    [jobTitle] => 
)

==============================
2026-08-19 09:13:14 | ERROR
Unsupported file type : 
==============================
2026-08-19 09:13:14 | RAW_RESUME_TEXT

==============================
2026-08-19 09:13:14 | EXPERIENCE_DETAILS
Array
(
    [jobs] => Array
        (
        )

    [total] => 0 Years 0 Months
)

==============================
2026-08-19 09:13:14 | Email

==============================
2026-08-19 09:13:14 | Name

==============================
2026-08-19 09:13:14 | Mobile

==============================
2026-08-19 09:13:14 | ExperienceYears
0
==============================
2026-08-19 09:13:14 | RECOMMENDATION_ANALYSIS
Array
(
    [matchedSkillsCount] => 0
    [requiredSkillsCount] => 0
    [candidateExp] => 0
    [minExpRequired] => 0
    [eduMatch] => 1
    [domainStatus] => UNCLEAR
    [candidateDomain] => Other / General
    [jobDomain] => Other / General
)

==============================
2026-08-19 09:13:14 | RECOMMENDATION
Strong Match
==============================
2026-08-19 09:13:14 | RECOMMENDATION_REASON
The candidate's profile aligns well with the requirements of the position. They demonstrate the required foundational qualifications and skills. Their background provides concrete evidence for strong candidate suitability.
==============================
2026-08-19 09:13:40 | START
Array
(
    [resumePath] => 
    [vacancyId] => 
    [jobTitle] => 
)

==============================
2026-08-19 09:13:40 | ERROR
Unsupported file type : 
==============================
2026-08-19 09:13:40 | RAW_RESUME_TEXT

==============================
2026-08-19 09:13:40 | EXPERIENCE_DETAILS
Array
(
    [jobs] => Array
        (
        )

    [total] => 0 Years 0 Months
)

==============================
2026-08-19 09:13:40 | Email

==============================
2026-08-19 09:13:40 | Name

==============================
2026-08-19 09:13:40 | Mobile

==============================
2026-08-19 09:13:40 | ExperienceYears
0
==============================
2026-08-19 09:13:40 | RECOMMENDATION_ANALYSIS
Array
(
    [matchedSkillsCount] => 0
    [requiredSkillsCount] => 0
    [candidateExp] => 0
    [minExpRequired] => 0
    [eduMatch] => 1
    [domainStatus] => UNCLEAR
    [candidateDomain] => Other / General
    [jobDomain] => Other / General
)

==============================
2026-08-19 09:13:40 | RECOMMENDATION
Strong Match
==============================
2026-08-19 09:13:40 | RECOMMENDATION_REASON
The candidate's profile aligns well with the requirements of the position. They demonstrate the required foundational qualifications and skills. Their background provides concrete evidence for strong candidate suitability.
==============================
2026-08-19 09:13:53 | START
Array
(
    [resumePath] => 
    [vacancyId] => 
    [jobTitle] => 
)

==============================
2026-08-19 09:13:53 | ERROR
Unsupported file type : 
==============================
2026-08-19 09:13:53 | RAW_RESUME_TEXT

==============================
2026-08-19 09:13:53 | EXPERIENCE_DETAILS
Array
(
    [jobs] => Array
        (
        )

    [total] => 0 Years 0 Months
)

==============================
2026-08-19 09:13:53 | Email

==============================
2026-08-19 09:13:53 | Name

==============================
2026-08-19 09:13:53 | Mobile

==============================
2026-08-19 09:13:53 | ExperienceYears
0
==============================
2026-08-19 09:13:53 | RECOMMENDATION_ANALYSIS
Array
(
    [matchedSkillsCount] => 0
    [requiredSkillsCount] => 0
    [candidateExp] => 0
    [minExpRequired] => 0
    [eduMatch] => 1
    [domainStatus] => UNCLEAR
    [candidateDomain] => Other / General
    [jobDomain] => Other / General
)

==============================
2026-08-19 09:13:53 | RECOMMENDATION
Strong Match
==============================
2026-08-19 09:13:53 | RECOMMENDATION_REASON
The candidate's profile aligns well with the requirements of the position. They demonstrate the required foundational qualifications and skills. Their background provides concrete evidence for strong candidate suitability.
==============================
2026-08-19 09:14:05 | START
Array
(
    [resumePath] => d:/xampp/htdocs/REC/
    [vacancyId] => 
    [jobTitle] => 
)

==============================
2026-08-19 09:14:05 | ERROR
Unsupported file type : 
==============================
2026-08-19 09:14:05 | RAW_RESUME_TEXT

==============================
2026-08-19 09:14:05 | EXPERIENCE_DETAILS
Array
(
    [jobs] => Array
        (
        )

    [total] => 0 Years 0 Months
)

==============================
2026-08-19 09:14:05 | Email

==============================
2026-08-19 09:14:05 | Name

==============================
2026-08-19 09:14:05 | Mobile

==============================
2026-08-19 09:14:05 | ExperienceYears
0
==============================
2026-08-19 09:14:05 | RECOMMENDATION_ANALYSIS
Array
(
    [matchedSkillsCount] => 0
    [requiredSkillsCount] => 0
    [candidateExp] => 0
    [minExpRequired] => 0
    [eduMatch] => 1
    [domainStatus] => UNCLEAR
    [candidateDomain] => Other / General
    [jobDomain] => Other / General
)

==============================
2026-08-19 09:14:05 | RECOMMENDATION
Strong Match
==============================
2026-08-19 09:14:05 | RECOMMENDATION_REASON
The candidate's profile aligns well with the requirements of the position. They demonstrate the required foundational qualifications and skills. Their background provides concrete evidence for strong candidate suitability.
==============================
2026-08-19 09:14:16 | START
Array
(
    [resumePath] => d:/xampp/htdocs/REC/
    [vacancyId] => 
    [jobTitle] => 
)

==============================
2026-08-19 09:14:16 | ERROR
Unsupported file type : 
==============================
2026-08-19 09:14:16 | RAW_RESUME_TEXT

==============================
2026-08-19 09:14:16 | EXPERIENCE_DETAILS
Array
(
    [jobs] => Array
        (
        )

    [total] => 0 Years 0 Months
)

==============================
2026-08-19 09:14:16 | Email

==============================
2026-08-19 09:14:16 | Name

==============================
2026-08-19 09:14:16 | Mobile

==============================
2026-08-19 09:14:16 | ExperienceYears
0
==============================
2026-08-19 09:14:16 | RECOMMENDATION_ANALYSIS
Array
(
    [matchedSkillsCount] => 0
    [requiredSkillsCount] => 0
    [candidateExp] => 0
    [minExpRequired] => 0
    [eduMatch] => 1
    [domainStatus] => UNCLEAR
    [candidateDomain] => Other / General
    [jobDomain] => Other / General
)

==============================
2026-08-19 09:14:16 | RECOMMENDATION
Strong Match
==============================
2026-08-19 09:14:16 | RECOMMENDATION_REASON
The candidate's profile aligns well with the requirements of the position. They demonstrate the required foundational qualifications and skills. Their background provides concrete evidence for strong candidate suitability.
==============================
2026-08-19 09:16:29 | START
Array
(
    [resumePath] => d:/xampp/htdocs/REC/
    [vacancyId] => 
    [jobTitle] => 
)

==============================
2026-08-19 09:16:29 | ERROR
Unsupported file type : 
==============================
2026-08-19 09:16:29 | RAW_RESUME_TEXT

==============================
2026-08-19 09:16:29 | EXPERIENCE_DETAILS
Array
(
    [jobs] => Array
        (
        )

    [total] => 0 Years 0 Months
)

==============================
2026-08-19 09:16:29 | Email

==============================
2026-08-19 09:16:29 | Name

==============================
2026-08-19 09:16:29 | Mobile

==============================
2026-08-19 09:16:29 | ExperienceYears
0
==============================
2026-08-19 09:16:29 | RECOMMENDATION_ANALYSIS
Array
(
    [matchedSkillsCount] => 0
    [requiredSkillsCount] => 0
    [candidateExp] => 0
    [minExpRequired] => 0
    [eduMatch] => 1
    [domainStatus] => UNCLEAR
    [candidateDomain] => Other / General
    [jobDomain] => Other / General
)

==============================
2026-08-19 09:16:29 | RECOMMENDATION
Strong Match
==============================
2026-08-19 09:16:29 | RECOMMENDATION_REASON
The candidate's profile aligns well with the requirements of the position. They demonstrate the required foundational qualifications and skills. Their background provides concrete evidence for strong candidate suitability.
==============================
2026-08-19 09:17:11 | START
Array
(
    [resumePath] => d:/xampp/htdocs/REC/
    [vacancyId] => 
    [jobTitle] => 
)

==============================
2026-08-19 09:17:11 | ERROR
Unsupported file type : 
==============================
2026-08-19 09:17:11 | RAW_RESUME_TEXT

==============================
2026-08-19 09:17:11 | EXPERIENCE_DETAILS
Array
(
    [jobs] => Array
        (
        )

    [total] => 0 Years 0 Months
)

==============================
2026-08-19 09:17:11 | Email

==============================
2026-08-19 09:17:11 | Name

==============================
2026-08-19 09:17:11 | Mobile

==============================
2026-08-19 09:17:11 | ExperienceYears
0
==============================
2026-08-19 09:17:11 | RECOMMENDATION_ANALYSIS
Array
(
    [matchedSkillsCount] => 0
    [requiredSkillsCount] => 0
    [candidateExp] => 0
    [minExpRequired] => 0
    [eduMatch] => 1
    [domainStatus] => UNCLEAR
    [candidateDomain] => Other / General
    [jobDomain] => Other / General
)

==============================
2026-08-19 09:17:11 | RECOMMENDATION
Strong Match
==============================
2026-08-19 09:17:11 | RECOMMENDATION_REASON
The candidate's profile aligns well with the requirements of the position. They demonstrate the required foundational qualifications and skills. Their background provides concrete evidence for strong candidate suitability.
==============================
2026-08-19 09:17:22 | START
Array
(
    [resumePath] => d:/xampp/htdocs/REC/
    [vacancyId] => 
    [jobTitle] => 
)

==============================
2026-08-19 09:17:22 | ERROR
Unsupported file type : 
==============================
2026-08-19 09:17:22 | RAW_RESUME_TEXT

==============================
2026-08-19 09:17:22 | EXPERIENCE_DETAILS
Array
(
    [jobs] => Array
        (
        )

    [total] => 0 Years 0 Months
)

==============================
2026-08-19 09:17:22 | Email

==============================
2026-08-19 09:17:22 | Name

==============================
2026-08-19 09:17:22 | Mobile

==============================
2026-08-19 09:17:22 | ExperienceYears
0
==============================
2026-08-19 09:17:22 | RECOMMENDATION_ANALYSIS
Array
(
    [matchedSkillsCount] => 0
    [requiredSkillsCount] => 0
    [candidateExp] => 0
    [minExpRequired] => 0
    [eduMatch] => 1
    [domainStatus] => UNCLEAR
    [candidateDomain] => Other / General
    [jobDomain] => Other / General
)

==============================
2026-08-19 09:17:22 | RECOMMENDATION
Strong Match
==============================
2026-08-19 09:17:22 | RECOMMENDATION_REASON
The candidate's profile aligns well with the requirements of the position. They demonstrate the required foundational qualifications and skills. Their background provides concrete evidence for strong candidate suitability.
==============================
2026-08-19 09:17:40 | START
Array
(
    [resumePath] => d:/xampp/htdocs/REC/
    [vacancyId] => 
    [jobTitle] => 
)

==============================
2026-08-19 09:17:40 | ERROR
Unsupported file type : 
==============================
2026-08-19 09:17:40 | RAW_RESUME_TEXT

==============================
2026-08-19 09:17:40 | EXPERIENCE_DETAILS
Array
(
    [jobs] => Array
        (
        )

    [total] => 0 Years 0 Months
)

==============================
2026-08-19 09:17:40 | Email

==============================
2026-08-19 09:17:40 | Name

==============================
2026-08-19 09:17:40 | Mobile

==============================
2026-08-19 09:17:40 | ExperienceYears
0
==============================
2026-08-19 09:17:40 | RECOMMENDATION_ANALYSIS
Array
(
    [matchedSkillsCount] => 0
    [requiredSkillsCount] => 0
    [candidateExp] => 0
    [minExpRequired] => 0
    [eduMatch] => 1
    [domainStatus] => UNCLEAR
    [candidateDomain] => Other / General
    [jobDomain] => Other / General
)

==============================
2026-08-19 09:17:40 | RECOMMENDATION
Strong Match
==============================
2026-08-19 09:17:40 | RECOMMENDATION_REASON
The candidate's profile aligns well with the requirements of the position. They demonstrate the required foundational qualifications and skills. Their background provides concrete evidence for strong candidate suitability.
==============================
2026-08-19 09:18:18 | START
Array
(
    [resumePath] => d:/xampp/htdocs/REC/
    [vacancyId] => 
    [jobTitle] => 
)

==============================
2026-08-19 09:18:18 | ERROR
Unsupported file type : 
==============================
2026-08-19 09:18:18 | RAW_RESUME_TEXT

==============================
2026-08-19 09:18:18 | EXPERIENCE_DETAILS
Array
(
    [jobs] => Array
        (
        )

    [total] => 0 Years 0 Months
)

==============================
2026-08-19 09:18:18 | Email

==============================
2026-08-19 09:18:18 | Name

==============================
2026-08-19 09:18:18 | Mobile

==============================
2026-08-19 09:18:18 | ExperienceYears
0
==============================
2026-08-19 09:18:18 | RECOMMENDATION_ANALYSIS
Array
(
    [matchedSkillsCount] => 0
    [requiredSkillsCount] => 0
    [candidateExp] => 0
    [minExpRequired] => 0
    [eduMatch] => 1
    [domainStatus] => UNCLEAR
    [candidateDomain] => Other / General
    [jobDomain] => Other / General
)

==============================
2026-08-19 09:18:18 | RECOMMENDATION
Strong Match
==============================
2026-08-19 09:18:18 | RECOMMENDATION_REASON
The candidate's profile aligns well with the requirements of the position. They demonstrate the required foundational qualifications and skills. Their background provides concrete evidence for strong candidate suitability.
============================
2026-08-19 12:51:01 | vacancy
SELECT jl.*, GROUP_CONCAT(s.SkillName ORDER BY s.SkillName SEPARATOR ', ') AS RequiredSkills
FROM `IHRJobsList` `jl`
LEFT JOIN `JobSkills` `js` ON `js`.`Jid` = `jl`.`Jid`
LEFT JOIN `IHSkills` `s` ON `s`.`SkillId` = `js`.`SkillId`
WHERE `jl`.`Jid` = '30'
GROUP BY `jl`.`Jid`
============================

==============================
2026-08-19 12:51:02 | START
Array
(
    [resumePath] => D:/xampp/htdocs/REC/atscheck/modal/CAND30_20260819125101796.pdf
    [vacancyId] => 30
    [jobTitle] => executive
)

==============================
2026-08-19 12:51:03 | PDF_EXTRACT_SUCCESS
+	
 	
Keerthana	 Anburaj	 	
Salesforce	 Administrator	 / Developer	 – 3+ Years	 of Experience	 	
 
2/452	-1, Sivan	 kovil	 street,	 Maruthampatinam,	 Thiruvarur,	 Tamilnadu	 – 610001 	
Email: 	keerthanaanburaj4@gmail.com	 	
Mobile	 No:	 9360018354	 	
 
EDUCATION:	 	
 
Bachelor	 of Computer	 Application	 from	 E.G.S.	 Pillay	 Arts	 and	 Science	 College,	 Nagapattinam. 	
Percentage: 85%	 	
 
 
 
SUMMARY	 	
 
Salesforce	 Administrator	 / Developer with	 over 3	+ years	 of experience	 in customizing, and	 deploying	 	
Salesforce	 solutions	 across	 Sales	 Cloud,	 Service	 Cloud,	 and	 Experience	 Cloud	 environments.	 Skilled 	
in Apex, Basic Lightning Web Components (LWC), and Flow to create efficient, user	-friendly 	
applications.	 	
Experienced in data management, and building 	reports and dashboards. Known for a proactive 	
approach to problem	-solving and a commitment to continuous learning, with a track record of 	
successfully	 collaborating	 with	 cross	-functional	 teams	 to
==============================
2026-08-19 12:51:03 | RAW_RESUME_TEXT
+	
 	
keerthana	 anburaj	 	
salesforce	 administrator	 / developer	 – 3+ years	 of experience	 	
 
2/452	-1, sivan	 kovil	 street,	 maruthampatinam,	 thiruvarur,	 tamilnadu	 – 610001 	
email: 	keerthanaanburaj4@gmail.com	 	
mobile	 no:	 9360018354	 	
 
education:	 	
 
bachelor	 of computer	 application	 from	 e.g.s.	 pillay	 arts	 and	 science	 college,	 nagapattinam. 	
percentage: 85%	 	
 
 
 
summary	 	
 
salesforce	 administrator	 / developer with	 over 3	+ years	 of experience	 in customizing, and	 deploying	 	
salesforce	 solutions	 across	 sales	 cloud,	 service	 cloud,	 and	 experience	 cloud	 environments.	 skilled 	
in apex, basic lightning web components (lwc), and flow to create efficient, user	-friendly 	
applications.	 	
experienced in data management, and building 	reports and dashboards. known for a proactive 	
approach to problem	-solving and a commitment to continuous learning, with a track record of 	
successfully	 collaborating	 with	 cross	-functional	 teams	 to meet	 business	 goals	 and	 optimize	 salesforce 	
functionality.	 	
 
highlights	 	
 	
● 	over	 3 years	 of experience	 in salesforce	 development,	 specializing	 in sales	 cloud,	 service 	
cloud, and experience cloud.	 	
● 	experienced	 in workflows, process builder, approval	 process, flows, triggers, apex classes, 	
and basic lightning web 	components.	 	
● 	skilled	 in working	 under	 pressure	 and	 adapting	 to new	 situations	 and	 challenges	 to best 	
enhance the organizational brand.	 	
● 	complex problem	-solver with analytical and driven mindset. dedicated to achieving 	
demanding	 development	 objectives	 accordi	ng	 to tight	 schedules	 while	 producing	 impeccable 	
code.	 	
● 	technical	 expertise	 in software	 development	 lifecycle	 stages	 like	 requirements	 gathering, 	
analysis, design, development, deployment and documentation.	 	
● 	good	 knowledge	 of soql	 and	 sosl	 query	 languages.	 good	 knowledge	 of email	 services. 	
experienced in using g
==============================
2026-08-19 12:51:03 | EXPERIENCE_DETAILS
Array
(
    [jobs] => Array
        (
            [0] => Array
                (
                    [from] => april	 2022
                    [to] => present
                    [years] => 4
                    [months] => 5
                    [role] => � 	Current	 Employer:	 Vcollab	 Etiquette
                    [company] => � 	Employment	 Tenure:
                )

        )

    [total] => 4 Years 5 Months
)

==============================
2026-08-19 12:51:03 | Email
keerthanaanburaj4@gmail.com
==============================
2026-08-19 12:51:03 | Name
Keerthana Anburaj
==============================
2026-08-19 12:51:03 | Mobile
9360018354
==============================
2026-08-19 12:51:03 | ExperienceYears
3
==============================
2026-08-19 12:51:03 | RECOMMENDATION_ANALYSIS
Array
(
    [matchedSkillsCount] => 0
    [requiredSkillsCount] => 2
    [candidateExp] => 3
    [minExpRequired] => 1
    [eduMatch] => 
    [domainStatus] => MATCHED
    [candidateDomain] => Software & IT
    [jobDomain] => Software & IT
)

==============================
2026-08-19 12:51:03 | RECOMMENDATION
Potential Match
==============================
2026-08-19 12:51:03 | RECOMMENDATION_REASON
The candidate has a relevant background for executive, but specific requirements need verification during screening. Skill(s) like Excel, Powerbi were not clearly identified in the resume text. Recruiter review and phone screening are recommended.
============================
2026-08-19 12:51:03 | vacancy
Array
(
    [Jid] => 30
    [JobCode] => JOB-2026-0002
    [JobTitle] => executive
    [RoleSummary] => Data engineer
    [Did] => 1
    [EmploymentType] => Full-Time
    [WorkMode] => Onsite
    [EducationRequired] => bca,bsc,btech
    [ExpMin] => 1.00
    [ExpMax] => 2.00
    [SalMin] => 0
    [SalMax] => 0
    [Currency] => INR
    [NoofOpenings] => 1
    [JobStatus] => Open
    [JobDescription] => ssssssssssssssssssssssssssss
    [Responsibilities] => ssssssssssssssssssssssssssss
    [Qualifications] => 
    [JobLocation] => chennai
    [CommunicationLang] => english,hindi
    [PostedOn] => 2026-08-13 11:20:59
    [UpdatedOn] => 2026-08-18 12:08:40
    [ExpiryDate] => 
    [TargetOnboardingDate] => 2026-08-21
    [Salary] => 5 - 10 LPA
    [PostedBy] => 17
    [SkillScore] => 0
    [EducationScore] => 0
    [ExperienceScore] => 0
    [ProjectScore] => 0
    [CertificationScore] => 0
    [ResumeQualityScore] => 0
    [DomainKnowledgeScore] => 0
    [CtcApproverId] => 18
    [AssignedRecruiterManagerId] => 17
    [HoldUntilDate] => 
    [HoldReminderSentDate] => 
    [MustHaveSkills] => React, Node.js, MongoDB, REST API
    [NiceToHaveSkills] => Docker, AWS
    [RequiredSkills] => excel, powerbi
)

============================

============================
2026-08-19 12:51:03 | FINAL RESULT RETURN
Array
(
    [recommendation] => Potential Match
    [recommendation_reason] => The candidate has a relevant background for executive, but specific requirements need verification during screening. Skill(s) like Excel, Powerbi were not clearly identified in the resume text. Recruiter review and phone screening are recommended.
    [relevant_evidence] => Array
        (
            [0] => Work Experience: 3 Years total experience (Vacancy Required: Min 1 Years)
            [1] => Domain Fit: Background in Software & IT
            [2] => Extracted Resume Skills: Javascript, Salesforce, Lwc, Apex, Soql, Gearset, Codeigniter, Ci/cd
        )

    [missing_requirements] => Array
        (
            [0] => Required Skills Not Found: Excel, Powerbi
            [1] => Education Gap: Required qualification (bca,bsc,btech) not clearly identified in resume
        )

    [status] => Potential Match
    [email] => keerthanaanburaj4@gmail.com
    [name] => Keerthana Anburaj
    [mobileNumbers] => 9360018354
    [expyrs] => 3
    [experience_details] => Array
        (
            [jobs] => Array
                (
                    [0] => Array
                        (
                            [from] => april	 2022
                            [to] => present
                            [years] => 4
                            [months] => 5
                            [role] => � 	Current	 Employer:	 Vcollab	 Etiquette
                            [company] => � 	Employment	 Tenure:
                        )

                )

            [total] => 4 Years 5 Months
        )

    [domain] => Software & IT
    [job_domain] => Software & IT
    [candidate_domain] => Software & IT
    [domain_status] => MATCHED
    [domain_analysis] => Array
        (
            [candidate_domain] => Software & IT
            [candidate_domain_confidence] => High
            [job_domain] => Software & IT
            [job_domain_confidence] => High
            [domain_status] => MATCHED
            [domain_reason] => Candidate profile and vacancy belong to the same professional domain.
            [domain_evidence] => Array
                (
                    [0] => developer
                    [1] => software
                    [2] => programming
                    [3] => javascript
                    [4] => java
                )

        )

    [matched_skills] => 
    [missing_skills] => Excel, Powerbi
    [all_extracted_skills] => Javascript, Salesforce, Lwc, Apex, Soql, Gearset, Codeigniter, Ci/cd, Sales, Healthcare, Patient Care, Analytical Skills, Documentation
    [education_match] => No
    [experience] => Yes
    [detected_degree] => BA
    [candidate_profile] => Array
        (
            [headline] => Software / IT Professional
            [current_role] => Software / IT Professional
            [current_company] => Salesforce	 solutions
            [summary] => Software / IT Professional with 3 years of total professional experience and hands-on exposure to Javascript, Salesforce, Lwc, Apex, Soql, Gearset, Codeigniter, Ci/cd, Sales, Healthcare.
            [degree] => BA
            [institution] => mputer	 Application	 from	 E.G.S.	 Pillay	 Arts	 and	 Science	 College
            [grad_year] => Not specified in resume
            [training] => Not specified in resume
            [categorized_skills] => Array
                (
                    [Frontend] => Javascript
                    [Backend] => Codeigniter
                    [DevOps / Tools] => Ci/cd
                    [Sales & Marketing] => Sales
                    [Other Skills] => Salesforce, Lwc, Apex, Soql, Gearset, Healthcare, Patient Care, Analytical Skills, Documentation
                )

            [work_history] => Array
                (
                    [0] => Array
                        (
                            [role] => � 	Current	 Employer:	 Vcollab	 Etiquette
                            [company] => � 	Employment	 Tenure:
                            [period] => april	 2022 - present
                            [duration] => 4 Yrs 5 Mos
                        )

                )

            [projects] => Array
                (
                    [0] => Array
                        (
                            [title] => Project
                        )

                    [1] => Array
                        (
                            [title] => Axena	 Health

Role
                        )

                    [2] => Array
                        (
                            [title] => Tech	 Goes	 Home
                        )

                    [3] => Array
                        (
                            [title] => Aimed	 At Optimizing	 Salesforce	 Functionality
                        )

                )

            [domain] => Software & IT
        )

)

============================

============================
2026-08-19 12:51:47 | vacancy
SELECT jl.*, GROUP_CONCAT(s.SkillName ORDER BY s.SkillName SEPARATOR ', ') AS RequiredSkills
FROM `IHRJobsList` `jl`
LEFT JOIN `JobSkills` `js` ON `js`.`Jid` = `jl`.`Jid`
LEFT JOIN `IHSkills` `s` ON `s`.`SkillId` = `js`.`SkillId`
WHERE `jl`.`Jid` = '30'
GROUP BY `jl`.`Jid`
============================

==============================
2026-08-19 12:51:47 | START
Array
(
    [resumePath] => D:/xampp/htdocs/REC/atscheck/modal/CAND30_20260819125147775.pdf
    [vacancyId] => 30
    [jobTitle] => executive
)

==============================
2026-08-19 12:51:47 | PDF_EXTRACT_SUCCESS
AGILAN	 B                                                                     	  	
Chennai, India | +91 	915	066	8484	 | agilanagi071@gmail.com	 | @linkedin: 	https://www.linkedin.com/in/agilan	-b 	
 
PROFESSIONAL SUMMARY	 	 	
Highly motivated and detail	-oriented Accounts Payable Analyst with 	2 years of proven experience in managing 	
AP  operations  within  deadline	-driven  environments.  Demonstrated  expertise  in  invoice  processing,  vendor 	
reconciliation, and resolving discrepancies in compliance with internal controls and financial policies. Skilled	 in 	
leveraging ERP systems 	Streamline workflows, ensure data accuracy, and support month	-end closing activities. 	
Adept at collaborating with cross	-functional teams to enhance process effic	iency and maintain strong vendor 	
relationships.  Committed  to  continuous  improvement,  accuracy,  and  delivering  high	-quality  financial  support 	
aligned with organizational goals.	 	
 
CORE SKILLS	 	 	
Accounting & Finance:	
==============================
2026-08-19 12:51:47 | RAW_RESUME_TEXT
agilan	 b                                                                     	  	
chennai, india | +91 	915	066	8484	 | agilanagi071@gmail.com	 | @linkedin: 	https://www.linkedin.com/in/agilan	-b 	
 
professional summary	 	 	
highly motivated and detail	-oriented accounts payable analyst with 	2 years of proven experience in managing 	
ap  operations  within  deadline	-driven  environments.  demonstrated  expertise  in  invoice  processing,  vendor 	
reconciliation, and resolving discrepancies in compliance with internal controls and financial policies. skilled	 in 	
leveraging erp systems 	streamline workflows, ensure data accuracy, and support month	-end closing activities. 	
adept at collaborating with cross	-functional teams to enhance process effic	iency and maintain strong vendor 	
relationships.  committed  to  continuous  improvement,  accuracy,  and  delivering  high	-quality  financial  support 	
aligned with organizational goals.	 	
 
core skills	 	 	
accounting & finance:	 accounts payable, procure	-to	-pay (p2p), vendor reconciliation, invoice processing, 	
month	-end closing, audit & compliance	 	
erp & tools: 	as400 	& 	oracle	  	
productivity tools: 	microsoft office suite (word, powerpoint, outlook, visio, onenote)	 	
 
professional experience	 	 	
projects & developments	 	
process executive 	– cognizant technology solutions                                                                                   	april 2024 	– present	   	
          	 	
– reviewed and processed vendor invoices, ensuring compliance with policies and accuracy of details.	 	
– resolved vendor queries and requests via email/tickets within the agreed sla.	 	
– performed 3	-way matching (invoice, purchase order, and goods receipt) in basware,	 	
– maintained and managed over 1,000 utility accounts, including gas, electricity, and water services	 	
– we will make utility payments on a daily basis, ensuring they are settled within the due dates 
specified on the in
==============================
2026-08-19 12:51:47 | EXPERIENCE_DETAILS
Array
(
    [jobs] => Array
        (
        )

    [total] => 0 Years 0 Months
)

==============================
2026-08-19 12:51:47 | Email
agilanagi071@gmail.com
==============================
2026-08-19 12:51:47 | Name
Agilan B
==============================
2026-08-19 12:51:47 | Mobile

==============================
2026-08-19 12:51:47 | ExperienceYears
1
==============================
2026-08-19 12:51:47 | RECOMMENDATION_ANALYSIS
Array
(
    [matchedSkillsCount] => 1
    [requiredSkillsCount] => 2
    [candidateExp] => 1
    [minExpRequired] => 1
    [eduMatch] => 
    [domainStatus] => WRONG_DOMAIN
    [candidateDomain] => Finance & Accounting
    [jobDomain] => Software & IT
)

==============================
2026-08-19 12:51:47 | RECOMMENDATION
Not Suitable
==============================
2026-08-19 12:51:47 | RECOMMENDATION_REASON
Wrong domain: The candidate's resume indicates a Finance & Accounting background, while this vacancy belongs to Software & IT. The candidate's professional domain does not align with the requirements of this position.
============================
2026-08-19 12:51:47 | vacancy
Array
(
    [Jid] => 30
    [JobCode] => JOB-2026-0002
    [JobTitle] => executive
    [RoleSummary] => Data engineer
    [Did] => 1
    [EmploymentType] => Full-Time
    [WorkMode] => Onsite
    [EducationRequired] => bca,bsc,btech
    [ExpMin] => 1.00
    [ExpMax] => 2.00
    [SalMin] => 0
    [SalMax] => 0
    [Currency] => INR
    [NoofOpenings] => 1
    [JobStatus] => Open
    [JobDescription] => ssssssssssssssssssssssssssss
    [Responsibilities] => ssssssssssssssssssssssssssss
    [Qualifications] => 
    [JobLocation] => chennai
    [CommunicationLang] => english,hindi
    [PostedOn] => 2026-08-13 11:20:59
    [UpdatedOn] => 2026-08-18 12:08:40
    [ExpiryDate] => 
    [TargetOnboardingDate] => 2026-08-21
    [Salary] => 5 - 10 LPA
    [PostedBy] => 17
    [SkillScore] => 0
    [EducationScore] => 0
    [ExperienceScore] => 0
    [ProjectScore] => 0
    [CertificationScore] => 0
    [ResumeQualityScore] => 0
    [DomainKnowledgeScore] => 0
    [CtcApproverId] => 18
    [AssignedRecruiterManagerId] => 17
    [HoldUntilDate] => 
    [HoldReminderSentDate] => 
    [MustHaveSkills] => React, Node.js, MongoDB, REST API
    [NiceToHaveSkills] => Docker, AWS
    [RequiredSkills] => excel, powerbi
)

============================

============================
2026-08-19 12:51:47 | FINAL RESULT RETURN
Array
(
    [recommendation] => Not Suitable
    [recommendation_reason] => Wrong domain: The candidate's resume indicates a Finance & Accounting background, while this vacancy belongs to Software & IT. The candidate's professional domain does not align with the requirements of this position.
    [relevant_evidence] => Array
        (
            [0] => Work Experience: 1 Years total experience (Vacancy Required: Min 1 Years)
            [1] => Matched Core Skills: Excel
            [2] => Domain Fit: Background in Finance & Accounting
            [3] => Extracted Resume Skills: Oracle, Accounting, Billing, Audit, Tally, Accounts Payable, Purchase Order
        )

    [missing_requirements] => Array
        (
            [0] => Required Skills Not Found: Powerbi
            [1] => Education Gap: Required qualification (bca,bsc,btech) not clearly identified in resume
        )

    [status] => Not Suitable
    [email] => agilanagi071@gmail.com
    [name] => Agilan B
    [mobileNumbers] => 
    [expyrs] => 1
    [experience_details] => Array
        (
            [jobs] => Array
                (
                )

            [total] => 0 Years 0 Months
        )

    [domain] => Finance & Accounting
    [job_domain] => Software & IT
    [candidate_domain] => Finance & Accounting
    [domain_status] => WRONG_DOMAIN
    [domain_analysis] => Array
        (
            [candidate_domain] => Finance & Accounting
            [candidate_domain_confidence] => High
            [job_domain] => Software & IT
            [job_domain_confidence] => Low
            [domain_status] => WRONG_DOMAIN
            [domain_reason] => Wrong domain: The candidate's resume indicates a Finance & Accounting background, while this vacancy belongs to Software & IT. The candidate's professional domain does not align with the requirements of this position.
            [domain_evidence] => Array
                (
                    [0] => finance
                    [1] => accounting
                    [2] => accounts
                    [3] => tally
                    [4] => audit
                    [5] => invoice
                    [6] => ledger
                )

        )

    [matched_skills] => Excel
    [missing_skills] => Powerbi
    [all_extracted_skills] => Oracle, Accounting, Billing, Audit, Tally, Accounts Payable, Purchase Order
    [education_match] => No
    [experience] => Yes
    [detected_degree] => BACHELOR OF COMMERCE
    [candidate_profile] => Array
        (
            [headline] => Finance & Accounting Professional
            [current_role] => Finance & Accounting Professional
            [current_company] => leveraging ERP systems
            [summary] => Finance & Accounting Professional with 1 years of total professional experience and hands-on exposure to Oracle, Accounting, Billing, Audit, Tally, Accounts Payable, Purchase Order.
            [degree] => BACHELOR OF COMMERCE
            [institution] => St. Thomas College of Arts and Science, affiliated with the University
            [grad_year] => 2020
            [training] => Not specified in resume
            [categorized_skills] => Array
                (
                    [Database] => Oracle
                    [Finance & Accounts] => Accounting, Billing, Audit, Tally, Accounts Payable
                    [Other Skills] => Purchase Order
                )

            [work_history] => Array
                (
                )

            [projects] => Array
                (
                )

            [domain] => Finance & Accounting
        )

)

============================

==============================
2026-08-19 09:23:43 | START
Array
(
    [resumePath] => d:/xampp/htdocs/REC/atscheck/modal/CAND30_20260819125101796.pdf
    [vacancyId] => 30
    [jobTitle] => executive
)

==============================
2026-08-19 09:23:44 | PDF_EXTRACT_SUCCESS
+	
 	
Keerthana	 Anburaj	 	
Salesforce	 Administrator	 / Developer	 – 3+ Years	 of Experience	 	
 
2/452	-1, Sivan	 kovil	 street,	 Maruthampatinam,	 Thiruvarur,	 Tamilnadu	 – 610001 	
Email: 	keerthanaanburaj4@gmail.com	 	
Mobile	 No:	 9360018354	 	
 
EDUCATION:	 	
 
Bachelor	 of Computer	 Application	 from	 E.G.S.	 Pillay	 Arts	 and	 Science	 College,	 Nagapattinam. 	
Percentage: 85%	 	
 
 
 
SUMMARY	 	
 
Salesforce	 Administrator	 / Developer with	 over 3	+ years	 of experience	 in customizing, and	 deploying	 	
Salesforce	 solutions	 across	 Sales	 Cloud,	 Service	 Cloud,	 and	 Experience	 Cloud	 environments.	 Skilled 	
in Apex, Basic Lightning Web Components (LWC), and Flow to create efficient, user	-friendly 	
applications.	 	
Experienced in data management, and building 	reports and dashboards. Known for a proactive 	
approach to problem	-solving and a commitment to continuous learning, with a track record of 	
successfully	 collaborating	 with	 cross	-functional	 teams	 to
==============================
2026-08-19 09:23:44 | RAW_RESUME_TEXT
+	
 	
keerthana	 anburaj	 	
salesforce	 administrator	 / developer	 – 3+ years	 of experience	 	
 
2/452	-1, sivan	 kovil	 street,	 maruthampatinam,	 thiruvarur,	 tamilnadu	 – 610001 	
email: 	keerthanaanburaj4@gmail.com	 	
mobile	 no:	 9360018354	 	
 
education:	 	
 
bachelor	 of computer	 application	 from	 e.g.s.	 pillay	 arts	 and	 science	 college,	 nagapattinam. 	
percentage: 85%	 	
 
 
 
summary	 	
 
salesforce	 administrator	 / developer with	 over 3	+ years	 of experience	 in customizing, and	 deploying	 	
salesforce	 solutions	 across	 sales	 cloud,	 service	 cloud,	 and	 experience	 cloud	 environments.	 skilled 	
in apex, basic lightning web components (lwc), and flow to create efficient, user	-friendly 	
applications.	 	
experienced in data management, and building 	reports and dashboards. known for a proactive 	
approach to problem	-solving and a commitment to continuous learning, with a track record of 	
successfully	 collaborating	 with	 cross	-functional	 teams	 to meet	 business	 goals	 and	 optimize	 salesforce 	
functionality.	 	
 
highlights	 	
 	
● 	over	 3 years	 of experience	 in salesforce	 development,	 specializing	 in sales	 cloud,	 service 	
cloud, and experience cloud.	 	
● 	experienced	 in workflows, process builder, approval	 process, flows, triggers, apex classes, 	
and basic lightning web 	components.	 	
● 	skilled	 in working	 under	 pressure	 and	 adapting	 to new	 situations	 and	 challenges	 to best 	
enhance the organizational brand.	 	
● 	complex problem	-solver with analytical and driven mindset. dedicated to achieving 	
demanding	 development	 objectives	 accordi	ng	 to tight	 schedules	 while	 producing	 impeccable 	
code.	 	
● 	technical	 expertise	 in software	 development	 lifecycle	 stages	 like	 requirements	 gathering, 	
analysis, design, development, deployment and documentation.	 	
● 	good	 knowledge	 of soql	 and	 sosl	 query	 languages.	 good	 knowledge	 of email	 services. 	
experienced in using g
==============================
2026-08-19 09:23:44 | EXPERIENCE_DETAILS
Array
(
    [jobs] => Array
        (
            [0] => Array
                (
                    [from] => april	 2022
                    [to] => present
                    [years] => 4
                    [months] => 5
                    [role] => � 	Current	 Employer:	 Vcollab	 Etiquette
                    [company] => � 	Employment	 Tenure:
                )

        )

    [total] => 4 Years 5 Months
)

==============================
2026-08-19 09:23:44 | Email
keerthanaanburaj4@gmail.com
==============================
2026-08-19 09:23:44 | Name
Keerthana Anburaj
==============================
2026-08-19 09:23:44 | Mobile
9360018354
==============================
2026-08-19 09:23:44 | ExperienceYears
3
==============================
2026-08-19 09:23:44 | RECOMMENDATION_ANALYSIS
Array
(
    [matchedSkillsCount] => 1
    [requiredSkillsCount] => 6
    [candidateExp] => 3
    [minExpRequired] => 1
    [eduMatch] => 
    [domainStatus] => MATCHED
    [candidateDomain] => Software & IT
    [jobDomain] => Software & IT
)

==============================
2026-08-19 09:23:44 | RECOMMENDATION
Potential Match
==============================
2026-08-19 09:23:44 | RECOMMENDATION_REASON
The candidate has a relevant background for executive, but specific requirements need verification during screening. Skill(s) like Node.js, Mongodb, Rest Api were not clearly identified in the resume text. Recruiter review and phone screening are recommended.
==============================
2026-08-19 09:23:44 | START
Array
(
    [resumePath] => d:/xampp/htdocs/REC/atscheck/modal/CAND30_20260819125147775.pdf
    [vacancyId] => 30
    [jobTitle] => executive
)

==============================
2026-08-19 09:23:44 | PDF_EXTRACT_SUCCESS
AGILAN	 B                                                                     	  	
Chennai, India | +91 	915	066	8484	 | agilanagi071@gmail.com	 | @linkedin: 	https://www.linkedin.com/in/agilan	-b 	
 
PROFESSIONAL SUMMARY	 	 	
Highly motivated and detail	-oriented Accounts Payable Analyst with 	2 years of proven experience in managing 	
AP  operations  within  deadline	-driven  environments.  Demonstrated  expertise  in  invoice  processing,  vendor 	
reconciliation, and resolving discrepancies in compliance with internal controls and financial policies. Skilled	 in 	
leveraging ERP systems 	Streamline workflows, ensure data accuracy, and support month	-end closing activities. 	
Adept at collaborating with cross	-functional teams to enhance process effic	iency and maintain strong vendor 	
relationships.  Committed  to  continuous  improvement,  accuracy,  and  delivering  high	-quality  financial  support 	
aligned with organizational goals.	 	
 
CORE SKILLS	 	 	
Accounting & Finance:	
==============================
2026-08-19 09:23:44 | RAW_RESUME_TEXT
agilan	 b                                                                     	  	
chennai, india | +91 	915	066	8484	 | agilanagi071@gmail.com	 | @linkedin: 	https://www.linkedin.com/in/agilan	-b 	
 
professional summary	 	 	
highly motivated and detail	-oriented accounts payable analyst with 	2 years of proven experience in managing 	
ap  operations  within  deadline	-driven  environments.  demonstrated  expertise  in  invoice  processing,  vendor 	
reconciliation, and resolving discrepancies in compliance with internal controls and financial policies. skilled	 in 	
leveraging erp systems 	streamline workflows, ensure data accuracy, and support month	-end closing activities. 	
adept at collaborating with cross	-functional teams to enhance process effic	iency and maintain strong vendor 	
relationships.  committed  to  continuous  improvement,  accuracy,  and  delivering  high	-quality  financial  support 	
aligned with organizational goals.	 	
 
core skills	 	 	
accounting & finance:	 accounts payable, procure	-to	-pay (p2p), vendor reconciliation, invoice processing, 	
month	-end closing, audit & compliance	 	
erp & tools: 	as400 	& 	oracle	  	
productivity tools: 	microsoft office suite (word, powerpoint, outlook, visio, onenote)	 	
 
professional experience	 	 	
projects & developments	 	
process executive 	– cognizant technology solutions                                                                                   	april 2024 	– present	   	
          	 	
– reviewed and processed vendor invoices, ensuring compliance with policies and accuracy of details.	 	
– resolved vendor queries and requests via email/tickets within the agreed sla.	 	
– performed 3	-way matching (invoice, purchase order, and goods receipt) in basware,	 	
– maintained and managed over 1,000 utility accounts, including gas, electricity, and water services	 	
– we will make utility payments on a daily basis, ensuring they are settled within the due dates 
specified on the in
==============================
2026-08-19 09:23:44 | EXPERIENCE_DETAILS
Array
(
    [jobs] => Array
        (
        )

    [total] => 0 Years 0 Months
)

==============================
2026-08-19 09:23:44 | Email
agilanagi071@gmail.com
==============================
2026-08-19 09:23:44 | Name
Agilan B
==============================
2026-08-19 09:23:44 | Mobile

==============================
2026-08-19 09:23:44 | ExperienceYears
1
==============================
2026-08-19 09:23:44 | RECOMMENDATION_ANALYSIS
Array
(
    [matchedSkillsCount] => 1
    [requiredSkillsCount] => 6
    [candidateExp] => 1
    [minExpRequired] => 1
    [eduMatch] => 
    [domainStatus] => WRONG_DOMAIN
    [candidateDomain] => Finance & Accounting
    [jobDomain] => Software & IT
)

==============================
2026-08-19 09:23:44 | RECOMMENDATION
Not Suitable
==============================
2026-08-19 09:23:44 | RECOMMENDATION_REASON
Wrong domain: The candidate's resume indicates a Finance & Accounting background, while this vacancy belongs to Software & IT. The candidate's professional domain does not align with the requirements of this position.
==============================
2026-08-19 09:25:10 | START
Array
(
    [resumePath] => d:/xampp/htdocs/REC/atscheck/modal/CAND30_20260819125101796.pdf
    [vacancyId] => 30
    [jobTitle] => executive
)

==============================
2026-08-19 09:25:10 | PDF_EXTRACT_SUCCESS
+	
 	
Keerthana	 Anburaj	 	
Salesforce	 Administrator	 / Developer	 – 3+ Years	 of Experience	 	
 
2/452	-1, Sivan	 kovil	 street,	 Maruthampatinam,	 Thiruvarur,	 Tamilnadu	 – 610001 	
Email: 	keerthanaanburaj4@gmail.com	 	
Mobile	 No:	 9360018354	 	
 
EDUCATION:	 	
 
Bachelor	 of Computer	 Application	 from	 E.G.S.	 Pillay	 Arts	 and	 Science	 College,	 Nagapattinam. 	
Percentage: 85%	 	
 
 
 
SUMMARY	 	
 
Salesforce	 Administrator	 / Developer with	 over 3	+ years	 of experience	 in customizing, and	 deploying	 	
Salesforce	 solutions	 across	 Sales	 Cloud,	 Service	 Cloud,	 and	 Experience	 Cloud	 environments.	 Skilled 	
in Apex, Basic Lightning Web Components (LWC), and Flow to create efficient, user	-friendly 	
applications.	 	
Experienced in data management, and building 	reports and dashboards. Known for a proactive 	
approach to problem	-solving and a commitment to continuous learning, with a track record of 	
successfully	 collaborating	 with	 cross	-functional	 teams	 to
==============================
2026-08-19 09:25:10 | RAW_RESUME_TEXT
+	
 	
keerthana	 anburaj	 	
salesforce	 administrator	 / developer	 – 3+ years	 of experience	 	
 
2/452	-1, sivan	 kovil	 street,	 maruthampatinam,	 thiruvarur,	 tamilnadu	 – 610001 	
email: 	keerthanaanburaj4@gmail.com	 	
mobile	 no:	 9360018354	 	
 
education:	 	
 
bachelor	 of computer	 application	 from	 e.g.s.	 pillay	 arts	 and	 science	 college,	 nagapattinam. 	
percentage: 85%	 	
 
 
 
summary	 	
 
salesforce	 administrator	 / developer with	 over 3	+ years	 of experience	 in customizing, and	 deploying	 	
salesforce	 solutions	 across	 sales	 cloud,	 service	 cloud,	 and	 experience	 cloud	 environments.	 skilled 	
in apex, basic lightning web components (lwc), and flow to create efficient, user	-friendly 	
applications.	 	
experienced in data management, and building 	reports and dashboards. known for a proactive 	
approach to problem	-solving and a commitment to continuous learning, with a track record of 	
successfully	 collaborating	 with	 cross	-functional	 teams	 to meet	 business	 goals	 and	 optimize	 salesforce 	
functionality.	 	
 
highlights	 	
 	
● 	over	 3 years	 of experience	 in salesforce	 development,	 specializing	 in sales	 cloud,	 service 	
cloud, and experience cloud.	 	
● 	experienced	 in workflows, process builder, approval	 process, flows, triggers, apex classes, 	
and basic lightning web 	components.	 	
● 	skilled	 in working	 under	 pressure	 and	 adapting	 to new	 situations	 and	 challenges	 to best 	
enhance the organizational brand.	 	
● 	complex problem	-solver with analytical and driven mindset. dedicated to achieving 	
demanding	 development	 objectives	 accordi	ng	 to tight	 schedules	 while	 producing	 impeccable 	
code.	 	
● 	technical	 expertise	 in software	 development	 lifecycle	 stages	 like	 requirements	 gathering, 	
analysis, design, development, deployment and documentation.	 	
● 	good	 knowledge	 of soql	 and	 sosl	 query	 languages.	 good	 knowledge	 of email	 services. 	
experienced in using g
==============================
2026-08-19 09:25:10 | EXPERIENCE_DETAILS
Array
(
    [jobs] => Array
        (
            [0] => Array
                (
                    [from] => april	 2022
                    [to] => present
                    [years] => 4
                    [months] => 5
                    [role] => � 	Current	 Employer:	 Vcollab	 Etiquette
                    [company] => � 	Employment	 Tenure:
                )

        )

    [total] => 4 Years 5 Months
)

==============================
2026-08-19 09:25:10 | Email
keerthanaanburaj4@gmail.com
==============================
2026-08-19 09:25:10 | Name
Keerthana Anburaj
==============================
2026-08-19 09:25:10 | Mobile
9360018354
==============================
2026-08-19 09:25:10 | ExperienceYears
3
==============================
2026-08-19 09:25:10 | RECOMMENDATION_ANALYSIS
Array
(
    [matchedSkillsCount] => 1
    [requiredSkillsCount] => 6
    [candidateExp] => 3
    [minExpRequired] => 1
    [eduMatch] => 
    [domainStatus] => MATCHED
    [candidateDomain] => Software & IT
    [jobDomain] => Software & IT
)

==============================
2026-08-19 09:25:10 | RECOMMENDATION
Potential Match
==============================
2026-08-19 09:25:10 | RECOMMENDATION_REASON
The candidate has a relevant background for executive, but specific requirements need verification during screening. Skill(s) like Node.js, Mongodb, Rest Api were not clearly identified in the resume text. Recruiter review and phone screening are recommended.
==============================
2026-08-19 09:25:10 | START
Array
(
    [resumePath] => d:/xampp/htdocs/REC/atscheck/modal/CAND30_20260819125147775.pdf
    [vacancyId] => 30
    [jobTitle] => executive
)

==============================
2026-08-19 09:25:10 | PDF_EXTRACT_SUCCESS
AGILAN	 B                                                                     	  	
Chennai, India | +91 	915	066	8484	 | agilanagi071@gmail.com	 | @linkedin: 	https://www.linkedin.com/in/agilan	-b 	
 
PROFESSIONAL SUMMARY	 	 	
Highly motivated and detail	-oriented Accounts Payable Analyst with 	2 years of proven experience in managing 	
AP  operations  within  deadline	-driven  environments.  Demonstrated  expertise  in  invoice  processing,  vendor 	
reconciliation, and resolving discrepancies in compliance with internal controls and financial policies. Skilled	 in 	
leveraging ERP systems 	Streamline workflows, ensure data accuracy, and support month	-end closing activities. 	
Adept at collaborating with cross	-functional teams to enhance process effic	iency and maintain strong vendor 	
relationships.  Committed  to  continuous  improvement,  accuracy,  and  delivering  high	-quality  financial  support 	
aligned with organizational goals.	 	
 
CORE SKILLS	 	 	
Accounting & Finance:	
==============================
2026-08-19 09:25:10 | RAW_RESUME_TEXT
agilan	 b                                                                     	  	
chennai, india | +91 	915	066	8484	 | agilanagi071@gmail.com	 | @linkedin: 	https://www.linkedin.com/in/agilan	-b 	
 
professional summary	 	 	
highly motivated and detail	-oriented accounts payable analyst with 	2 years of proven experience in managing 	
ap  operations  within  deadline	-driven  environments.  demonstrated  expertise  in  invoice  processing,  vendor 	
reconciliation, and resolving discrepancies in compliance with internal controls and financial policies. skilled	 in 	
leveraging erp systems 	streamline workflows, ensure data accuracy, and support month	-end closing activities. 	
adept at collaborating with cross	-functional teams to enhance process effic	iency and maintain strong vendor 	
relationships.  committed  to  continuous  improvement,  accuracy,  and  delivering  high	-quality  financial  support 	
aligned with organizational goals.	 	
 
core skills	 	 	
accounting & finance:	 accounts payable, procure	-to	-pay (p2p), vendor reconciliation, invoice processing, 	
month	-end closing, audit & compliance	 	
erp & tools: 	as400 	& 	oracle	  	
productivity tools: 	microsoft office suite (word, powerpoint, outlook, visio, onenote)	 	
 
professional experience	 	 	
projects & developments	 	
process executive 	– cognizant technology solutions                                                                                   	april 2024 	– present	   	
          	 	
– reviewed and processed vendor invoices, ensuring compliance with policies and accuracy of details.	 	
– resolved vendor queries and requests via email/tickets within the agreed sla.	 	
– performed 3	-way matching (invoice, purchase order, and goods receipt) in basware,	 	
– maintained and managed over 1,000 utility accounts, including gas, electricity, and water services	 	
– we will make utility payments on a daily basis, ensuring they are settled within the due dates 
specified on the in
==============================
2026-08-19 09:25:10 | EXPERIENCE_DETAILS
Array
(
    [jobs] => Array
        (
            [0] => Array
                (
                    [from] => april 2024
                    [to] => present
                    [years] => 2
                    [months] => 5
                    [role] => Process Executive
                    [company] => Cognizant Technology Solutions
                )

        )

    [total] => 2 Years 5 Months
)

==============================
2026-08-19 09:25:10 | Email
agilanagi071@gmail.com
==============================
2026-08-19 09:25:10 | Name
Agilan B
==============================
2026-08-19 09:25:10 | Mobile

==============================
2026-08-19 09:25:10 | ExperienceYears
2.4
==============================
2026-08-19 09:25:10 | RECOMMENDATION_ANALYSIS
Array
(
    [matchedSkillsCount] => 1
    [requiredSkillsCount] => 6
    [candidateExp] => 2.4
    [minExpRequired] => 1
    [eduMatch] => 
    [domainStatus] => WRONG_DOMAIN
    [candidateDomain] => Finance & Accounting
    [jobDomain] => Software & IT
)

==============================
2026-08-19 09:25:10 | RECOMMENDATION
Not Suitable
==============================
2026-08-19 09:25:10 | RECOMMENDATION_REASON
Wrong domain: The candidate's resume indicates a Finance & Accounting background, while this vacancy belongs to Software & IT. The candidate's professional domain does not align with the requirements of this position.
============================
2026-08-19 12:56:39 | vacancy
SELECT jl.*, GROUP_CONCAT(s.SkillName ORDER BY s.SkillName SEPARATOR ', ') AS RequiredSkills
FROM `IHRJobsList` `jl`
LEFT JOIN `JobSkills` `js` ON `js`.`Jid` = `jl`.`Jid`
LEFT JOIN `IHSkills` `s` ON `s`.`SkillId` = `js`.`SkillId`
WHERE `jl`.`Jid` = '30'
GROUP BY `jl`.`Jid`
============================

==============================
2026-08-19 12:56:39 | START
Array
(
    [resumePath] => D:/xampp/htdocs/REC/atscheck/modal/CAND30_20260819125639146.pdf
    [vacancyId] => 30
    [jobTitle] => executive
)

==============================
2026-08-19 12:56:39 | PDF_EXTRACT_SUCCESS
+	
 	
Keerthana	 Anburaj	 	
Salesforce	 Administrator	 / Developer	 – 3+ Years	 of Experience	 	
 
2/452	-1, Sivan	 kovil	 street,	 Maruthampatinam,	 Thiruvarur,	 Tamilnadu	 – 610001 	
Email: 	keerthanaanburaj4@gmail.com	 	
Mobile	 No:	 9360018354	 	
 
EDUCATION:	 	
 
Bachelor	 of Computer	 Application	 from	 E.G.S.	 Pillay	 Arts	 and	 Science	 College,	 Nagapattinam. 	
Percentage: 85%	 	
 
 
 
SUMMARY	 	
 
Salesforce	 Administrator	 / Developer with	 over 3	+ years	 of experience	 in customizing, and	 deploying	 	
Salesforce	 solutions	 across	 Sales	 Cloud,	 Service	 Cloud,	 and	 Experience	 Cloud	 environments.	 Skilled 	
in Apex, Basic Lightning Web Components (LWC), and Flow to create efficient, user	-friendly 	
applications.	 	
Experienced in data management, and building 	reports and dashboards. Known for a proactive 	
approach to problem	-solving and a commitment to continuous learning, with a track record of 	
successfully	 collaborating	 with	 cross	-functional	 teams	 to
==============================
2026-08-19 12:56:39 | RAW_RESUME_TEXT
+	
 	
keerthana	 anburaj	 	
salesforce	 administrator	 / developer	 – 3+ years	 of experience	 	
 
2/452	-1, sivan	 kovil	 street,	 maruthampatinam,	 thiruvarur,	 tamilnadu	 – 610001 	
email: 	keerthanaanburaj4@gmail.com	 	
mobile	 no:	 9360018354	 	
 
education:	 	
 
bachelor	 of computer	 application	 from	 e.g.s.	 pillay	 arts	 and	 science	 college,	 nagapattinam. 	
percentage: 85%	 	
 
 
 
summary	 	
 
salesforce	 administrator	 / developer with	 over 3	+ years	 of experience	 in customizing, and	 deploying	 	
salesforce	 solutions	 across	 sales	 cloud,	 service	 cloud,	 and	 experience	 cloud	 environments.	 skilled 	
in apex, basic lightning web components (lwc), and flow to create efficient, user	-friendly 	
applications.	 	
experienced in data management, and building 	reports and dashboards. known for a proactive 	
approach to problem	-solving and a commitment to continuous learning, with a track record of 	
successfully	 collaborating	 with	 cross	-functional	 teams	 to meet	 business	 goals	 and	 optimize	 salesforce 	
functionality.	 	
 
highlights	 	
 	
● 	over	 3 years	 of experience	 in salesforce	 development,	 specializing	 in sales	 cloud,	 service 	
cloud, and experience cloud.	 	
● 	experienced	 in workflows, process builder, approval	 process, flows, triggers, apex classes, 	
and basic lightning web 	components.	 	
● 	skilled	 in working	 under	 pressure	 and	 adapting	 to new	 situations	 and	 challenges	 to best 	
enhance the organizational brand.	 	
● 	complex problem	-solver with analytical and driven mindset. dedicated to achieving 	
demanding	 development	 objectives	 accordi	ng	 to tight	 schedules	 while	 producing	 impeccable 	
code.	 	
● 	technical	 expertise	 in software	 development	 lifecycle	 stages	 like	 requirements	 gathering, 	
analysis, design, development, deployment and documentation.	 	
● 	good	 knowledge	 of soql	 and	 sosl	 query	 languages.	 good	 knowledge	 of email	 services. 	
experienced in using g
==============================
2026-08-19 12:56:39 | EXPERIENCE_DETAILS
Array
(
    [jobs] => Array
        (
            [0] => Array
                (
                    [from] => april	 2022
                    [to] => present
                    [years] => 4
                    [months] => 5
                    [role] => � 	Current	 Employer:	 Vcollab	 Etiquette
                    [company] => � 	Employment	 Tenure:
                )

        )

    [total] => 4 Years 5 Months
)

==============================
2026-08-19 12:56:39 | Email
keerthanaanburaj4@gmail.com
==============================
2026-08-19 12:56:39 | Name
Keerthana Anburaj
==============================
2026-08-19 12:56:39 | Mobile
9360018354
==============================
2026-08-19 12:56:39 | ExperienceYears
3
==============================
2026-08-19 12:56:39 | RECOMMENDATION_ANALYSIS
Array
(
    [matchedSkillsCount] => 0
    [requiredSkillsCount] => 2
    [candidateExp] => 3
    [minExpRequired] => 1
    [eduMatch] => 
    [domainStatus] => MATCHED
    [candidateDomain] => Software & IT
    [jobDomain] => Software & IT
)

==============================
2026-08-19 12:56:39 | RECOMMENDATION
Potential Match
==============================
2026-08-19 12:56:39 | RECOMMENDATION_REASON
The candidate has a relevant background for executive, but specific requirements need verification during screening. Skill(s) like Excel, Powerbi were not clearly identified in the resume text. Recruiter review and phone screening are recommended.
============================
2026-08-19 12:56:39 | vacancy
Array
(
    [Jid] => 30
    [JobCode] => JOB-2026-0002
    [JobTitle] => executive
    [RoleSummary] => Data engineer
    [Did] => 1
    [EmploymentType] => Full-Time
    [WorkMode] => Onsite
    [EducationRequired] => bca,bsc,btech
    [ExpMin] => 1.00
    [ExpMax] => 2.00
    [SalMin] => 0
    [SalMax] => 0
    [Currency] => INR
    [NoofOpenings] => 1
    [JobStatus] => Open
    [JobDescription] => ssssssssssssssssssssssssssss
    [Responsibilities] => ssssssssssssssssssssssssssss
    [Qualifications] => 
    [JobLocation] => chennai
    [CommunicationLang] => english,hindi
    [PostedOn] => 2026-08-13 11:20:59
    [UpdatedOn] => 2026-08-18 12:08:40
    [ExpiryDate] => 
    [TargetOnboardingDate] => 2026-08-21
    [Salary] => 5 - 10 LPA
    [PostedBy] => 17
    [SkillScore] => 0
    [EducationScore] => 0
    [ExperienceScore] => 0
    [ProjectScore] => 0
    [CertificationScore] => 0
    [ResumeQualityScore] => 0
    [DomainKnowledgeScore] => 0
    [CtcApproverId] => 18
    [AssignedRecruiterManagerId] => 17
    [HoldUntilDate] => 
    [HoldReminderSentDate] => 
    [MustHaveSkills] => React, Node.js, MongoDB, REST API
    [NiceToHaveSkills] => Docker, AWS
    [RequiredSkills] => excel, powerbi
)

============================

============================
2026-08-19 12:56:39 | FINAL RESULT RETURN
Array
(
    [recommendation] => Potential Match
    [recommendation_reason] => The candidate has a relevant background for executive, but specific requirements need verification during screening. Skill(s) like Excel, Powerbi were not clearly identified in the resume text. Recruiter review and phone screening are recommended.
    [relevant_evidence] => Array
        (
            [0] => Work Experience: 3 Years total experience (Vacancy Required: Min 1 Years)
            [1] => Domain Fit: Background in Software & IT
            [2] => Extracted Resume Skills: Javascript, Salesforce, Lwc, Apex, Soql, Gearset, Codeigniter, Ci/cd
        )

    [missing_requirements] => Array
        (
            [0] => Required Skills Not Found: Excel, Powerbi
            [1] => Education Gap: Required qualification (bca,bsc,btech) not clearly identified in resume
        )

    [status] => Potential Match
    [email] => keerthanaanburaj4@gmail.com
    [name] => Keerthana Anburaj
    [mobileNumbers] => 9360018354
    [expyrs] => 3
    [experience_details] => Array
        (
            [jobs] => Array
                (
                    [0] => Array
                        (
                            [from] => april	 2022
                            [to] => present
                            [years] => 4
                            [months] => 5
                            [role] => � 	Current	 Employer:	 Vcollab	 Etiquette
                            [company] => � 	Employment	 Tenure:
                        )

                )

            [total] => 4 Years 5 Months
        )

    [domain] => Software & IT
    [job_domain] => Software & IT
    [candidate_domain] => Software & IT
    [domain_status] => MATCHED
    [domain_analysis] => Array
        (
            [candidate_domain] => Software & IT
            [candidate_domain_confidence] => High
            [job_domain] => Software & IT
            [job_domain_confidence] => High
            [domain_status] => MATCHED
            [domain_reason] => Candidate profile and vacancy belong to the same professional domain.
            [domain_evidence] => Array
                (
                    [0] => developer
                    [1] => software
                    [2] => programming
                    [3] => javascript
                    [4] => java
                )

        )

    [matched_skills] => 
    [missing_skills] => Excel, Powerbi
    [all_extracted_skills] => Javascript, Salesforce, Lwc, Apex, Soql, Gearset, Codeigniter, Ci/cd, Sales, Healthcare, Patient Care, Analytical Skills, Documentation
    [education_match] => No
    [experience] => Yes
    [detected_degree] => BA
    [candidate_profile] => Array
        (
            [headline] => Software / IT Professional
            [current_role] => Software / IT Professional
            [current_company] => Salesforce	 solutions
            [summary] => Software / IT Professional with 3 years of total professional experience and hands-on exposure to Javascript, Salesforce, Lwc, Apex, Soql, Gearset, Codeigniter, Ci/cd, Sales, Healthcare.
            [degree] => BA
            [institution] => mputer	 Application	 from	 E.G.S.	 Pillay	 Arts	 and	 Science	 College
            [grad_year] => Not specified in resume
            [training] => Not specified in resume
            [categorized_skills] => Array
                (
                    [Frontend] => Javascript
                    [Backend] => Codeigniter
                    [DevOps / Tools] => Ci/cd
                    [Sales & Marketing] => Sales
                    [Other Skills] => Salesforce, Lwc, Apex, Soql, Gearset, Healthcare, Patient Care, Analytical Skills, Documentation
                )

            [work_history] => Array
                (
                    [0] => Array
                        (
                            [role] => � 	Current	 Employer:	 Vcollab	 Etiquette
                            [company] => � 	Employment	 Tenure:
                            [period] => april	 2022 - present
                            [duration] => 4 Yrs 5 Mos
                        )

                )

            [projects] => Array
                (
                    [0] => Array
                        (
                            [title] => Project
                        )

                    [1] => Array
                        (
                            [title] => Axena	 Health

Role
                        )

                    [2] => Array
                        (
                            [title] => Tech	 Goes	 Home
                        )

                    [3] => Array
                        (
                            [title] => Aimed	 At Optimizing	 Salesforce	 Functionality
                        )

                )

            [domain] => Software & IT
        )

)

============================

==============================
2026-08-19 09:28:55 | START
Array
(
    [resumePath] => d:/xampp/htdocs/REC/atscheck/modal/CAND30_20260819125639146.pdf
    [vacancyId] => 30
    [jobTitle] => executive
)

==============================
2026-08-19 09:28:55 | PDF_EXTRACT_SUCCESS
+	
 	
Keerthana	 Anburaj	 	
Salesforce	 Administrator	 / Developer	 – 3+ Years	 of Experience	 	
 
2/452	-1, Sivan	 kovil	 street,	 Maruthampatinam,	 Thiruvarur,	 Tamilnadu	 – 610001 	
Email: 	keerthanaanburaj4@gmail.com	 	
Mobile	 No:	 9360018354	 	
 
EDUCATION:	 	
 
Bachelor	 of Computer	 Application	 from	 E.G.S.	 Pillay	 Arts	 and	 Science	 College,	 Nagapattinam. 	
Percentage: 85%	 	
 
 
 
SUMMARY	 	
 
Salesforce	 Administrator	 / Developer with	 over 3	+ years	 of experience	 in customizing, and	 deploying	 	
Salesforce	 solutions	 across	 Sales	 Cloud,	 Service	 Cloud,	 and	 Experience	 Cloud	 environments.	 Skilled 	
in Apex, Basic Lightning Web Components (LWC), and Flow to create efficient, user	-friendly 	
applications.	 	
Experienced in data management, and building 	reports and dashboards. Known for a proactive 	
approach to problem	-solving and a commitment to continuous learning, with a track record of 	
successfully	 collaborating	 with	 cross	-functional	 teams	 to
==============================
2026-08-19 09:28:55 | RAW_RESUME_TEXT
+	
 	
keerthana	 anburaj	 	
salesforce	 administrator	 / developer	 – 3+ years	 of experience	 	
 
2/452	-1, sivan	 kovil	 street,	 maruthampatinam,	 thiruvarur,	 tamilnadu	 – 610001 	
email: 	keerthanaanburaj4@gmail.com	 	
mobile	 no:	 9360018354	 	
 
education:	 	
 
bachelor	 of computer	 application	 from	 e.g.s.	 pillay	 arts	 and	 science	 college,	 nagapattinam. 	
percentage: 85%	 	
 
 
 
summary	 	
 
salesforce	 administrator	 / developer with	 over 3	+ years	 of experience	 in customizing, and	 deploying	 	
salesforce	 solutions	 across	 sales	 cloud,	 service	 cloud,	 and	 experience	 cloud	 environments.	 skilled 	
in apex, basic lightning web components (lwc), and flow to create efficient, user	-friendly 	
applications.	 	
experienced in data management, and building 	reports and dashboards. known for a proactive 	
approach to problem	-solving and a commitment to continuous learning, with a track record of 	
successfully	 collaborating	 with	 cross	-functional	 teams	 to meet	 business	 goals	 and	 optimize	 salesforce 	
functionality.	 	
 
highlights	 	
 	
● 	over	 3 years	 of experience	 in salesforce	 development,	 specializing	 in sales	 cloud,	 service 	
cloud, and experience cloud.	 	
● 	experienced	 in workflows, process builder, approval	 process, flows, triggers, apex classes, 	
and basic lightning web 	components.	 	
● 	skilled	 in working	 under	 pressure	 and	 adapting	 to new	 situations	 and	 challenges	 to best 	
enhance the organizational brand.	 	
● 	complex problem	-solver with analytical and driven mindset. dedicated to achieving 	
demanding	 development	 objectives	 accordi	ng	 to tight	 schedules	 while	 producing	 impeccable 	
code.	 	
● 	technical	 expertise	 in software	 development	 lifecycle	 stages	 like	 requirements	 gathering, 	
analysis, design, development, deployment and documentation.	 	
● 	good	 knowledge	 of soql	 and	 sosl	 query	 languages.	 good	 knowledge	 of email	 services. 	
experienced in using g
==============================
2026-08-19 09:28:55 | EXPERIENCE_DETAILS
Array
(
    [jobs] => Array
        (
            [0] => Array
                (
                    [from] => april	 2022
                    [to] => present
                    [years] => 4
                    [months] => 5
                    [role] => � 	Current	 Employer:	 Vcollab	 Etiquette
                    [company] => � 	Employment	 Tenure:
                )

        )

    [total] => 4 Years 5 Months
)

==============================
2026-08-19 09:28:55 | Email
keerthanaanburaj4@gmail.com
==============================
2026-08-19 09:28:55 | Name
Keerthana Anburaj
==============================
2026-08-19 09:28:55 | Mobile
9360018354
==============================
2026-08-19 09:28:55 | ExperienceYears
3
==============================
2026-08-19 09:28:55 | RECOMMENDATION_ANALYSIS
Array
(
    [matchedSkillsCount] => 1
    [requiredSkillsCount] => 6
    [candidateExp] => 3
    [minExpRequired] => 1
    [eduMatch] => 
    [domainStatus] => MATCHED
    [candidateDomain] => Software & IT
    [jobDomain] => Software & IT
)

==============================
2026-08-19 09:28:55 | RECOMMENDATION
Potential Match
==============================
2026-08-19 09:28:55 | RECOMMENDATION_REASON
The candidate has a relevant background for executive, but specific requirements need verification during screening. Skill(s) like Node.js, Mongodb, Rest Api were not clearly identified in the resume text. Recruiter review and phone screening are recommended.
==============================
2026-08-19 09:30:13 | START
Array
(
    [resumePath] => d:/xampp/htdocs/REC/atscheck/modal/CAND30_20260819125639146.pdf
    [vacancyId] => 30
    [jobTitle] => executive
)

==============================
2026-08-19 09:30:13 | PDF_EXTRACT_SUCCESS
+	
 	
Keerthana	 Anburaj	 	
Salesforce	 Administrator	 / Developer	 – 3+ Years	 of Experience	 	
 
2/452	-1, Sivan	 kovil	 street,	 Maruthampatinam,	 Thiruvarur,	 Tamilnadu	 – 610001 	
Email: 	keerthanaanburaj4@gmail.com	 	
Mobile	 No:	 9360018354	 	
 
EDUCATION:	 	
 
Bachelor	 of Computer	 Application	 from	 E.G.S.	 Pillay	 Arts	 and	 Science	 College,	 Nagapattinam. 	
Percentage: 85%	 	
 
 
 
SUMMARY	 	
 
Salesforce	 Administrator	 / Developer with	 over 3	+ years	 of experience	 in customizing, and	 deploying	 	
Salesforce	 solutions	 across	 Sales	 Cloud,	 Service	 Cloud,	 and	 Experience	 Cloud	 environments.	 Skilled 	
in Apex, Basic Lightning Web Components (LWC), and Flow to create efficient, user	-friendly 	
applications.	 	
Experienced in data management, and building 	reports and dashboards. Known for a proactive 	
approach to problem	-solving and a commitment to continuous learning, with a track record of 	
successfully	 collaborating	 with	 cross	-functional	 teams	 to
==============================
2026-08-19 09:30:13 | RAW_RESUME_TEXT
+	
 	
keerthana	 anburaj	 	
salesforce	 administrator	 / developer	 – 3+ years	 of experience	 	
 
2/452	-1, sivan	 kovil	 street,	 maruthampatinam,	 thiruvarur,	 tamilnadu	 – 610001 	
email: 	keerthanaanburaj4@gmail.com	 	
mobile	 no:	 9360018354	 	
 
education:	 	
 
bachelor	 of computer	 application	 from	 e.g.s.	 pillay	 arts	 and	 science	 college,	 nagapattinam. 	
percentage: 85%	 	
 
 
 
summary	 	
 
salesforce	 administrator	 / developer with	 over 3	+ years	 of experience	 in customizing, and	 deploying	 	
salesforce	 solutions	 across	 sales	 cloud,	 service	 cloud,	 and	 experience	 cloud	 environments.	 skilled 	
in apex, basic lightning web components (lwc), and flow to create efficient, user	-friendly 	
applications.	 	
experienced in data management, and building 	reports and dashboards. known for a proactive 	
approach to problem	-solving and a commitment to continuous learning, with a track record of 	
successfully	 collaborating	 with	 cross	-functional	 teams	 to meet	 business	 goals	 and	 optimize	 salesforce 	
functionality.	 	
 
highlights	 	
 	
● 	over	 3 years	 of experience	 in salesforce	 development,	 specializing	 in sales	 cloud,	 service 	
cloud, and experience cloud.	 	
● 	experienced	 in workflows, process builder, approval	 process, flows, triggers, apex classes, 	
and basic lightning web 	components.	 	
● 	skilled	 in working	 under	 pressure	 and	 adapting	 to new	 situations	 and	 challenges	 to best 	
enhance the organizational brand.	 	
● 	complex problem	-solver with analytical and driven mindset. dedicated to achieving 	
demanding	 development	 objectives	 accordi	ng	 to tight	 schedules	 while	 producing	 impeccable 	
code.	 	
● 	technical	 expertise	 in software	 development	 lifecycle	 stages	 like	 requirements	 gathering, 	
analysis, design, development, deployment and documentation.	 	
● 	good	 knowledge	 of soql	 and	 sosl	 query	 languages.	 good	 knowledge	 of email	 services. 	
experienced in using g
==============================
2026-08-19 09:30:13 | EXPERIENCE_DETAILS
Array
(
    [jobs] => Array
        (
            [0] => Array
                (
                    [from] => april	 2022
                    [to] => present
                    [years] => 4
                    [months] => 5
                    [role] => � 	Current	 Employer:	 Vcollab	 Etiquette
                    [company] => � 	Employment	 Tenure:
                )

        )

    [total] => 4 Years 5 Months
)

==============================
2026-08-19 09:30:13 | Email
keerthanaanburaj4@gmail.com
==============================
2026-08-19 09:30:13 | Name
Keerthana Anburaj
==============================
2026-08-19 09:30:13 | Mobile
9360018354
==============================
2026-08-19 09:30:13 | ExperienceYears
3
==============================
2026-08-19 09:30:13 | RECOMMENDATION_ANALYSIS
Array
(
    [matchedSkillsCount] => 1
    [requiredSkillsCount] => 6
    [candidateExp] => 3
    [minExpRequired] => 1
    [eduMatch] => 
    [domainStatus] => MATCHED
    [candidateDomain] => Software & IT
    [jobDomain] => Software & IT
)

==============================
2026-08-19 09:30:13 | RECOMMENDATION
Potential Match
==============================
2026-08-19 09:30:13 | RECOMMENDATION_REASON
The candidate has a relevant background for executive, but specific requirements need verification during screening. Skill(s) like Node.js, Mongodb, Rest Api were not clearly identified in the resume text. Recruiter review and phone screening are recommended.
==============================
2026-08-19 09:30:31 | START
Array
(
    [resumePath] => d:/xampp/htdocs/REC/atscheck/modal/CAND30_20260819125639146.pdf
    [vacancyId] => 30
    [jobTitle] => Salesforce Developer
)

==============================
2026-08-19 09:30:32 | PDF_EXTRACT_SUCCESS
+	
 	
Keerthana	 Anburaj	 	
Salesforce	 Administrator	 / Developer	 – 3+ Years	 of Experience	 	
 
2/452	-1, Sivan	 kovil	 street,	 Maruthampatinam,	 Thiruvarur,	 Tamilnadu	 – 610001 	
Email: 	keerthanaanburaj4@gmail.com	 	
Mobile	 No:	 9360018354	 	
 
EDUCATION:	 	
 
Bachelor	 of Computer	 Application	 from	 E.G.S.	 Pillay	 Arts	 and	 Science	 College,	 Nagapattinam. 	
Percentage: 85%	 	
 
 
 
SUMMARY	 	
 
Salesforce	 Administrator	 / Developer with	 over 3	+ years	 of experience	 in customizing, and	 deploying	 	
Salesforce	 solutions	 across	 Sales	 Cloud,	 Service	 Cloud,	 and	 Experience	 Cloud	 environments.	 Skilled 	
in Apex, Basic Lightning Web Components (LWC), and Flow to create efficient, user	-friendly 	
applications.	 	
Experienced in data management, and building 	reports and dashboards. Known for a proactive 	
approach to problem	-solving and a commitment to continuous learning, with a track record of 	
successfully	 collaborating	 with	 cross	-functional	 teams	 to
==============================
2026-08-19 09:30:32 | RAW_RESUME_TEXT
+	
 	
keerthana	 anburaj	 	
salesforce	 administrator	 / developer	 – 3+ years	 of experience	 	
 
2/452	-1, sivan	 kovil	 street,	 maruthampatinam,	 thiruvarur,	 tamilnadu	 – 610001 	
email: 	keerthanaanburaj4@gmail.com	 	
mobile	 no:	 9360018354	 	
 
education:	 	
 
bachelor	 of computer	 application	 from	 e.g.s.	 pillay	 arts	 and	 science	 college,	 nagapattinam. 	
percentage: 85%	 	
 
 
 
summary	 	
 
salesforce	 administrator	 / developer with	 over 3	+ years	 of experience	 in customizing, and	 deploying	 	
salesforce	 solutions	 across	 sales	 cloud,	 service	 cloud,	 and	 experience	 cloud	 environments.	 skilled 	
in apex, basic lightning web components (lwc), and flow to create efficient, user	-friendly 	
applications.	 	
experienced in data management, and building 	reports and dashboards. known for a proactive 	
approach to problem	-solving and a commitment to continuous learning, with a track record of 	
successfully	 collaborating	 with	 cross	-functional	 teams	 to meet	 business	 goals	 and	 optimize	 salesforce 	
functionality.	 	
 
highlights	 	
 	
● 	over	 3 years	 of experience	 in salesforce	 development,	 specializing	 in sales	 cloud,	 service 	
cloud, and experience cloud.	 	
● 	experienced	 in workflows, process builder, approval	 process, flows, triggers, apex classes, 	
and basic lightning web 	components.	 	
● 	skilled	 in working	 under	 pressure	 and	 adapting	 to new	 situations	 and	 challenges	 to best 	
enhance the organizational brand.	 	
● 	complex problem	-solver with analytical and driven mindset. dedicated to achieving 	
demanding	 development	 objectives	 accordi	ng	 to tight	 schedules	 while	 producing	 impeccable 	
code.	 	
● 	technical	 expertise	 in software	 development	 lifecycle	 stages	 like	 requirements	 gathering, 	
analysis, design, development, deployment and documentation.	 	
● 	good	 knowledge	 of soql	 and	 sosl	 query	 languages.	 good	 knowledge	 of email	 services. 	
experienced in using g
==============================
2026-08-19 09:30:32 | EXPERIENCE_DETAILS
Array
(
    [jobs] => Array
        (
            [0] => Array
                (
                    [from] => april	 2022
                    [to] => present
                    [years] => 4
                    [months] => 5
                    [role] => � 	Current	 Employer:	 Vcollab	 Etiquette
                    [company] => � 	Employment	 Tenure:
                )

        )

    [total] => 4 Years 5 Months
)

==============================
2026-08-19 09:30:32 | Email
keerthanaanburaj4@gmail.com
==============================
2026-08-19 09:30:32 | Name
Keerthana Anburaj
==============================
2026-08-19 09:30:32 | Mobile
9360018354
==============================
2026-08-19 09:30:32 | ExperienceYears
3
==============================
2026-08-19 09:30:32 | RECOMMENDATION_ANALYSIS
Array
(
    [matchedSkillsCount] => 0
    [requiredSkillsCount] => 0
    [candidateExp] => 3
    [minExpRequired] => 0
    [eduMatch] => 1
    [domainStatus] => MATCHED
    [candidateDomain] => Software & IT
    [jobDomain] => Software & IT
)

==============================
2026-08-19 09:30:32 | RECOMMENDATION
Strong Match
==============================
2026-08-19 09:30:32 | RECOMMENDATION_REASON
The candidate's profile aligns well with the requirements of Salesforce Developer. They possess 3 years of relevant experience. Their background provides concrete evidence for strong candidate suitability.
==============================
2026-08-19 09:31:06 | START
Array
(
    [resumePath] => d:/xampp/htdocs/REC/atscheck/modal/CAND30_20260819125639146.pdf
    [vacancyId] => 30
    [jobTitle] => executive
)

==============================
2026-08-19 09:31:06 | PDF_EXTRACT_SUCCESS
+	
 	
Keerthana	 Anburaj	 	
Salesforce	 Administrator	 / Developer	 – 3+ Years	 of Experience	 	
 
2/452	-1, Sivan	 kovil	 street,	 Maruthampatinam,	 Thiruvarur,	 Tamilnadu	 – 610001 	
Email: 	keerthanaanburaj4@gmail.com	 	
Mobile	 No:	 9360018354	 	
 
EDUCATION:	 	
 
Bachelor	 of Computer	 Application	 from	 E.G.S.	 Pillay	 Arts	 and	 Science	 College,	 Nagapattinam. 	
Percentage: 85%	 	
 
 
 
SUMMARY	 	
 
Salesforce	 Administrator	 / Developer with	 over 3	+ years	 of experience	 in customizing, and	 deploying	 	
Salesforce	 solutions	 across	 Sales	 Cloud,	 Service	 Cloud,	 and	 Experience	 Cloud	 environments.	 Skilled 	
in Apex, Basic Lightning Web Components (LWC), and Flow to create efficient, user	-friendly 	
applications.	 	
Experienced in data management, and building 	reports and dashboards. Known for a proactive 	
approach to problem	-solving and a commitment to continuous learning, with a track record of 	
successfully	 collaborating	 with	 cross	-functional	 teams	 to
==============================
2026-08-19 09:31:06 | RAW_RESUME_TEXT
+	
 	
keerthana	 anburaj	 	
salesforce	 administrator	 / developer	 – 3+ years	 of experience	 	
 
2/452	-1, sivan	 kovil	 street,	 maruthampatinam,	 thiruvarur,	 tamilnadu	 – 610001 	
email: 	keerthanaanburaj4@gmail.com	 	
mobile	 no:	 9360018354	 	
 
education:	 	
 
bachelor	 of computer	 application	 from	 e.g.s.	 pillay	 arts	 and	 science	 college,	 nagapattinam. 	
percentage: 85%	 	
 
 
 
summary	 	
 
salesforce	 administrator	 / developer with	 over 3	+ years	 of experience	 in customizing, and	 deploying	 	
salesforce	 solutions	 across	 sales	 cloud,	 service	 cloud,	 and	 experience	 cloud	 environments.	 skilled 	
in apex, basic lightning web components (lwc), and flow to create efficient, user	-friendly 	
applications.	 	
experienced in data management, and building 	reports and dashboards. known for a proactive 	
approach to problem	-solving and a commitment to continuous learning, with a track record of 	
successfully	 collaborating	 with	 cross	-functional	 teams	 to meet	 business	 goals	 and	 optimize	 salesforce 	
functionality.	 	
 
highlights	 	
 	
● 	over	 3 years	 of experience	 in salesforce	 development,	 specializing	 in sales	 cloud,	 service 	
cloud, and experience cloud.	 	
● 	experienced	 in workflows, process builder, approval	 process, flows, triggers, apex classes, 	
and basic lightning web 	components.	 	
● 	skilled	 in working	 under	 pressure	 and	 adapting	 to new	 situations	 and	 challenges	 to best 	
enhance the organizational brand.	 	
● 	complex problem	-solver with analytical and driven mindset. dedicated to achieving 	
demanding	 development	 objectives	 accordi	ng	 to tight	 schedules	 while	 producing	 impeccable 	
code.	 	
● 	technical	 expertise	 in software	 development	 lifecycle	 stages	 like	 requirements	 gathering, 	
analysis, design, development, deployment and documentation.	 	
● 	good	 knowledge	 of soql	 and	 sosl	 query	 languages.	 good	 knowledge	 of email	 services. 	
experienced in using g
==============================
2026-08-19 09:31:06 | EXPERIENCE_DETAILS
Array
(
    [jobs] => Array
        (
            [0] => Array
                (
                    [from] => april	 2022
                    [to] => present
                    [years] => 4
                    [months] => 5
                    [role] => Current Employer: Vcollab Etiquette
                    [company] => Employment Tenure:
                )

        )

    [total] => 4 Years 5 Months
)

==============================
2026-08-19 09:31:06 | Email
keerthanaanburaj4@gmail.com
==============================
2026-08-19 09:31:06 | Name
Keerthana Anburaj
==============================
2026-08-19 09:31:06 | Mobile
9360018354
==============================
2026-08-19 09:31:06 | ExperienceYears
3
==============================
2026-08-19 09:31:06 | RECOMMENDATION_ANALYSIS
Array
(
    [matchedSkillsCount] => 1
    [requiredSkillsCount] => 6
    [candidateExp] => 3
    [minExpRequired] => 1
    [eduMatch] => 
    [domainStatus] => MATCHED
    [candidateDomain] => Software & IT
    [jobDomain] => Software & IT
)

==============================
2026-08-19 09:31:06 | RECOMMENDATION
Potential Match
==============================
2026-08-19 09:31:06 | RECOMMENDATION_REASON
The candidate has a relevant background for executive, but specific requirements need verification during screening. Skill(s) like Node.js, Mongodb, Rest Api were not clearly identified in the resume text. Recruiter review and phone screening are recommended.
==============================
2026-08-19 09:31:12 | START
Array
(
    [resumePath] => d:/xampp/htdocs/REC/atscheck/modal/CAND30_20260819125639146.pdf
    [vacancyId] => 30
    [jobTitle] => Salesforce Developer
)

==============================
2026-08-19 09:31:13 | PDF_EXTRACT_SUCCESS
+	
 	
Keerthana	 Anburaj	 	
Salesforce	 Administrator	 / Developer	 – 3+ Years	 of Experience	 	
 
2/452	-1, Sivan	 kovil	 street,	 Maruthampatinam,	 Thiruvarur,	 Tamilnadu	 – 610001 	
Email: 	keerthanaanburaj4@gmail.com	 	
Mobile	 No:	 9360018354	 	
 
EDUCATION:	 	
 
Bachelor	 of Computer	 Application	 from	 E.G.S.	 Pillay	 Arts	 and	 Science	 College,	 Nagapattinam. 	
Percentage: 85%	 	
 
 
 
SUMMARY	 	
 
Salesforce	 Administrator	 / Developer with	 over 3	+ years	 of experience	 in customizing, and	 deploying	 	
Salesforce	 solutions	 across	 Sales	 Cloud,	 Service	 Cloud,	 and	 Experience	 Cloud	 environments.	 Skilled 	
in Apex, Basic Lightning Web Components (LWC), and Flow to create efficient, user	-friendly 	
applications.	 	
Experienced in data management, and building 	reports and dashboards. Known for a proactive 	
approach to problem	-solving and a commitment to continuous learning, with a track record of 	
successfully	 collaborating	 with	 cross	-functional	 teams	 to
==============================
2026-08-19 09:31:13 | RAW_RESUME_TEXT
+	
 	
keerthana	 anburaj	 	
salesforce	 administrator	 / developer	 – 3+ years	 of experience	 	
 
2/452	-1, sivan	 kovil	 street,	 maruthampatinam,	 thiruvarur,	 tamilnadu	 – 610001 	
email: 	keerthanaanburaj4@gmail.com	 	
mobile	 no:	 9360018354	 	
 
education:	 	
 
bachelor	 of computer	 application	 from	 e.g.s.	 pillay	 arts	 and	 science	 college,	 nagapattinam. 	
percentage: 85%	 	
 
 
 
summary	 	
 
salesforce	 administrator	 / developer with	 over 3	+ years	 of experience	 in customizing, and	 deploying	 	
salesforce	 solutions	 across	 sales	 cloud,	 service	 cloud,	 and	 experience	 cloud	 environments.	 skilled 	
in apex, basic lightning web components (lwc), and flow to create efficient, user	-friendly 	
applications.	 	
experienced in data management, and building 	reports and dashboards. known for a proactive 	
approach to problem	-solving and a commitment to continuous learning, with a track record of 	
successfully	 collaborating	 with	 cross	-functional	 teams	 to meet	 business	 goals	 and	 optimize	 salesforce 	
functionality.	 	
 
highlights	 	
 	
● 	over	 3 years	 of experience	 in salesforce	 development,	 specializing	 in sales	 cloud,	 service 	
cloud, and experience cloud.	 	
● 	experienced	 in workflows, process builder, approval	 process, flows, triggers, apex classes, 	
and basic lightning web 	components.	 	
● 	skilled	 in working	 under	 pressure	 and	 adapting	 to new	 situations	 and	 challenges	 to best 	
enhance the organizational brand.	 	
● 	complex problem	-solver with analytical and driven mindset. dedicated to achieving 	
demanding	 development	 objectives	 accordi	ng	 to tight	 schedules	 while	 producing	 impeccable 	
code.	 	
● 	technical	 expertise	 in software	 development	 lifecycle	 stages	 like	 requirements	 gathering, 	
analysis, design, development, deployment and documentation.	 	
● 	good	 knowledge	 of soql	 and	 sosl	 query	 languages.	 good	 knowledge	 of email	 services. 	
experienced in using g
==============================
2026-08-19 09:31:13 | EXPERIENCE_DETAILS
Array
(
    [jobs] => Array
        (
            [0] => Array
                (
                    [from] => april	 2022
                    [to] => present
                    [years] => 4
                    [months] => 5
                    [role] => Current Employer: Vcollab Etiquette
                    [company] => Employment Tenure:
                )

        )

    [total] => 4 Years 5 Months
)

==============================
2026-08-19 09:31:13 | Email
keerthanaanburaj4@gmail.com
==============================
2026-08-19 09:31:13 | Name
Keerthana Anburaj
==============================
2026-08-19 09:31:13 | Mobile
9360018354
==============================
2026-08-19 09:31:13 | ExperienceYears
3
==============================
2026-08-19 09:31:13 | RECOMMENDATION_ANALYSIS
Array
(
    [matchedSkillsCount] => 0
    [requiredSkillsCount] => 0
    [candidateExp] => 3
    [minExpRequired] => 0
    [eduMatch] => 1
    [domainStatus] => MATCHED
    [candidateDomain] => Software & IT
    [jobDomain] => Software & IT
)

==============================
2026-08-19 09:31:13 | RECOMMENDATION
Strong Match
==============================
2026-08-19 09:31:13 | RECOMMENDATION_REASON
The candidate's profile aligns well with the requirements of Salesforce Developer. They possess 3 years of relevant experience. Their background provides concrete evidence for strong candidate suitability.
==============================
2026-08-19 09:31:40 | START
Array
(
    [resumePath] => d:/xampp/htdocs/REC/atscheck/modal/CAND30_20260819125639146.pdf
    [vacancyId] => 30
    [jobTitle] => executive
)

==============================
2026-08-19 09:31:40 | PDF_EXTRACT_SUCCESS
+	
 	
Keerthana	 Anburaj	 	
Salesforce	 Administrator	 / Developer	 – 3+ Years	 of Experience	 	
 
2/452	-1, Sivan	 kovil	 street,	 Maruthampatinam,	 Thiruvarur,	 Tamilnadu	 – 610001 	
Email: 	keerthanaanburaj4@gmail.com	 	
Mobile	 No:	 9360018354	 	
 
EDUCATION:	 	
 
Bachelor	 of Computer	 Application	 from	 E.G.S.	 Pillay	 Arts	 and	 Science	 College,	 Nagapattinam. 	
Percentage: 85%	 	
 
 
 
SUMMARY	 	
 
Salesforce	 Administrator	 / Developer with	 over 3	+ years	 of experience	 in customizing, and	 deploying	 	
Salesforce	 solutions	 across	 Sales	 Cloud,	 Service	 Cloud,	 and	 Experience	 Cloud	 environments.	 Skilled 	
in Apex, Basic Lightning Web Components (LWC), and Flow to create efficient, user	-friendly 	
applications.	 	
Experienced in data management, and building 	reports and dashboards. Known for a proactive 	
approach to problem	-solving and a commitment to continuous learning, with a track record of 	
successfully	 collaborating	 with	 cross	-functional	 teams	 to
==============================
2026-08-19 09:31:40 | RAW_RESUME_TEXT
+	
 	
keerthana	 anburaj	 	
salesforce	 administrator	 / developer	 – 3+ years	 of experience	 	
 
2/452	-1, sivan	 kovil	 street,	 maruthampatinam,	 thiruvarur,	 tamilnadu	 – 610001 	
email: 	keerthanaanburaj4@gmail.com	 	
mobile	 no:	 9360018354	 	
 
education:	 	
 
bachelor	 of computer	 application	 from	 e.g.s.	 pillay	 arts	 and	 science	 college,	 nagapattinam. 	
percentage: 85%	 	
 
 
 
summary	 	
 
salesforce	 administrator	 / developer with	 over 3	+ years	 of experience	 in customizing, and	 deploying	 	
salesforce	 solutions	 across	 sales	 cloud,	 service	 cloud,	 and	 experience	 cloud	 environments.	 skilled 	
in apex, basic lightning web components (lwc), and flow to create efficient, user	-friendly 	
applications.	 	
experienced in data management, and building 	reports and dashboards. known for a proactive 	
approach to problem	-solving and a commitment to continuous learning, with a track record of 	
successfully	 collaborating	 with	 cross	-functional	 teams	 to meet	 business	 goals	 and	 optimize	 salesforce 	
functionality.	 	
 
highlights	 	
 	
● 	over	 3 years	 of experience	 in salesforce	 development,	 specializing	 in sales	 cloud,	 service 	
cloud, and experience cloud.	 	
● 	experienced	 in workflows, process builder, approval	 process, flows, triggers, apex classes, 	
and basic lightning web 	components.	 	
● 	skilled	 in working	 under	 pressure	 and	 adapting	 to new	 situations	 and	 challenges	 to best 	
enhance the organizational brand.	 	
● 	complex problem	-solver with analytical and driven mindset. dedicated to achieving 	
demanding	 development	 objectives	 accordi	ng	 to tight	 schedules	 while	 producing	 impeccable 	
code.	 	
● 	technical	 expertise	 in software	 development	 lifecycle	 stages	 like	 requirements	 gathering, 	
analysis, design, development, deployment and documentation.	 	
● 	good	 knowledge	 of soql	 and	 sosl	 query	 languages.	 good	 knowledge	 of email	 services. 	
experienced in using g
==============================
2026-08-19 09:31:40 | EXPERIENCE_DETAILS
Array
(
    [jobs] => Array
        (
            [0] => Array
                (
                    [from] => april	 2022
                    [to] => present
                    [years] => 4
                    [months] => 5
                    [role] => Salesforce Developer / Associate Software Analyst
                    [company] => Employment Tenure:
                )

        )

    [total] => 4 Years 5 Months
)

==============================
2026-08-19 09:31:40 | Email
keerthanaanburaj4@gmail.com
==============================
2026-08-19 09:31:40 | Name
Keerthana Anburaj
==============================
2026-08-19 09:31:40 | Mobile
9360018354
==============================
2026-08-19 09:31:40 | ExperienceYears
3
==============================
2026-08-19 09:31:41 | RECOMMENDATION_ANALYSIS
Array
(
    [matchedSkillsCount] => 1
    [requiredSkillsCount] => 6
    [candidateExp] => 3
    [minExpRequired] => 1
    [eduMatch] => 
    [domainStatus] => MATCHED
    [candidateDomain] => Software & IT
    [jobDomain] => Software & IT
)

==============================
2026-08-19 09:31:41 | RECOMMENDATION
Potential Match
==============================
2026-08-19 09:31:41 | RECOMMENDATION_REASON
The candidate has a relevant background for executive, but specific requirements need verification during screening. Skill(s) like Node.js, Mongodb, Rest Api were not clearly identified in the resume text. Recruiter review and phone screening are recommended.
==============================
2026-08-19 09:31:48 | START
Array
(
    [resumePath] => d:/xampp/htdocs/REC/atscheck/modal/CAND30_20260819125639146.pdf
    [vacancyId] => 30
    [jobTitle] => Salesforce Developer
)

==============================
2026-08-19 09:31:48 | PDF_EXTRACT_SUCCESS
+	
 	
Keerthana	 Anburaj	 	
Salesforce	 Administrator	 / Developer	 – 3+ Years	 of Experience	 	
 
2/452	-1, Sivan	 kovil	 street,	 Maruthampatinam,	 Thiruvarur,	 Tamilnadu	 – 610001 	
Email: 	keerthanaanburaj4@gmail.com	 	
Mobile	 No:	 9360018354	 	
 
EDUCATION:	 	
 
Bachelor	 of Computer	 Application	 from	 E.G.S.	 Pillay	 Arts	 and	 Science	 College,	 Nagapattinam. 	
Percentage: 85%	 	
 
 
 
SUMMARY	 	
 
Salesforce	 Administrator	 / Developer with	 over 3	+ years	 of experience	 in customizing, and	 deploying	 	
Salesforce	 solutions	 across	 Sales	 Cloud,	 Service	 Cloud,	 and	 Experience	 Cloud	 environments.	 Skilled 	
in Apex, Basic Lightning Web Components (LWC), and Flow to create efficient, user	-friendly 	
applications.	 	
Experienced in data management, and building 	reports and dashboards. Known for a proactive 	
approach to problem	-solving and a commitment to continuous learning, with a track record of 	
successfully	 collaborating	 with	 cross	-functional	 teams	 to
==============================
2026-08-19 09:31:48 | RAW_RESUME_TEXT
+	
 	
keerthana	 anburaj	 	
salesforce	 administrator	 / developer	 – 3+ years	 of experience	 	
 
2/452	-1, sivan	 kovil	 street,	 maruthampatinam,	 thiruvarur,	 tamilnadu	 – 610001 	
email: 	keerthanaanburaj4@gmail.com	 	
mobile	 no:	 9360018354	 	
 
education:	 	
 
bachelor	 of computer	 application	 from	 e.g.s.	 pillay	 arts	 and	 science	 college,	 nagapattinam. 	
percentage: 85%	 	
 
 
 
summary	 	
 
salesforce	 administrator	 / developer with	 over 3	+ years	 of experience	 in customizing, and	 deploying	 	
salesforce	 solutions	 across	 sales	 cloud,	 service	 cloud,	 and	 experience	 cloud	 environments.	 skilled 	
in apex, basic lightning web components (lwc), and flow to create efficient, user	-friendly 	
applications.	 	
experienced in data management, and building 	reports and dashboards. known for a proactive 	
approach to problem	-solving and a commitment to continuous learning, with a track record of 	
successfully	 collaborating	 with	 cross	-functional	 teams	 to meet	 business	 goals	 and	 optimize	 salesforce 	
functionality.	 	
 
highlights	 	
 	
● 	over	 3 years	 of experience	 in salesforce	 development,	 specializing	 in sales	 cloud,	 service 	
cloud, and experience cloud.	 	
● 	experienced	 in workflows, process builder, approval	 process, flows, triggers, apex classes, 	
and basic lightning web 	components.	 	
● 	skilled	 in working	 under	 pressure	 and	 adapting	 to new	 situations	 and	 challenges	 to best 	
enhance the organizational brand.	 	
● 	complex problem	-solver with analytical and driven mindset. dedicated to achieving 	
demanding	 development	 objectives	 accordi	ng	 to tight	 schedules	 while	 producing	 impeccable 	
code.	 	
● 	technical	 expertise	 in software	 development	 lifecycle	 stages	 like	 requirements	 gathering, 	
analysis, design, development, deployment and documentation.	 	
● 	good	 knowledge	 of soql	 and	 sosl	 query	 languages.	 good	 knowledge	 of email	 services. 	
experienced in using g
==============================
2026-08-19 09:31:48 | EXPERIENCE_DETAILS
Array
(
    [jobs] => Array
        (
            [0] => Array
                (
                    [from] => april	 2022
                    [to] => present
                    [years] => 4
                    [months] => 5
                    [role] => Salesforce Developer / Associate Software Analyst
                    [company] => Employment Tenure:
                )

        )

    [total] => 4 Years 5 Months
)

==============================
2026-08-19 09:31:48 | Email
keerthanaanburaj4@gmail.com
==============================
2026-08-19 09:31:48 | Name
Keerthana Anburaj
==============================
2026-08-19 09:31:48 | Mobile
9360018354
==============================
2026-08-19 09:31:48 | ExperienceYears
3
==============================
2026-08-19 09:31:48 | RECOMMENDATION_ANALYSIS
Array
(
    [matchedSkillsCount] => 0
    [requiredSkillsCount] => 0
    [candidateExp] => 3
    [minExpRequired] => 0
    [eduMatch] => 1
    [domainStatus] => MATCHED
    [candidateDomain] => Software & IT
    [jobDomain] => Software & IT
)

==============================
2026-08-19 09:31:48 | RECOMMENDATION
Strong Match
==============================
2026-08-19 09:31:48 | RECOMMENDATION_REASON
The candidate's profile aligns well with the requirements of Salesforce Developer. They possess 3 years of relevant experience. Their background provides concrete evidence for strong candidate suitability.
==============================
2026-08-19 09:32:04 | START
Array
(
    [resumePath] => d:/xampp/htdocs/REC/atscheck/modal/CAND30_20260819125639146.pdf
    [vacancyId] => 30
    [jobTitle] => Salesforce Developer
)

==============================
2026-08-19 09:32:04 | PDF_EXTRACT_SUCCESS
+	
 	
Keerthana	 Anburaj	 	
Salesforce	 Administrator	 / Developer	 – 3+ Years	 of Experience	 	
 
2/452	-1, Sivan	 kovil	 street,	 Maruthampatinam,	 Thiruvarur,	 Tamilnadu	 – 610001 	
Email: 	keerthanaanburaj4@gmail.com	 	
Mobile	 No:	 9360018354	 	
 
EDUCATION:	 	
 
Bachelor	 of Computer	 Application	 from	 E.G.S.	 Pillay	 Arts	 and	 Science	 College,	 Nagapattinam. 	
Percentage: 85%	 	
 
 
 
SUMMARY	 	
 
Salesforce	 Administrator	 / Developer with	 over 3	+ years	 of experience	 in customizing, and	 deploying	 	
Salesforce	 solutions	 across	 Sales	 Cloud,	 Service	 Cloud,	 and	 Experience	 Cloud	 environments.	 Skilled 	
in Apex, Basic Lightning Web Components (LWC), and Flow to create efficient, user	-friendly 	
applications.	 	
Experienced in data management, and building 	reports and dashboards. Known for a proactive 	
approach to problem	-solving and a commitment to continuous learning, with a track record of 	
successfully	 collaborating	 with	 cross	-functional	 teams	 to
==============================
2026-08-19 09:32:04 | RAW_RESUME_TEXT
+	
 	
keerthana	 anburaj	 	
salesforce	 administrator	 / developer	 – 3+ years	 of experience	 	
 
2/452	-1, sivan	 kovil	 street,	 maruthampatinam,	 thiruvarur,	 tamilnadu	 – 610001 	
email: 	keerthanaanburaj4@gmail.com	 	
mobile	 no:	 9360018354	 	
 
education:	 	
 
bachelor	 of computer	 application	 from	 e.g.s.	 pillay	 arts	 and	 science	 college,	 nagapattinam. 	
percentage: 85%	 	
 
 
 
summary	 	
 
salesforce	 administrator	 / developer with	 over 3	+ years	 of experience	 in customizing, and	 deploying	 	
salesforce	 solutions	 across	 sales	 cloud,	 service	 cloud,	 and	 experience	 cloud	 environments.	 skilled 	
in apex, basic lightning web components (lwc), and flow to create efficient, user	-friendly 	
applications.	 	
experienced in data management, and building 	reports and dashboards. known for a proactive 	
approach to problem	-solving and a commitment to continuous learning, with a track record of 	
successfully	 collaborating	 with	 cross	-functional	 teams	 to meet	 business	 goals	 and	 optimize	 salesforce 	
functionality.	 	
 
highlights	 	
 	
● 	over	 3 years	 of experience	 in salesforce	 development,	 specializing	 in sales	 cloud,	 service 	
cloud, and experience cloud.	 	
● 	experienced	 in workflows, process builder, approval	 process, flows, triggers, apex classes, 	
and basic lightning web 	components.	 	
● 	skilled	 in working	 under	 pressure	 and	 adapting	 to new	 situations	 and	 challenges	 to best 	
enhance the organizational brand.	 	
● 	complex problem	-solver with analytical and driven mindset. dedicated to achieving 	
demanding	 development	 objectives	 accordi	ng	 to tight	 schedules	 while	 producing	 impeccable 	
code.	 	
● 	technical	 expertise	 in software	 development	 lifecycle	 stages	 like	 requirements	 gathering, 	
analysis, design, development, deployment and documentation.	 	
● 	good	 knowledge	 of soql	 and	 sosl	 query	 languages.	 good	 knowledge	 of email	 services. 	
experienced in using g
==============================
2026-08-19 09:32:04 | EXPERIENCE_DETAILS
Array
(
    [jobs] => Array
        (
            [0] => Array
                (
                    [from] => april	 2022
                    [to] => present
                    [years] => 4
                    [months] => 5
                    [role] => Salesforce Developer / Associate Software Analyst
                    [company] => Employment Tenure:
                )

        )

    [total] => 4 Years 5 Months
)

==============================
2026-08-19 09:32:04 | Email
keerthanaanburaj4@gmail.com
==============================
2026-08-19 09:32:04 | Name
Keerthana Anburaj
==============================
2026-08-19 09:32:04 | Mobile
9360018354
==============================
2026-08-19 09:32:04 | ExperienceYears
3
==============================
2026-08-19 09:32:04 | RECOMMENDATION_ANALYSIS
Array
(
    [matchedSkillsCount] => 0
    [requiredSkillsCount] => 0
    [candidateExp] => 3
    [minExpRequired] => 0
    [eduMatch] => 1
    [domainStatus] => MATCHED
    [candidateDomain] => Software & IT
    [jobDomain] => Software & IT
)

==============================
2026-08-19 09:32:04 | RECOMMENDATION
Strong Match
==============================
2026-08-19 09:32:04 | RECOMMENDATION_REASON
The candidate's profile aligns well with the requirements of Salesforce Developer. They possess 3 years of relevant experience. Their background provides concrete evidence for strong candidate suitability.
==============================
2026-08-19 09:32:21 | START
Array
(
    [resumePath] => d:/xampp/htdocs/REC/atscheck/modal/CAND30_20260819125639146.pdf
    [vacancyId] => 30
    [jobTitle] => executive
)

==============================
2026-08-19 09:32:21 | PDF_EXTRACT_SUCCESS
+	
 	
Keerthana	 Anburaj	 	
Salesforce	 Administrator	 / Developer	 – 3+ Years	 of Experience	 	
 
2/452	-1, Sivan	 kovil	 street,	 Maruthampatinam,	 Thiruvarur,	 Tamilnadu	 – 610001 	
Email: 	keerthanaanburaj4@gmail.com	 	
Mobile	 No:	 9360018354	 	
 
EDUCATION:	 	
 
Bachelor	 of Computer	 Application	 from	 E.G.S.	 Pillay	 Arts	 and	 Science	 College,	 Nagapattinam. 	
Percentage: 85%	 	
 
 
 
SUMMARY	 	
 
Salesforce	 Administrator	 / Developer with	 over 3	+ years	 of experience	 in customizing, and	 deploying	 	
Salesforce	 solutions	 across	 Sales	 Cloud,	 Service	 Cloud,	 and	 Experience	 Cloud	 environments.	 Skilled 	
in Apex, Basic Lightning Web Components (LWC), and Flow to create efficient, user	-friendly 	
applications.	 	
Experienced in data management, and building 	reports and dashboards. Known for a proactive 	
approach to problem	-solving and a commitment to continuous learning, with a track record of 	
successfully	 collaborating	 with	 cross	-functional	 teams	 to
==============================
2026-08-19 09:32:21 | RAW_RESUME_TEXT
+	
 	
keerthana	 anburaj	 	
salesforce	 administrator	 / developer	 – 3+ years	 of experience	 	
 
2/452	-1, sivan	 kovil	 street,	 maruthampatinam,	 thiruvarur,	 tamilnadu	 – 610001 	
email: 	keerthanaanburaj4@gmail.com	 	
mobile	 no:	 9360018354	 	
 
education:	 	
 
bachelor	 of computer	 application	 from	 e.g.s.	 pillay	 arts	 and	 science	 college,	 nagapattinam. 	
percentage: 85%	 	
 
 
 
summary	 	
 
salesforce	 administrator	 / developer with	 over 3	+ years	 of experience	 in customizing, and	 deploying	 	
salesforce	 solutions	 across	 sales	 cloud,	 service	 cloud,	 and	 experience	 cloud	 environments.	 skilled 	
in apex, basic lightning web components (lwc), and flow to create efficient, user	-friendly 	
applications.	 	
experienced in data management, and building 	reports and dashboards. known for a proactive 	
approach to problem	-solving and a commitment to continuous learning, with a track record of 	
successfully	 collaborating	 with	 cross	-functional	 teams	 to meet	 business	 goals	 and	 optimize	 salesforce 	
functionality.	 	
 
highlights	 	
 	
● 	over	 3 years	 of experience	 in salesforce	 development,	 specializing	 in sales	 cloud,	 service 	
cloud, and experience cloud.	 	
● 	experienced	 in workflows, process builder, approval	 process, flows, triggers, apex classes, 	
and basic lightning web 	components.	 	
● 	skilled	 in working	 under	 pressure	 and	 adapting	 to new	 situations	 and	 challenges	 to best 	
enhance the organizational brand.	 	
● 	complex problem	-solver with analytical and driven mindset. dedicated to achieving 	
demanding	 development	 objectives	 accordi	ng	 to tight	 schedules	 while	 producing	 impeccable 	
code.	 	
● 	technical	 expertise	 in software	 development	 lifecycle	 stages	 like	 requirements	 gathering, 	
analysis, design, development, deployment and documentation.	 	
● 	good	 knowledge	 of soql	 and	 sosl	 query	 languages.	 good	 knowledge	 of email	 services. 	
experienced in using g
==============================
2026-08-19 09:32:21 | EXPERIENCE_DETAILS
Array
(
    [jobs] => Array
        (
            [0] => Array
                (
                    [from] => april	 2022
                    [to] => present
                    [years] => 4
                    [months] => 5
                    [role] => Salesforce Developer / Associate Software Analyst
                    [company] => Vcollab	 Etiquette
                )

        )

    [total] => 4 Years 5 Months
)

==============================
2026-08-19 09:32:21 | Email
keerthanaanburaj4@gmail.com
==============================
2026-08-19 09:32:21 | Name
Keerthana Anburaj
==============================
2026-08-19 09:32:21 | Mobile
9360018354
==============================
2026-08-19 09:32:21 | ExperienceYears
3
==============================
2026-08-19 09:32:21 | RECOMMENDATION_ANALYSIS
Array
(
    [matchedSkillsCount] => 1
    [requiredSkillsCount] => 6
    [candidateExp] => 3
    [minExpRequired] => 1
    [eduMatch] => 
    [domainStatus] => MATCHED
    [candidateDomain] => Software & IT
    [jobDomain] => Software & IT
)

==============================
2026-08-19 09:32:21 | RECOMMENDATION
Potential Match
==============================
2026-08-19 09:32:21 | RECOMMENDATION_REASON
The candidate has a relevant background for executive, but specific requirements need verification during screening. Skill(s) like Node.js, Mongodb, Rest Api were not clearly identified in the resume text. Recruiter review and phone screening are recommended.
==============================
2026-08-19 09:32:28 | START
Array
(
    [resumePath] => d:/xampp/htdocs/REC/atscheck/modal/CAND30_20260819125639146.pdf
    [vacancyId] => 30
    [jobTitle] => Salesforce Developer
)

==============================
2026-08-19 09:32:28 | PDF_EXTRACT_SUCCESS
+	
 	
Keerthana	 Anburaj	 	
Salesforce	 Administrator	 / Developer	 – 3+ Years	 of Experience	 	
 
2/452	-1, Sivan	 kovil	 street,	 Maruthampatinam,	 Thiruvarur,	 Tamilnadu	 – 610001 	
Email: 	keerthanaanburaj4@gmail.com	 	
Mobile	 No:	 9360018354	 	
 
EDUCATION:	 	
 
Bachelor	 of Computer	 Application	 from	 E.G.S.	 Pillay	 Arts	 and	 Science	 College,	 Nagapattinam. 	
Percentage: 85%	 	
 
 
 
SUMMARY	 	
 
Salesforce	 Administrator	 / Developer with	 over 3	+ years	 of experience	 in customizing, and	 deploying	 	
Salesforce	 solutions	 across	 Sales	 Cloud,	 Service	 Cloud,	 and	 Experience	 Cloud	 environments.	 Skilled 	
in Apex, Basic Lightning Web Components (LWC), and Flow to create efficient, user	-friendly 	
applications.	 	
Experienced in data management, and building 	reports and dashboards. Known for a proactive 	
approach to problem	-solving and a commitment to continuous learning, with a track record of 	
successfully	 collaborating	 with	 cross	-functional	 teams	 to
==============================
2026-08-19 09:32:28 | RAW_RESUME_TEXT
+	
 	
keerthana	 anburaj	 	
salesforce	 administrator	 / developer	 – 3+ years	 of experience	 	
 
2/452	-1, sivan	 kovil	 street,	 maruthampatinam,	 thiruvarur,	 tamilnadu	 – 610001 	
email: 	keerthanaanburaj4@gmail.com	 	
mobile	 no:	 9360018354	 	
 
education:	 	
 
bachelor	 of computer	 application	 from	 e.g.s.	 pillay	 arts	 and	 science	 college,	 nagapattinam. 	
percentage: 85%	 	
 
 
 
summary	 	
 
salesforce	 administrator	 / developer with	 over 3	+ years	 of experience	 in customizing, and	 deploying	 	
salesforce	 solutions	 across	 sales	 cloud,	 service	 cloud,	 and	 experience	 cloud	 environments.	 skilled 	
in apex, basic lightning web components (lwc), and flow to create efficient, user	-friendly 	
applications.	 	
experienced in data management, and building 	reports and dashboards. known for a proactive 	
approach to problem	-solving and a commitment to continuous learning, with a track record of 	
successfully	 collaborating	 with	 cross	-functional	 teams	 to meet	 business	 goals	 and	 optimize	 salesforce 	
functionality.	 	
 
highlights	 	
 	
● 	over	 3 years	 of experience	 in salesforce	 development,	 specializing	 in sales	 cloud,	 service 	
cloud, and experience cloud.	 	
● 	experienced	 in workflows, process builder, approval	 process, flows, triggers, apex classes, 	
and basic lightning web 	components.	 	
● 	skilled	 in working	 under	 pressure	 and	 adapting	 to new	 situations	 and	 challenges	 to best 	
enhance the organizational brand.	 	
● 	complex problem	-solver with analytical and driven mindset. dedicated to achieving 	
demanding	 development	 objectives	 accordi	ng	 to tight	 schedules	 while	 producing	 impeccable 	
code.	 	
● 	technical	 expertise	 in software	 development	 lifecycle	 stages	 like	 requirements	 gathering, 	
analysis, design, development, deployment and documentation.	 	
● 	good	 knowledge	 of soql	 and	 sosl	 query	 languages.	 good	 knowledge	 of email	 services. 	
experienced in using g
==============================
2026-08-19 09:32:28 | EXPERIENCE_DETAILS
Array
(
    [jobs] => Array
        (
            [0] => Array
                (
                    [from] => april	 2022
                    [to] => present
                    [years] => 4
                    [months] => 5
                    [role] => Salesforce Developer / Associate Software Analyst
                    [company] => Vcollab	 Etiquette
                )

        )

    [total] => 4 Years 5 Months
)

==============================
2026-08-19 09:32:28 | Email
keerthanaanburaj4@gmail.com
==============================
2026-08-19 09:32:28 | Name
Keerthana Anburaj
==============================
2026-08-19 09:32:28 | Mobile
9360018354
==============================
2026-08-19 09:32:28 | ExperienceYears
3
==============================
2026-08-19 09:32:28 | RECOMMENDATION_ANALYSIS
Array
(
    [matchedSkillsCount] => 0
    [requiredSkillsCount] => 0
    [candidateExp] => 3
    [minExpRequired] => 0
    [eduMatch] => 1
    [domainStatus] => MATCHED
    [candidateDomain] => Software & IT
    [jobDomain] => Software & IT
)

==============================
2026-08-19 09:32:28 | RECOMMENDATION
Strong Match
==============================
2026-08-19 09:32:28 | RECOMMENDATION_REASON
The candidate's profile aligns well with the requirements of Salesforce Developer. They possess 3 years of relevant experience. Their background provides concrete evidence for strong candidate suitability.
============================
2026-08-19 13:03:57 | vacancy
SELECT jl.*, GROUP_CONCAT(s.SkillName ORDER BY s.SkillName SEPARATOR ', ') AS RequiredSkills
FROM `IHRJobsList` `jl`
LEFT JOIN `JobSkills` `js` ON `js`.`Jid` = `jl`.`Jid`
LEFT JOIN `IHSkills` `s` ON `s`.`SkillId` = `js`.`SkillId`
WHERE `jl`.`Jid` = '30'
GROUP BY `jl`.`Jid`
============================

==============================
2026-08-19 13:03:57 | START
Array
(
    [resumePath] => D:/xampp/htdocs/REC/atscheck/modal/CAND30_20260819130357978.pdf
    [vacancyId] => 30
    [jobTitle] => executive
)

==============================
2026-08-19 13:03:57 | PDF_EXTRACT_SUCCESS
Mohamed Fazil
Full Stack Developer — MERN & PHP Specialist Chennai, Tamil Nadu — +91 7200110489
fazil721655@gmail.com — linkedin.com/in/mohamed-fazil — github.com/fazil
Professional Summary BCA Graduate (2025) and Full Stack Developer with hands-on experience building scalable web applications using
MERN stack and PHP. Skilled in REST API development, JWT authentication, Docker-based deployment, and
responsive UI design. Passionate about clean architecture, performance optimization, and production-ready systems.
Core Competencies •Languages:JavaScript (ES6+), PHP
•Frontend:React.js, Next.js, AngularJS, HTML5, CSS3, Bootstrap, Tailwind CSS
•Backend:Node.js, Express.js, PHP
•Databases:MongoDB, MySQL
•API & Security:RESTful APIs, JWT Authentication, bcrypt, Middleware
•DevOps & Tools:Docker, Git, GitHub, VS Code
•Concepts:MVC Architecture, Responsive Design, Performance Optimization, Component-Based Architecture
Work Experience Inet Secure Labs Pvt Ltd – Software D
==============================
2026-08-19 13:03:57 | RAW_RESUME_TEXT
mohamed fazil
full stack developer — mern & php specialist chennai, tamil nadu — +91 7200110489
fazil721655@gmail.com — linkedin.com/in/mohamed-fazil — github.com/fazil
professional summary bca graduate (2025) and full stack developer with hands-on experience building scalable web applications using
mern stack and php. skilled in rest api development, jwt authentication, docker-based deployment, and
responsive ui design. passionate about clean architecture, performance optimization, and production-ready systems.
core competencies •languages:javascript (es6+), php
•frontend:react.js, next.js, angularjs, html5, css3, bootstrap, tailwind css
•backend:node.js, express.js, php
•databases:mongodb, mysql
•api & security:restful apis, jwt authentication, bcrypt, middleware
•devops & tools:docker, git, github, vs code
•concepts:mvc architecture, responsive design, performance optimization, component-based architecture
work experience inet secure labs pvt ltd – software developerpresent
•contributing to full stack development using mern stack and php
•building rest apis and responsive ui components for real-world applications
•working with docker and git for efficient development workflow
featured projects langmaster – full stack e-learning platform
•developed a mern-based platform with lessons, quizzes, and progress tracking
•implemented jwt authentication, bcrypt password security, and protected routes
•designed rest apis for course and user management
•built responsive ui using tailwind css with animations
agri 360 – smart agriculture platform
•built a react.js marketplace for farmers to manage product listings
•integrated weather api for real-time environmental insights
•implemented advanced filtering, search, and location-based features
•optimized performance using react hooks and memoization
resume insight analyzer
•built a custom ats scoring system using php with rule-based nlp logic
•implemented keyword extraction,
==============================
2026-08-19 13:03:57 | EXPERIENCE_DETAILS
Array
(
    [jobs] => Array
        (
        )

    [total] => 0 Years 0 Months
)

==============================
2026-08-19 13:03:57 | Email
fazil721655@gmail.com
==============================
2026-08-19 13:03:57 | Name
Mohamed Fazil
==============================
2026-08-19 13:03:57 | Mobile
+91 7200110489
==============================
2026-08-19 13:03:57 | ExperienceYears
0
==============================
2026-08-19 13:03:57 | RECOMMENDATION_ANALYSIS
Array
(
    [matchedSkillsCount] => 0
    [requiredSkillsCount] => 2
    [candidateExp] => 0
    [minExpRequired] => 1
    [eduMatch] => 1
    [domainStatus] => MATCHED
    [candidateDomain] => Software & IT
    [jobDomain] => Software & IT
)

==============================
2026-08-19 13:03:57 | RECOMMENDATION
Low Match
==============================
2026-08-19 13:03:57 | RECOMMENDATION_REASON
The candidate's resume does not provide sufficient evidence of meeting core requirements for executive. Key required skills (Excel, Powerbi) are missing. Work experience (0 Yrs) falls substantially below the minimum required (1 Yrs). The profile is substantially unrelated or does not meet minimum thresholds.
============================
2026-08-19 13:03:57 | vacancy
Array
(
    [Jid] => 30
    [JobCode] => JOB-2026-0002
    [JobTitle] => executive
    [RoleSummary] => Data engineer
    [Did] => 1
    [EmploymentType] => Full-Time
    [WorkMode] => Onsite
    [EducationRequired] => bca,bsc,btech
    [ExpMin] => 1.00
    [ExpMax] => 2.00
    [SalMin] => 0
    [SalMax] => 0
    [Currency] => INR
    [NoofOpenings] => 1
    [JobStatus] => Open
    [JobDescription] => ssssssssssssssssssssssssssss
    [Responsibilities] => ssssssssssssssssssssssssssss
    [Qualifications] => 
    [JobLocation] => chennai
    [CommunicationLang] => english,hindi
    [PostedOn] => 2026-08-13 11:20:59
    [UpdatedOn] => 2026-08-18 12:08:40
    [ExpiryDate] => 
    [TargetOnboardingDate] => 2026-08-21
    [Salary] => 5 - 10 LPA
    [PostedBy] => 17
    [SkillScore] => 0
    [EducationScore] => 0
    [ExperienceScore] => 0
    [ProjectScore] => 0
    [CertificationScore] => 0
    [ResumeQualityScore] => 0
    [DomainKnowledgeScore] => 0
    [CtcApproverId] => 18
    [AssignedRecruiterManagerId] => 17
    [HoldUntilDate] => 
    [HoldReminderSentDate] => 
    [MustHaveSkills] => React, Node.js, MongoDB, REST API
    [NiceToHaveSkills] => Docker, AWS
    [RequiredSkills] => excel, powerbi
)

============================

============================
2026-08-19 13:03:57 | FINAL RESULT RETURN
Array
(
    [recommendation] => Low Match
    [recommendation_reason] => The candidate's resume does not provide sufficient evidence of meeting core requirements for executive. Key required skills (Excel, Powerbi) are missing. Work experience (0 Yrs) falls substantially below the minimum required (1 Yrs). The profile is substantially unrelated or does not meet minimum thresholds.
    [relevant_evidence] => Array
        (
            [0] => Education: Matches required level (BCA)
            [1] => Domain Fit: Background in Software & IT
            [2] => Extracted Resume Skills: Php, Javascript, Html, Css, Bootstrap, Tailwind, React, Angular
        )

    [missing_requirements] => Array
        (
            [0] => Required Skills Not Found: Excel, Powerbi
            [1] => Experience Shortfall: Candidate has 0 Years (Required: Min 1 Years)
        )

    [status] => Low Match
    [email] => fazil721655@gmail.com
    [name] => Mohamed Fazil
    [mobileNumbers] => +91 7200110489
    [expyrs] => 0
    [experience_details] => Array
        (
            [jobs] => Array
                (
                )

            [total] => 0 Years 0 Months
        )

    [domain] => Software & IT
    [job_domain] => Software & IT
    [candidate_domain] => Software & IT
    [domain_status] => MATCHED
    [domain_analysis] => Array
        (
            [candidate_domain] => Software & IT
            [candidate_domain_confidence] => High
            [job_domain] => Software & IT
            [job_domain_confidence] => High
            [domain_status] => MATCHED
            [domain_reason] => Candidate profile and vacancy belong to the same professional domain.
            [domain_evidence] => Array
                (
                    [0] => full stack developer
                    [1] => software developer
                    [2] => developer
                    [3] => software
                    [4] => javascript
                    [5] => react
                    [6] => node.js
                    [7] => php
                    [8] => java
                    [9] => mysql
                    [10] => mongodb
                    [11] => docker
                    [12] => git
                    [13] => nodejs
                )

        )

    [matched_skills] => 
    [missing_skills] => Excel, Powerbi
    [all_extracted_skills] => Php, Javascript, Html, Css, Bootstrap, Tailwind, React, Angular, Nextjs, Nodejs, Express, Rest Api, Mysql, Mongodb, Docker, Git, Communication
    [education_match] => Yes
    [experience] => No
    [detected_degree] => BCA
    [candidate_profile] => Array
        (
            [headline] => Full Stack Developer
            [current_role] => Full Stack Developer
            [current_company] => and production-ready systems
            [summary] => Full Stack Developer and hands-on exposure to Php, Javascript, Html, Css, Bootstrap, Tailwind, React, Angular, Nextjs, Nodejs.
            [degree] => BCA
            [institution] => Dr. MGR Educational and Research Institute
            [grad_year] => 2025
            [training] => MERN Full Stack, Full Stack Development
            [categorized_skills] => Array
                (
                    [Frontend] => React, Angular, Nextjs, Html, Css, Javascript, Bootstrap, Tailwind
                    [Backend] => Nodejs, Express, Php, Rest Api
                    [Database] => Mongodb, Mysql
                    [API / Security] => Rest Api
                    [DevOps / Tools] => Docker, Git
                    [Other Skills] => Communication
                )

            [work_history] => Array
                (
                )

            [projects] => Array
                (
                )

            [domain] => Software & IT
        )

)

============================

============================
2026-08-19 13:05:03 | vacancy
SELECT jl.*, GROUP_CONCAT(s.SkillName ORDER BY s.SkillName SEPARATOR ', ') AS RequiredSkills
FROM `IHRJobsList` `jl`
LEFT JOIN `JobSkills` `js` ON `js`.`Jid` = `jl`.`Jid`
LEFT JOIN `IHSkills` `s` ON `s`.`SkillId` = `js`.`SkillId`
WHERE `jl`.`Jid` = '30'
GROUP BY `jl`.`Jid`
============================

==============================
2026-08-19 13:05:03 | START
Array
(
    [resumePath] => D:/xampp/htdocs/REC/atscheck/modal/CAND30_20260819130503812.pdf
    [vacancyId] => 30
    [jobTitle] => executive
)

==============================
2026-08-19 13:05:03 | PDF_EXTRACT_SUCCESS
AGILAN	 B                                                                     	  	
Chennai, India | +91 	915	066	8484	 | agilanagi071@gmail.com	 | @linkedin: 	https://www.linkedin.com/in/agilan	-b 	
 
PROFESSIONAL SUMMARY	 	 	
Highly motivated and detail	-oriented Accounts Payable Analyst with 	2 years of proven experience in managing 	
AP  operations  within  deadline	-driven  environments.  Demonstrated  expertise  in  invoice  processing,  vendor 	
reconciliation, and resolving discrepancies in compliance with internal controls and financial policies. Skilled	 in 	
leveraging ERP systems 	Streamline workflows, ensure data accuracy, and support month	-end closing activities. 	
Adept at collaborating with cross	-functional teams to enhance process effic	iency and maintain strong vendor 	
relationships.  Committed  to  continuous  improvement,  accuracy,  and  delivering  high	-quality  financial  support 	
aligned with organizational goals.	 	
 
CORE SKILLS	 	 	
Accounting & Finance:	
==============================
2026-08-19 13:05:03 | RAW_RESUME_TEXT
agilan	 b                                                                     	  	
chennai, india | +91 	915	066	8484	 | agilanagi071@gmail.com	 | @linkedin: 	https://www.linkedin.com/in/agilan	-b 	
 
professional summary	 	 	
highly motivated and detail	-oriented accounts payable analyst with 	2 years of proven experience in managing 	
ap  operations  within  deadline	-driven  environments.  demonstrated  expertise  in  invoice  processing,  vendor 	
reconciliation, and resolving discrepancies in compliance with internal controls and financial policies. skilled	 in 	
leveraging erp systems 	streamline workflows, ensure data accuracy, and support month	-end closing activities. 	
adept at collaborating with cross	-functional teams to enhance process effic	iency and maintain strong vendor 	
relationships.  committed  to  continuous  improvement,  accuracy,  and  delivering  high	-quality  financial  support 	
aligned with organizational goals.	 	
 
core skills	 	 	
accounting & finance:	 accounts payable, procure	-to	-pay (p2p), vendor reconciliation, invoice processing, 	
month	-end closing, audit & compliance	 	
erp & tools: 	as400 	& 	oracle	  	
productivity tools: 	microsoft office suite (word, powerpoint, outlook, visio, onenote)	 	
 
professional experience	 	 	
projects & developments	 	
process executive 	– cognizant technology solutions                                                                                   	april 2024 	– present	   	
          	 	
– reviewed and processed vendor invoices, ensuring compliance with policies and accuracy of details.	 	
– resolved vendor queries and requests via email/tickets within the agreed sla.	 	
– performed 3	-way matching (invoice, purchase order, and goods receipt) in basware,	 	
– maintained and managed over 1,000 utility accounts, including gas, electricity, and water services	 	
– we will make utility payments on a daily basis, ensuring they are settled within the due dates 
specified on the in
==============================
2026-08-19 13:05:03 | EXPERIENCE_DETAILS
Array
(
    [jobs] => Array
        (
            [0] => Array
                (
                    [from] => april 2024
                    [to] => present
                    [years] => 2
                    [months] => 5
                    [role] => Process Executive
                    [company] => Cognizant Technology Solutions
                )

        )

    [total] => 2 Years 5 Months
)

==============================
2026-08-19 13:05:04 | Email
agilanagi071@gmail.com
==============================
2026-08-19 13:05:04 | Name
Agilan B
==============================
2026-08-19 13:05:04 | Mobile

==============================
2026-08-19 13:05:04 | ExperienceYears
2.4
==============================
2026-08-19 13:05:04 | RECOMMENDATION_ANALYSIS
Array
(
    [matchedSkillsCount] => 1
    [requiredSkillsCount] => 2
    [candidateExp] => 2.4
    [minExpRequired] => 1
    [eduMatch] => 
    [domainStatus] => WRONG_DOMAIN
    [candidateDomain] => Finance & Accounting
    [jobDomain] => Software & IT
)

==============================
2026-08-19 13:05:04 | RECOMMENDATION
Not Suitable
==============================
2026-08-19 13:05:04 | RECOMMENDATION_REASON
Wrong domain: The candidate's resume indicates a Finance & Accounting background, while this vacancy belongs to Software & IT. The candidate's professional domain does not align with the requirements of this position.
============================
2026-08-19 13:05:04 | vacancy
Array
(
    [Jid] => 30
    [JobCode] => JOB-2026-0002
    [JobTitle] => executive
    [RoleSummary] => Data engineer
    [Did] => 1
    [EmploymentType] => Full-Time
    [WorkMode] => Onsite
    [EducationRequired] => bca,bsc,btech
    [ExpMin] => 1.00
    [ExpMax] => 2.00
    [SalMin] => 0
    [SalMax] => 0
    [Currency] => INR
    [NoofOpenings] => 1
    [JobStatus] => Open
    [JobDescription] => ssssssssssssssssssssssssssss
    [Responsibilities] => ssssssssssssssssssssssssssss
    [Qualifications] => 
    [JobLocation] => chennai
    [CommunicationLang] => english,hindi
    [PostedOn] => 2026-08-13 11:20:59
    [UpdatedOn] => 2026-08-18 12:08:40
    [ExpiryDate] => 
    [TargetOnboardingDate] => 2026-08-21
    [Salary] => 5 - 10 LPA
    [PostedBy] => 17
    [SkillScore] => 0
    [EducationScore] => 0
    [ExperienceScore] => 0
    [ProjectScore] => 0
    [CertificationScore] => 0
    [ResumeQualityScore] => 0
    [DomainKnowledgeScore] => 0
    [CtcApproverId] => 18
    [AssignedRecruiterManagerId] => 17
    [HoldUntilDate] => 
    [HoldReminderSentDate] => 
    [MustHaveSkills] => React, Node.js, MongoDB, REST API
    [NiceToHaveSkills] => Docker, AWS
    [RequiredSkills] => excel, powerbi
)

============================

============================
2026-08-19 13:05:04 | FINAL RESULT RETURN
Array
(
    [recommendation] => Not Suitable
    [recommendation_reason] => Wrong domain: The candidate's resume indicates a Finance & Accounting background, while this vacancy belongs to Software & IT. The candidate's professional domain does not align with the requirements of this position.
    [relevant_evidence] => Array
        (
            [0] => Work Experience: 2.4 Years total experience (Vacancy Required: Min 1 Years)
            [1] => Matched Core Skills: Excel
            [2] => Domain Fit: Background in Finance & Accounting
            [3] => Extracted Resume Skills: Oracle, Accounting, Billing, Audit, Tally, Accounts Payable, Purchase Order
        )

    [missing_requirements] => Array
        (
            [0] => Required Skills Not Found: Powerbi
            [1] => Education Gap: Required qualification (bca,bsc,btech) not clearly identified in resume
        )

    [status] => Not Suitable
    [email] => agilanagi071@gmail.com
    [name] => Agilan B
    [mobileNumbers] => 
    [expyrs] => 2.4
    [experience_details] => Array
        (
            [jobs] => Array
                (
                    [0] => Array
                        (
                            [from] => april 2024
                            [to] => present
                            [years] => 2
                            [months] => 5
                            [role] => Process Executive
                            [company] => Cognizant Technology Solutions
                        )

                )

            [total] => 2 Years 5 Months
        )

    [domain] => Finance & Accounting
    [job_domain] => Software & IT
    [candidate_domain] => Finance & Accounting
    [domain_status] => WRONG_DOMAIN
    [domain_analysis] => Array
        (
            [candidate_domain] => Finance & Accounting
            [candidate_domain_confidence] => High
            [job_domain] => Software & IT
            [job_domain_confidence] => Low
            [domain_status] => WRONG_DOMAIN
            [domain_reason] => Wrong domain: The candidate's resume indicates a Finance & Accounting background, while this vacancy belongs to Software & IT. The candidate's professional domain does not align with the requirements of this position.
            [domain_evidence] => Array
                (
                    [0] => finance
                    [1] => accounting
                    [2] => accounts
                    [3] => tally
                    [4] => audit
                    [5] => invoice
                    [6] => ledger
                )

        )

    [matched_skills] => Excel
    [missing_skills] => Powerbi
    [all_extracted_skills] => Oracle, Accounting, Billing, Audit, Tally, Accounts Payable, Purchase Order
    [education_match] => No
    [experience] => Yes
    [detected_degree] => BACHELOR OF COMMERCE
    [candidate_profile] => Array
        (
            [headline] => Finance & Accounting Professional
            [current_role] => Finance & Accounting Professional
            [current_company] => leveraging ERP systems
            [summary] => Finance & Accounting Professional with 2.4 years of total professional experience and hands-on exposure to Oracle, Accounting, Billing, Audit, Tally, Accounts Payable, Purchase Order.
            [degree] => BACHELOR OF COMMERCE
            [institution] => St. Thomas College of Arts and Science, affiliated with the University
            [grad_year] => 2020
            [training] => Not specified in resume
            [categorized_skills] => Array
                (
                    [Database] => Oracle
                    [Finance & Accounts] => Accounting, Billing, Audit, Tally, Accounts Payable
                    [Other Skills] => Purchase Order
                )

            [work_history] => Array
                (
                    [0] => Array
                        (
                            [role] => Process Executive
                            [company] => Cognizant Technology Solutions
                            [period] => april 2024 - present
                            [duration] => 2 Yrs 5 Mos
                        )

                )

            [projects] => Array
                (
                )

            [domain] => Finance & Accounting
        )

)

============================

============================
2026-08-19 13:05:52 | vacancy
SELECT jl.*, GROUP_CONCAT(s.SkillName ORDER BY s.SkillName SEPARATOR ', ') AS RequiredSkills
FROM `IHRJobsList` `jl`
LEFT JOIN `JobSkills` `js` ON `js`.`Jid` = `jl`.`Jid`
LEFT JOIN `IHSkills` `s` ON `s`.`SkillId` = `js`.`SkillId`
WHERE `jl`.`Jid` = '30'
GROUP BY `jl`.`Jid`
============================

==============================
2026-08-19 13:05:52 | START
Array
(
    [resumePath] => D:/xampp/htdocs/REC/atscheck/modal/CAND30_20260819130552650.pdf
    [vacancyId] => 30
    [jobTitle] => executive
)

==============================
2026-08-19 13:05:52 | PDF_EXTRACT_SUCCESS
SALESFORCE	 DEVELOPER	 	
KAMBHAMPATI FRANCIS	 	
☎	 9347001544	 	
✉ francis6062@gmail.com	 	
 	 	
Professional	 Summary	 	
Having	 3+ years	 of hands	-on experience	 in Salesforce	 CRM	 implementations,	 including	 development, 	administration, and 	
Lightning component development.	 	
Strong	 experience	 working	 with	 Sales	 Cloud	 and	 Service	 Cloud,	 delivering	 customized	 business	 solutions.	 	
Hands	-on expertise	 in developing	 Apex	 Classes,	 Triggers,	 Batch	 Apex,	 and	 Apex	 Schedulers	 to impleme	nt complex business 	
logic.	 	
Hands	 on Experience	 in writing	 optimized	 SOQL	 queries	 within	 Apex	 classes	 and	 triggers.	 	
Implemented	 security	 and	 access	 controls	 using	 profiles,	 permission	 sets,	 object	-level,	 field	-level,	 and	 record	-level sharing 	
rules, 	Experience using Postman to test and validate REST API integrations.	 	
Strong	 experience	 working	 with	 Salesforce	 standard	 objects	 such	 as Accounts,	 Contacts,	 Leads,	 and 	Opportunities.
==============================
2026-08-19 13:05:52 | RAW_RESUME_TEXT
salesforce	 developer	 	
kambhampati francis	 	
☞	 9347001544	 	
✉ francis6062@gmail.com	 	
 	 	
professional	 summary	 	
having	 3+ years	 of hands	-on experience	 in salesforce	 crm	 implementations,	 including	 development, 	administration, and 	
lightning component development.	 	
strong	 experience	 working	 with	 sales	 cloud	 and	 service	 cloud,	 delivering	 customized	 business	 solutions.	 	
hands	-on expertise	 in developing	 apex	 classes,	 triggers,	 batch	 apex,	 and	 apex	 schedulers	 to impleme	nt complex business 	
logic.	 	
hands	 on experience	 in writing	 optimized	 soql	 queries	 within	 apex	 classes	 and	 triggers.	 	
implemented	 security	 and	 access	 controls	 using	 profiles,	 permission	 sets,	 object	-level,	 field	-level,	 and	 record	-level sharing 	
rules, 	experience using postman to test and validate rest api integrations.	 	
strong	 experience	 working	 with	 salesforce	 standard	 objects	 such	 as accounts,	 contacts,	 leads,	 and 	opportunities.	 	
developed dynamic and reusable lightning components	 using lightning	 web co	mponents	 (lwc). 	developed	 	
rest	 apis	 using	 apex	 and	 successfully	 integrated	 third	-party rest	 apis	 with	 salesforce.	 	
strong	 understanding	 of server	-side	 business	 logic	 implementation	 using	 apex	 to support	 enterprise	-level 	
requirements, solid knowledge of 	javascript for handling client	-side logic in lightning components.	 	
proficient	 in html,	 css,	 and	 salesforce	 lightning	 design	 system (slds)	 to build	 responsive	 and	 user	-friendly custom uis.	 	
worked	 with	 lightning	 data	 service	 (lds)	 to perform	 efficient	 crud	 operations	 and	 ensure	 data	 consistency. hands	-	
on	 experience	 using	 lightning	 message	 service	 (lms)	 and	 pubsub.js	 for	 component	 communication.	 	
technical	 skills	 	
• salesforce	 development:	 apex	 (classes,	 triggers,	 batch,	 scheduled,	 future),	 soql,	 sosl,	 rest/soap 	apis, 	
custom objects, lds	 	
• omnistudio	 (vlocity
==============================
2026-08-19 13:05:52 | EXPERIENCE_DETAILS
Array
(
    [jobs] => Array
        (
            [0] => Array
                (
                    [from] => 2013 jan
                    [to] => 2017 jan
                    [years] => 4
                    [months] => 0
                    [role] => Bachelor Of Technology (b.tech) -mechanical,
                    [company] => Pnc&vijay Institute Of Engineering And Technology 
                )

        )

    [total] => 4 Years 0 Months
)

==============================
2026-08-19 13:05:52 | Email
francis6062@gmail.com
==============================
2026-08-19 13:05:52 | Name
Salesforce Developer
==============================
2026-08-19 13:05:52 | Mobile
9347001544
==============================
2026-08-19 13:05:52 | ExperienceYears
3
==============================
2026-08-19 13:05:52 | RECOMMENDATION_ANALYSIS
Array
(
    [matchedSkillsCount] => 0
    [requiredSkillsCount] => 2
    [candidateExp] => 3
    [minExpRequired] => 1
    [eduMatch] => 
    [domainStatus] => MATCHED
    [candidateDomain] => Software & IT
    [jobDomain] => Software & IT
)

==============================
2026-08-19 13:05:52 | RECOMMENDATION
Potential Match
==============================
2026-08-19 13:05:52 | RECOMMENDATION_REASON
The candidate has a relevant background for executive, but specific requirements need verification during screening. Skill(s) like Excel, Powerbi were not clearly identified in the resume text. Recruiter review and phone screening are recommended.
============================
2026-08-19 13:05:53 | vacancy
Array
(
    [Jid] => 30
    [JobCode] => JOB-2026-0002
    [JobTitle] => executive
    [RoleSummary] => Data engineer
    [Did] => 1
    [EmploymentType] => Full-Time
    [WorkMode] => Onsite
    [EducationRequired] => bca,bsc,btech
    [ExpMin] => 1.00
    [ExpMax] => 2.00
    [SalMin] => 0
    [SalMax] => 0
    [Currency] => INR
    [NoofOpenings] => 1
    [JobStatus] => Open
    [JobDescription] => ssssssssssssssssssssssssssss
    [Responsibilities] => ssssssssssssssssssssssssssss
    [Qualifications] => 
    [JobLocation] => chennai
    [CommunicationLang] => english,hindi
    [PostedOn] => 2026-08-13 11:20:59
    [UpdatedOn] => 2026-08-18 12:08:40
    [ExpiryDate] => 
    [TargetOnboardingDate] => 2026-08-21
    [Salary] => 5 - 10 LPA
    [PostedBy] => 17
    [SkillScore] => 0
    [EducationScore] => 0
    [ExperienceScore] => 0
    [ProjectScore] => 0
    [CertificationScore] => 0
    [ResumeQualityScore] => 0
    [DomainKnowledgeScore] => 0
    [CtcApproverId] => 18
    [AssignedRecruiterManagerId] => 17
    [HoldUntilDate] => 
    [HoldReminderSentDate] => 
    [MustHaveSkills] => React, Node.js, MongoDB, REST API
    [NiceToHaveSkills] => Docker, AWS
    [RequiredSkills] => excel, powerbi
)

============================

============================
2026-08-19 13:05:53 | FINAL RESULT RETURN
Array
(
    [recommendation] => Potential Match
    [recommendation_reason] => The candidate has a relevant background for executive, but specific requirements need verification during screening. Skill(s) like Excel, Powerbi were not clearly identified in the resume text. Recruiter review and phone screening are recommended.
    [relevant_evidence] => Array
        (
            [0] => Work Experience: 3 Years total experience (Vacancy Required: Min 1 Years)
            [1] => Domain Fit: Background in Software & IT
            [2] => Extracted Resume Skills: Javascript, Salesforce, Lwc, Apex, Aura, Soql, Html, Css
        )

    [missing_requirements] => Array
        (
            [0] => Required Skills Not Found: Excel, Powerbi
            [1] => Education Gap: Required qualification (bca,bsc,btech) not clearly identified in resume
        )

    [status] => Potential Match
    [email] => francis6062@gmail.com
    [name] => Salesforce Developer
    [mobileNumbers] => 9347001544
    [expyrs] => 3
    [experience_details] => Array
        (
            [jobs] => Array
                (
                    [0] => Array
                        (
                            [from] => 2013 jan
                            [to] => 2017 jan
                            [years] => 4
                            [months] => 0
                            [role] => Bachelor Of Technology (b.tech) -mechanical,
                            [company] => Pnc&vijay Institute Of Engineering And Technology 
                        )

                )

            [total] => 4 Years 0 Months
        )

    [domain] => Software & IT
    [job_domain] => Software & IT
    [candidate_domain] => Software & IT
    [domain_status] => MATCHED
    [domain_analysis] => Array
        (
            [candidate_domain] => Software & IT
            [candidate_domain_confidence] => High
            [job_domain] => Software & IT
            [job_domain_confidence] => High
            [domain_status] => MATCHED
            [domain_reason] => Candidate profile and vacancy belong to the same professional domain.
            [domain_evidence] => Array
                (
                    [0] => developer
                    [1] => engineer
                    [2] => javascript
                    [3] => react
                    [4] => java
                )

        )

    [matched_skills] => 
    [missing_skills] => Excel, Powerbi
    [all_extracted_skills] => Javascript, Salesforce, Lwc, Apex, Aura, Soql, Html, Css, React, Rest Api, Onboarding, Accounting, Crm, Sales, Communication
    [education_match] => No
    [experience] => Yes
    [detected_degree] => BACHELOR OF TECHNOLOGY
    [candidate_profile] => Array
        (
            [headline] => Software / IT Professional
            [current_role] => Software / IT Professional
            [current_company] => delivering	 customized	 business	 solutions
            [summary] => Software / IT Professional with 3 years of total professional experience and hands-on exposure to Javascript, Salesforce, Lwc, Apex, Aura, Soql, Html, Css, React, Rest Api.
            [degree] => BACHELOR OF TECHNOLOGY
            [institution] => Vijay institute
            [grad_year] => 2013
            [training] => Not specified in resume
            [categorized_skills] => Array
                (
                    [Frontend] => React, Html, Css, Javascript
                    [Backend] => Rest Api
                    [API / Security] => Rest Api
                    [HR / Operations] => Onboarding
                    [Finance & Accounts] => Accounting
                    [Sales & Marketing] => Crm, Sales
                    [Other Skills] => Salesforce, Lwc, Apex, Aura, Soql, Communication
                )

            [work_history] => Array
                (
                    [0] => Array
                        (
                            [role] => Bachelor Of Technology (b.tech) -mechanical,
                            [company] => Pnc&vijay Institute Of Engineering And Technology
                            [period] => 2013 jan - 2017 jan
                            [duration] => 4 Yrs 0 Mos
                        )

                )

            [projects] => Array
                (
                    [0] => Array
                        (
                            [title] => Smart Pack Operations
                        )

                    [1] => Array
                        (
                            [title] => Vison Care
                        )

                )

            [domain] => Software & IT
        )

)

============================

==============================
2026-08-19 09:39:26 | START
Array
(
    [resumePath] => d:/xampp/htdocs/REC/atscheck/modal/CAND30_20260819125639146.pdf
    [vacancyId] => 30
    [jobTitle] => executive
)

==============================
2026-08-19 09:39:26 | PDF_EXTRACT_SUCCESS
+	
 	
Keerthana	 Anburaj	 	
Salesforce	 Administrator	 / Developer	 – 3+ Years	 of Experience	 	
 
2/452	-1, Sivan	 kovil	 street,	 Maruthampatinam,	 Thiruvarur,	 Tamilnadu	 – 610001 	
Email: 	keerthanaanburaj4@gmail.com	 	
Mobile	 No:	 9360018354	 	
 
EDUCATION:	 	
 
Bachelor	 of Computer	 Application	 from	 E.G.S.	 Pillay	 Arts	 and	 Science	 College,	 Nagapattinam. 	
Percentage: 85%	 	
 
 
 
SUMMARY	 	
 
Salesforce	 Administrator	 / Developer with	 over 3	+ years	 of experience	 in customizing, and	 deploying	 	
Salesforce	 solutions	 across	 Sales	 Cloud,	 Service	 Cloud,	 and	 Experience	 Cloud	 environments.	 Skilled 	
in Apex, Basic Lightning Web Components (LWC), and Flow to create efficient, user	-friendly 	
applications.	 	
Experienced in data management, and building 	reports and dashboards. Known for a proactive 	
approach to problem	-solving and a commitment to continuous learning, with a track record of 	
successfully	 collaborating	 with	 cross	-functional	 teams	 to
==============================
2026-08-19 09:39:26 | RAW_RESUME_TEXT
+	
 	
keerthana	 anburaj	 	
salesforce	 administrator	 / developer	 – 3+ years	 of experience	 	
 
2/452	-1, sivan	 kovil	 street,	 maruthampatinam,	 thiruvarur,	 tamilnadu	 – 610001 	
email: 	keerthanaanburaj4@gmail.com	 	
mobile	 no:	 9360018354	 	
 
education:	 	
 
bachelor	 of computer	 application	 from	 e.g.s.	 pillay	 arts	 and	 science	 college,	 nagapattinam. 	
percentage: 85%	 	
 
 
 
summary	 	
 
salesforce	 administrator	 / developer with	 over 3	+ years	 of experience	 in customizing, and	 deploying	 	
salesforce	 solutions	 across	 sales	 cloud,	 service	 cloud,	 and	 experience	 cloud	 environments.	 skilled 	
in apex, basic lightning web components (lwc), and flow to create efficient, user	-friendly 	
applications.	 	
experienced in data management, and building 	reports and dashboards. known for a proactive 	
approach to problem	-solving and a commitment to continuous learning, with a track record of 	
successfully	 collaborating	 with	 cross	-functional	 teams	 to meet	 business	 goals	 and	 optimize	 salesforce 	
functionality.	 	
 
highlights	 	
 	
● 	over	 3 years	 of experience	 in salesforce	 development,	 specializing	 in sales	 cloud,	 service 	
cloud, and experience cloud.	 	
● 	experienced	 in workflows, process builder, approval	 process, flows, triggers, apex classes, 	
and basic lightning web 	components.	 	
● 	skilled	 in working	 under	 pressure	 and	 adapting	 to new	 situations	 and	 challenges	 to best 	
enhance the organizational brand.	 	
● 	complex problem	-solver with analytical and driven mindset. dedicated to achieving 	
demanding	 development	 objectives	 accordi	ng	 to tight	 schedules	 while	 producing	 impeccable 	
code.	 	
● 	technical	 expertise	 in software	 development	 lifecycle	 stages	 like	 requirements	 gathering, 	
analysis, design, development, deployment and documentation.	 	
● 	good	 knowledge	 of soql	 and	 sosl	 query	 languages.	 good	 knowledge	 of email	 services. 	
experienced in using g
==============================
2026-08-19 09:39:26 | EXPERIENCE_DETAILS
Array
(
    [jobs] => Array
        (
            [0] => Array
                (
                    [from] => april	 2022
                    [to] => present
                    [years] => 4
                    [months] => 5
                    [role] => Salesforce Developer / Associate Software Analyst
                    [company] => Vcollab	 Etiquette
                )

        )

    [total] => 4 Years 5 Months
)

==============================
2026-08-19 09:39:26 | Email
keerthanaanburaj4@gmail.com
==============================
2026-08-19 09:39:26 | Name
Keerthana Anburaj
==============================
2026-08-19 09:39:26 | Mobile
9360018354
==============================
2026-08-19 09:39:26 | ExperienceYears
3
==============================
2026-08-19 09:39:26 | RECOMMENDATION_ANALYSIS
Array
(
    [matchedSkillsCount] => 1
    [requiredSkillsCount] => 6
    [candidateExp] => 3
    [minExpRequired] => 1
    [eduMatch] => 
    [domainStatus] => MATCHED
    [candidateDomain] => Software & IT
    [jobDomain] => Software & IT
)

==============================
2026-08-19 09:39:26 | RECOMMENDATION
Potential Match
==============================
2026-08-19 09:39:26 | RECOMMENDATION_REASON
The candidate has a relevant background for executive, but specific requirements need verification during screening. Skill(s) like Node.js, Mongodb, Rest Api were not clearly identified in the resume text. Recruiter review and phone screening are recommended.
==============================
2026-08-19 09:39:27 | START
Array
(
    [resumePath] => d:/xampp/htdocs/REC/atscheck/modal/CAND30_20260819130357978.pdf
    [vacancyId] => 30
    [jobTitle] => executive
)

==============================
2026-08-19 09:39:27 | PDF_EXTRACT_SUCCESS
Mohamed Fazil
Full Stack Developer — MERN & PHP Specialist Chennai, Tamil Nadu — +91 7200110489
fazil721655@gmail.com — linkedin.com/in/mohamed-fazil — github.com/fazil
Professional Summary BCA Graduate (2025) and Full Stack Developer with hands-on experience building scalable web applications using
MERN stack and PHP. Skilled in REST API development, JWT authentication, Docker-based deployment, and
responsive UI design. Passionate about clean architecture, performance optimization, and production-ready systems.
Core Competencies •Languages:JavaScript (ES6+), PHP
•Frontend:React.js, Next.js, AngularJS, HTML5, CSS3, Bootstrap, Tailwind CSS
•Backend:Node.js, Express.js, PHP
•Databases:MongoDB, MySQL
•API & Security:RESTful APIs, JWT Authentication, bcrypt, Middleware
•DevOps & Tools:Docker, Git, GitHub, VS Code
•Concepts:MVC Architecture, Responsive Design, Performance Optimization, Component-Based Architecture
Work Experience Inet Secure Labs Pvt Ltd – Software D
==============================
2026-08-19 09:39:27 | RAW_RESUME_TEXT
mohamed fazil
full stack developer — mern & php specialist chennai, tamil nadu — +91 7200110489
fazil721655@gmail.com — linkedin.com/in/mohamed-fazil — github.com/fazil
professional summary bca graduate (2025) and full stack developer with hands-on experience building scalable web applications using
mern stack and php. skilled in rest api development, jwt authentication, docker-based deployment, and
responsive ui design. passionate about clean architecture, performance optimization, and production-ready systems.
core competencies •languages:javascript (es6+), php
•frontend:react.js, next.js, angularjs, html5, css3, bootstrap, tailwind css
•backend:node.js, express.js, php
•databases:mongodb, mysql
•api & security:restful apis, jwt authentication, bcrypt, middleware
•devops & tools:docker, git, github, vs code
•concepts:mvc architecture, responsive design, performance optimization, component-based architecture
work experience inet secure labs pvt ltd – software developerpresent
•contributing to full stack development using mern stack and php
•building rest apis and responsive ui components for real-world applications
•working with docker and git for efficient development workflow
featured projects langmaster – full stack e-learning platform
•developed a mern-based platform with lessons, quizzes, and progress tracking
•implemented jwt authentication, bcrypt password security, and protected routes
•designed rest apis for course and user management
•built responsive ui using tailwind css with animations
agri 360 – smart agriculture platform
•built a react.js marketplace for farmers to manage product listings
•integrated weather api for real-time environmental insights
•implemented advanced filtering, search, and location-based features
•optimized performance using react hooks and memoization
resume insight analyzer
•built a custom ats scoring system using php with rule-based nlp logic
•implemented keyword extraction,
==============================
2026-08-19 09:39:27 | EXPERIENCE_DETAILS
Array
(
    [jobs] => Array
        (
        )

    [total] => 0 Years 0 Months
)

==============================
2026-08-19 09:39:27 | Email
fazil721655@gmail.com
==============================
2026-08-19 09:39:27 | Name
Mohamed Fazil
==============================
2026-08-19 09:39:27 | Mobile
+91 7200110489
==============================
2026-08-19 09:39:27 | ExperienceYears
0
==============================
2026-08-19 09:39:27 | RECOMMENDATION_ANALYSIS
Array
(
    [matchedSkillsCount] => 5
    [requiredSkillsCount] => 6
    [candidateExp] => 0
    [minExpRequired] => 1
    [eduMatch] => 1
    [domainStatus] => MATCHED
    [candidateDomain] => Software & IT
    [jobDomain] => Software & IT
)

==============================
2026-08-19 09:39:27 | RECOMMENDATION
Strong Match
==============================
2026-08-19 09:39:27 | RECOMMENDATION_REASON
The candidate's profile aligns well with the requirements of executive. They demonstrate the required foundational qualifications and skills. Their background provides concrete evidence for strong candidate suitability.
==============================
2026-08-19 09:39:27 | START
Array
(
    [resumePath] => d:/xampp/htdocs/REC/atscheck/modal/CAND30_20260819130503812.pdf
    [vacancyId] => 30
    [jobTitle] => executive
)

==============================
2026-08-19 09:39:27 | PDF_EXTRACT_SUCCESS
AGILAN	 B                                                                     	  	
Chennai, India | +91 	915	066	8484	 | agilanagi071@gmail.com	 | @linkedin: 	https://www.linkedin.com/in/agilan	-b 	
 
PROFESSIONAL SUMMARY	 	 	
Highly motivated and detail	-oriented Accounts Payable Analyst with 	2 years of proven experience in managing 	
AP  operations  within  deadline	-driven  environments.  Demonstrated  expertise  in  invoice  processing,  vendor 	
reconciliation, and resolving discrepancies in compliance with internal controls and financial policies. Skilled	 in 	
leveraging ERP systems 	Streamline workflows, ensure data accuracy, and support month	-end closing activities. 	
Adept at collaborating with cross	-functional teams to enhance process effic	iency and maintain strong vendor 	
relationships.  Committed  to  continuous  improvement,  accuracy,  and  delivering  high	-quality  financial  support 	
aligned with organizational goals.	 	
 
CORE SKILLS	 	 	
Accounting & Finance:	
==============================
2026-08-19 09:39:27 | RAW_RESUME_TEXT
agilan	 b                                                                     	  	
chennai, india | +91 	915	066	8484	 | agilanagi071@gmail.com	 | @linkedin: 	https://www.linkedin.com/in/agilan	-b 	
 
professional summary	 	 	
highly motivated and detail	-oriented accounts payable analyst with 	2 years of proven experience in managing 	
ap  operations  within  deadline	-driven  environments.  demonstrated  expertise  in  invoice  processing,  vendor 	
reconciliation, and resolving discrepancies in compliance with internal controls and financial policies. skilled	 in 	
leveraging erp systems 	streamline workflows, ensure data accuracy, and support month	-end closing activities. 	
adept at collaborating with cross	-functional teams to enhance process effic	iency and maintain strong vendor 	
relationships.  committed  to  continuous  improvement,  accuracy,  and  delivering  high	-quality  financial  support 	
aligned with organizational goals.	 	
 
core skills	 	 	
accounting & finance:	 accounts payable, procure	-to	-pay (p2p), vendor reconciliation, invoice processing, 	
month	-end closing, audit & compliance	 	
erp & tools: 	as400 	& 	oracle	  	
productivity tools: 	microsoft office suite (word, powerpoint, outlook, visio, onenote)	 	
 
professional experience	 	 	
projects & developments	 	
process executive 	– cognizant technology solutions                                                                                   	april 2024 	– present	   	
          	 	
– reviewed and processed vendor invoices, ensuring compliance with policies and accuracy of details.	 	
– resolved vendor queries and requests via email/tickets within the agreed sla.	 	
– performed 3	-way matching (invoice, purchase order, and goods receipt) in basware,	 	
– maintained and managed over 1,000 utility accounts, including gas, electricity, and water services	 	
– we will make utility payments on a daily basis, ensuring they are settled within the due dates 
specified on the in
==============================
2026-08-19 09:39:27 | EXPERIENCE_DETAILS
Array
(
    [jobs] => Array
        (
            [0] => Array
                (
                    [from] => april 2024
                    [to] => present
                    [years] => 2
                    [months] => 5
                    [role] => Process Executive
                    [company] => Cognizant Technology Solutions
                )

        )

    [total] => 2 Years 5 Months
)

==============================
2026-08-19 09:39:27 | Email
agilanagi071@gmail.com
==============================
2026-08-19 09:39:27 | Name
Agilan B
==============================
2026-08-19 09:39:27 | Mobile

==============================
2026-08-19 09:39:27 | ExperienceYears
2.4
==============================
2026-08-19 09:39:27 | RECOMMENDATION_ANALYSIS
Array
(
    [matchedSkillsCount] => 1
    [requiredSkillsCount] => 6
    [candidateExp] => 2.4
    [minExpRequired] => 1
    [eduMatch] => 
    [domainStatus] => WRONG_DOMAIN
    [candidateDomain] => Finance & Accounting
    [jobDomain] => Software & IT
)

==============================
2026-08-19 09:39:27 | RECOMMENDATION
Not Suitable
==============================
2026-08-19 09:39:27 | RECOMMENDATION_REASON
Wrong domain: The candidate's resume indicates a Finance & Accounting background, while this vacancy belongs to Software & IT. The candidate's professional domain does not align with the requirements of this position.
==============================
2026-08-19 09:39:27 | START
Array
(
    [resumePath] => d:/xampp/htdocs/REC/atscheck/modal/CAND30_20260819130552650.pdf
    [vacancyId] => 30
    [jobTitle] => executive
)

==============================
2026-08-19 09:39:27 | PDF_EXTRACT_SUCCESS
SALESFORCE	 DEVELOPER	 	
KAMBHAMPATI FRANCIS	 	
☎	 9347001544	 	
✉ francis6062@gmail.com	 	
 	 	
Professional	 Summary	 	
Having	 3+ years	 of hands	-on experience	 in Salesforce	 CRM	 implementations,	 including	 development, 	administration, and 	
Lightning component development.	 	
Strong	 experience	 working	 with	 Sales	 Cloud	 and	 Service	 Cloud,	 delivering	 customized	 business	 solutions.	 	
Hands	-on expertise	 in developing	 Apex	 Classes,	 Triggers,	 Batch	 Apex,	 and	 Apex	 Schedulers	 to impleme	nt complex business 	
logic.	 	
Hands	 on Experience	 in writing	 optimized	 SOQL	 queries	 within	 Apex	 classes	 and	 triggers.	 	
Implemented	 security	 and	 access	 controls	 using	 profiles,	 permission	 sets,	 object	-level,	 field	-level,	 and	 record	-level sharing 	
rules, 	Experience using Postman to test and validate REST API integrations.	 	
Strong	 experience	 working	 with	 Salesforce	 standard	 objects	 such	 as Accounts,	 Contacts,	 Leads,	 and 	Opportunities.
==============================
2026-08-19 09:39:27 | RAW_RESUME_TEXT
salesforce	 developer	 	
kambhampati francis	 	
☞	 9347001544	 	
✉ francis6062@gmail.com	 	
 	 	
professional	 summary	 	
having	 3+ years	 of hands	-on experience	 in salesforce	 crm	 implementations,	 including	 development, 	administration, and 	
lightning component development.	 	
strong	 experience	 working	 with	 sales	 cloud	 and	 service	 cloud,	 delivering	 customized	 business	 solutions.	 	
hands	-on expertise	 in developing	 apex	 classes,	 triggers,	 batch	 apex,	 and	 apex	 schedulers	 to impleme	nt complex business 	
logic.	 	
hands	 on experience	 in writing	 optimized	 soql	 queries	 within	 apex	 classes	 and	 triggers.	 	
implemented	 security	 and	 access	 controls	 using	 profiles,	 permission	 sets,	 object	-level,	 field	-level,	 and	 record	-level sharing 	
rules, 	experience using postman to test and validate rest api integrations.	 	
strong	 experience	 working	 with	 salesforce	 standard	 objects	 such	 as accounts,	 contacts,	 leads,	 and 	opportunities.	 	
developed dynamic and reusable lightning components	 using lightning	 web co	mponents	 (lwc). 	developed	 	
rest	 apis	 using	 apex	 and	 successfully	 integrated	 third	-party rest	 apis	 with	 salesforce.	 	
strong	 understanding	 of server	-side	 business	 logic	 implementation	 using	 apex	 to support	 enterprise	-level 	
requirements, solid knowledge of 	javascript for handling client	-side logic in lightning components.	 	
proficient	 in html,	 css,	 and	 salesforce	 lightning	 design	 system (slds)	 to build	 responsive	 and	 user	-friendly custom uis.	 	
worked	 with	 lightning	 data	 service	 (lds)	 to perform	 efficient	 crud	 operations	 and	 ensure	 data	 consistency. hands	-	
on	 experience	 using	 lightning	 message	 service	 (lms)	 and	 pubsub.js	 for	 component	 communication.	 	
technical	 skills	 	
• salesforce	 development:	 apex	 (classes,	 triggers,	 batch,	 scheduled,	 future),	 soql,	 sosl,	 rest/soap 	apis, 	
custom objects, lds	 	
• omnistudio	 (vlocity
==============================
2026-08-19 09:39:27 | EXPERIENCE_DETAILS
Array
(
    [jobs] => Array
        (
            [0] => Array
                (
                    [from] => june	 2022
                    [to] => present
                    [years] => 4
                    [months] => 3
                    [role] => Salesforce Developer
                    [company] => Amazon Dovelopment Centre Private Limited (
                )

        )

    [total] => 4 Years 3 Months
)

==============================
2026-08-19 09:39:27 | Email
francis6062@gmail.com
==============================
2026-08-19 09:39:27 | Name
Salesforce Developer
==============================
2026-08-19 09:39:27 | Mobile
9347001544
==============================
2026-08-19 09:39:27 | ExperienceYears
3
==============================
2026-08-19 09:39:27 | RECOMMENDATION_ANALYSIS
Array
(
    [matchedSkillsCount] => 3
    [requiredSkillsCount] => 6
    [candidateExp] => 3
    [minExpRequired] => 1
    [eduMatch] => 
    [domainStatus] => MATCHED
    [candidateDomain] => Software & IT
    [jobDomain] => Software & IT
)

==============================
2026-08-19 09:39:27 | RECOMMENDATION
Potential Match
==============================
2026-08-19 09:39:27 | RECOMMENDATION_REASON
The candidate has a relevant background for executive, but specific requirements need verification during screening. Skill(s) like Node.js, Mongodb, Docker were not clearly identified in the resume text. Recruiter review and phone screening are recommended.
==============================
2026-08-19 09:50:03 | START
Array
(
    [resumePath] => d:/xampp/htdocs/REC/atscheck/modal/CAND30_20260819125639146.pdf
    [vacancyId] => 30
    [jobTitle] => executive
)

==============================
2026-08-19 09:50:03 | PDF_EXTRACT_SUCCESS
+	
 	
Keerthana	 Anburaj	 	
Salesforce	 Administrator	 / Developer	 – 3+ Years	 of Experience	 	
 
2/452	-1, Sivan	 kovil	 street,	 Maruthampatinam,	 Thiruvarur,	 Tamilnadu	 – 610001 	
Email: 	keerthanaanburaj4@gmail.com	 	
Mobile	 No:	 9360018354	 	
 
EDUCATION:	 	
 
Bachelor	 of Computer	 Application	 from	 E.G.S.	 Pillay	 Arts	 and	 Science	 College,	 Nagapattinam. 	
Percentage: 85%	 	
 
 
 
SUMMARY	 	
 
Salesforce	 Administrator	 / Developer with	 over 3	+ years	 of experience	 in customizing, and	 deploying	 	
Salesforce	 solutions	 across	 Sales	 Cloud,	 Service	 Cloud,	 and	 Experience	 Cloud	 environments.	 Skilled 	
in Apex, Basic Lightning Web Components (LWC), and Flow to create efficient, user	-friendly 	
applications.	 	
Experienced in data management, and building 	reports and dashboards. Known for a proactive 	
approach to problem	-solving and a commitment to continuous learning, with a track record of 	
successfully	 collaborating	 with	 cross	-functional	 teams	 to
==============================
2026-08-19 09:50:03 | RAW_RESUME_TEXT
+	
 	
keerthana	 anburaj	 	
salesforce	 administrator	 / developer	 – 3+ years	 of experience	 	
 
2/452	-1, sivan	 kovil	 street,	 maruthampatinam,	 thiruvarur,	 tamilnadu	 – 610001 	
email: 	keerthanaanburaj4@gmail.com	 	
mobile	 no:	 9360018354	 	
 
education:	 	
 
bachelor	 of computer	 application	 from	 e.g.s.	 pillay	 arts	 and	 science	 college,	 nagapattinam. 	
percentage: 85%	 	
 
 
 
summary	 	
 
salesforce	 administrator	 / developer with	 over 3	+ years	 of experience	 in customizing, and	 deploying	 	
salesforce	 solutions	 across	 sales	 cloud,	 service	 cloud,	 and	 experience	 cloud	 environments.	 skilled 	
in apex, basic lightning web components (lwc), and flow to create efficient, user	-friendly 	
applications.	 	
experienced in data management, and building 	reports and dashboards. known for a proactive 	
approach to problem	-solving and a commitment to continuous learning, with a track record of 	
successfully	 collaborating	 with	 cross	-functional	 teams	 to meet	 business	 goals	 and	 optimize	 salesforce 	
functionality.	 	
 
highlights	 	
 	
● 	over	 3 years	 of experience	 in salesforce	 development,	 specializing	 in sales	 cloud,	 service 	
cloud, and experience cloud.	 	
● 	experienced	 in workflows, process builder, approval	 process, flows, triggers, apex classes, 	
and basic lightning web 	components.	 	
● 	skilled	 in working	 under	 pressure	 and	 adapting	 to new	 situations	 and	 challenges	 to best 	
enhance the organizational brand.	 	
● 	complex problem	-solver with analytical and driven mindset. dedicated to achieving 	
demanding	 development	 objectives	 accordi	ng	 to tight	 schedules	 while	 producing	 impeccable 	
code.	 	
● 	technical	 expertise	 in software	 development	 lifecycle	 stages	 like	 requirements	 gathering, 	
analysis, design, development, deployment and documentation.	 	
● 	good	 knowledge	 of soql	 and	 sosl	 query	 languages.	 good	 knowledge	 of email	 services. 	
experienced in using g
==============================
2026-08-19 09:50:03 | EXPERIENCE_DETAILS
Array
(
    [jobs] => Array
        (
            [0] => Array
                (
                    [from] => april	 2022
                    [to] => present
                    [years] => 4
                    [months] => 5
                    [role] => Salesforce Developer / Associate Software Analyst
                    [company] => Vcollab	 Etiquette
                )

        )

    [total] => 4 Years 5 Months
)

==============================
2026-08-19 09:50:03 | Email
keerthanaanburaj4@gmail.com
==============================
2026-08-19 09:50:03 | Name
Keerthana Anburaj
==============================
2026-08-19 09:50:03 | Mobile
9360018354
==============================
2026-08-19 09:50:03 | ExperienceYears
3
==============================
2026-08-19 09:50:04 | RECOMMENDATION_ANALYSIS
Array
(
    [matchedSkillsCount] => 1
    [requiredSkillsCount] => 6
    [candidateExp] => 3
    [minExpRequired] => 1
    [eduMatch] => 
    [domainStatus] => MATCHED
    [candidateDomain] => Software & IT
    [jobDomain] => Software & IT
)

==============================
2026-08-19 09:50:04 | RECOMMENDATION
Potential Match
==============================
2026-08-19 09:50:04 | RECOMMENDATION_REASON
The candidate has a relevant background for executive, but specific requirements need verification during screening. Skill(s) like Node.js, Mongodb, Rest Api were not clearly identified in the resume text. Recruiter review and phone screening are recommended.
==============================
2026-08-19 09:50:04 | START
Array
(
    [resumePath] => d:/xampp/htdocs/REC/atscheck/modal/CAND30_20260819130357978.pdf
    [vacancyId] => 30
    [jobTitle] => executive
)

==============================
2026-08-19 09:50:04 | PDF_EXTRACT_SUCCESS
Mohamed Fazil
Full Stack Developer — MERN & PHP Specialist Chennai, Tamil Nadu — +91 7200110489
fazil721655@gmail.com — linkedin.com/in/mohamed-fazil — github.com/fazil
Professional Summary BCA Graduate (2025) and Full Stack Developer with hands-on experience building scalable web applications using
MERN stack and PHP. Skilled in REST API development, JWT authentication, Docker-based deployment, and
responsive UI design. Passionate about clean architecture, performance optimization, and production-ready systems.
Core Competencies •Languages:JavaScript (ES6+), PHP
•Frontend:React.js, Next.js, AngularJS, HTML5, CSS3, Bootstrap, Tailwind CSS
•Backend:Node.js, Express.js, PHP
•Databases:MongoDB, MySQL
•API & Security:RESTful APIs, JWT Authentication, bcrypt, Middleware
•DevOps & Tools:Docker, Git, GitHub, VS Code
•Concepts:MVC Architecture, Responsive Design, Performance Optimization, Component-Based Architecture
Work Experience Inet Secure Labs Pvt Ltd – Software D
==============================
2026-08-19 09:50:04 | RAW_RESUME_TEXT
mohamed fazil
full stack developer — mern & php specialist chennai, tamil nadu — +91 7200110489
fazil721655@gmail.com — linkedin.com/in/mohamed-fazil — github.com/fazil
professional summary bca graduate (2025) and full stack developer with hands-on experience building scalable web applications using
mern stack and php. skilled in rest api development, jwt authentication, docker-based deployment, and
responsive ui design. passionate about clean architecture, performance optimization, and production-ready systems.
core competencies •languages:javascript (es6+), php
•frontend:react.js, next.js, angularjs, html5, css3, bootstrap, tailwind css
•backend:node.js, express.js, php
•databases:mongodb, mysql
•api & security:restful apis, jwt authentication, bcrypt, middleware
•devops & tools:docker, git, github, vs code
•concepts:mvc architecture, responsive design, performance optimization, component-based architecture
work experience inet secure labs pvt ltd – software developerpresent
•contributing to full stack development using mern stack and php
•building rest apis and responsive ui components for real-world applications
•working with docker and git for efficient development workflow
featured projects langmaster – full stack e-learning platform
•developed a mern-based platform with lessons, quizzes, and progress tracking
•implemented jwt authentication, bcrypt password security, and protected routes
•designed rest apis for course and user management
•built responsive ui using tailwind css with animations
agri 360 – smart agriculture platform
•built a react.js marketplace for farmers to manage product listings
•integrated weather api for real-time environmental insights
•implemented advanced filtering, search, and location-based features
•optimized performance using react hooks and memoization
resume insight analyzer
•built a custom ats scoring system using php with rule-based nlp logic
•implemented keyword extraction,
==============================
2026-08-19 09:50:04 | EXPERIENCE_DETAILS
Array
(
    [jobs] => Array
        (
        )

    [total] => 0 Years 0 Months
)

==============================
2026-08-19 09:50:04 | Email
fazil721655@gmail.com
==============================
2026-08-19 09:50:04 | Name
Mohamed Fazil
==============================
2026-08-19 09:50:04 | Mobile
+91 7200110489
==============================
2026-08-19 09:50:04 | ExperienceYears
0
==============================
2026-08-19 09:50:04 | RECOMMENDATION_ANALYSIS
Array
(
    [matchedSkillsCount] => 5
    [requiredSkillsCount] => 6
    [candidateExp] => 0
    [minExpRequired] => 1
    [eduMatch] => 1
    [domainStatus] => MATCHED
    [candidateDomain] => Software & IT
    [jobDomain] => Software & IT
)

==============================
2026-08-19 09:50:04 | RECOMMENDATION
Strong Match
==============================
2026-08-19 09:50:04 | RECOMMENDATION_REASON
The candidate's profile aligns well with the requirements of executive. They demonstrate the required foundational qualifications and skills. Their background provides concrete evidence for strong candidate suitability.
==============================
2026-08-19 09:50:04 | START
Array
(
    [resumePath] => d:/xampp/htdocs/REC/atscheck/modal/CAND30_20260819130503812.pdf
    [vacancyId] => 30
    [jobTitle] => executive
)

==============================
2026-08-19 09:50:04 | PDF_EXTRACT_SUCCESS
AGILAN	 B                                                                     	  	
Chennai, India | +91 	915	066	8484	 | agilanagi071@gmail.com	 | @linkedin: 	https://www.linkedin.com/in/agilan	-b 	
 
PROFESSIONAL SUMMARY	 	 	
Highly motivated and detail	-oriented Accounts Payable Analyst with 	2 years of proven experience in managing 	
AP  operations  within  deadline	-driven  environments.  Demonstrated  expertise  in  invoice  processing,  vendor 	
reconciliation, and resolving discrepancies in compliance with internal controls and financial policies. Skilled	 in 	
leveraging ERP systems 	Streamline workflows, ensure data accuracy, and support month	-end closing activities. 	
Adept at collaborating with cross	-functional teams to enhance process effic	iency and maintain strong vendor 	
relationships.  Committed  to  continuous  improvement,  accuracy,  and  delivering  high	-quality  financial  support 	
aligned with organizational goals.	 	
 
CORE SKILLS	 	 	
Accounting & Finance:	
==============================
2026-08-19 09:50:04 | RAW_RESUME_TEXT
agilan	 b                                                                     	  	
chennai, india | +91 	915	066	8484	 | agilanagi071@gmail.com	 | @linkedin: 	https://www.linkedin.com/in/agilan	-b 	
 
professional summary	 	 	
highly motivated and detail	-oriented accounts payable analyst with 	2 years of proven experience in managing 	
ap  operations  within  deadline	-driven  environments.  demonstrated  expertise  in  invoice  processing,  vendor 	
reconciliation, and resolving discrepancies in compliance with internal controls and financial policies. skilled	 in 	
leveraging erp systems 	streamline workflows, ensure data accuracy, and support month	-end closing activities. 	
adept at collaborating with cross	-functional teams to enhance process effic	iency and maintain strong vendor 	
relationships.  committed  to  continuous  improvement,  accuracy,  and  delivering  high	-quality  financial  support 	
aligned with organizational goals.	 	
 
core skills	 	 	
accounting & finance:	 accounts payable, procure	-to	-pay (p2p), vendor reconciliation, invoice processing, 	
month	-end closing, audit & compliance	 	
erp & tools: 	as400 	& 	oracle	  	
productivity tools: 	microsoft office suite (word, powerpoint, outlook, visio, onenote)	 	
 
professional experience	 	 	
projects & developments	 	
process executive 	– cognizant technology solutions                                                                                   	april 2024 	– present	   	
          	 	
– reviewed and processed vendor invoices, ensuring compliance with policies and accuracy of details.	 	
– resolved vendor queries and requests via email/tickets within the agreed sla.	 	
– performed 3	-way matching (invoice, purchase order, and goods receipt) in basware,	 	
– maintained and managed over 1,000 utility accounts, including gas, electricity, and water services	 	
– we will make utility payments on a daily basis, ensuring they are settled within the due dates 
specified on the in
==============================
2026-08-19 09:50:04 | EXPERIENCE_DETAILS
Array
(
    [jobs] => Array
        (
            [0] => Array
                (
                    [from] => april 2024
                    [to] => present
                    [years] => 2
                    [months] => 5
                    [role] => Process Executive
                    [company] => Cognizant Technology Solutions
                )

        )

    [total] => 2 Years 5 Months
)

==============================
2026-08-19 09:50:04 | Email
agilanagi071@gmail.com
==============================
2026-08-19 09:50:04 | Name
Agilan B
==============================
2026-08-19 09:50:04 | Mobile

==============================
2026-08-19 09:50:04 | ExperienceYears
2.4
==============================
2026-08-19 09:50:04 | RECOMMENDATION_ANALYSIS
Array
(
    [matchedSkillsCount] => 1
    [requiredSkillsCount] => 6
    [candidateExp] => 2.4
    [minExpRequired] => 1
    [eduMatch] => 
    [domainStatus] => WRONG_DOMAIN
    [candidateDomain] => Finance & Accounting
    [jobDomain] => Software & IT
)

==============================
2026-08-19 09:50:04 | RECOMMENDATION
Not Suitable
==============================
2026-08-19 09:50:04 | RECOMMENDATION_REASON
Wrong domain: The candidate's resume indicates a Finance & Accounting background, while this vacancy belongs to Software & IT. The candidate's professional domain does not align with the requirements of this position.
==============================
2026-08-19 09:50:04 | START
Array
(
    [resumePath] => d:/xampp/htdocs/REC/atscheck/modal/CAND30_20260819130552650.pdf
    [vacancyId] => 30
    [jobTitle] => executive
)

==============================
2026-08-19 09:50:04 | PDF_EXTRACT_SUCCESS
SALESFORCE	 DEVELOPER	 	
KAMBHAMPATI FRANCIS	 	
☎	 9347001544	 	
✉ francis6062@gmail.com	 	
 	 	
Professional	 Summary	 	
Having	 3+ years	 of hands	-on experience	 in Salesforce	 CRM	 implementations,	 including	 development, 	administration, and 	
Lightning component development.	 	
Strong	 experience	 working	 with	 Sales	 Cloud	 and	 Service	 Cloud,	 delivering	 customized	 business	 solutions.	 	
Hands	-on expertise	 in developing	 Apex	 Classes,	 Triggers,	 Batch	 Apex,	 and	 Apex	 Schedulers	 to impleme	nt complex business 	
logic.	 	
Hands	 on Experience	 in writing	 optimized	 SOQL	 queries	 within	 Apex	 classes	 and	 triggers.	 	
Implemented	 security	 and	 access	 controls	 using	 profiles,	 permission	 sets,	 object	-level,	 field	-level,	 and	 record	-level sharing 	
rules, 	Experience using Postman to test and validate REST API integrations.	 	
Strong	 experience	 working	 with	 Salesforce	 standard	 objects	 such	 as Accounts,	 Contacts,	 Leads,	 and 	Opportunities.
==============================
2026-08-19 09:50:04 | RAW_RESUME_TEXT
salesforce	 developer	 	
kambhampati francis	 	
☞	 9347001544	 	
✉ francis6062@gmail.com	 	
 	 	
professional	 summary	 	
having	 3+ years	 of hands	-on experience	 in salesforce	 crm	 implementations,	 including	 development, 	administration, and 	
lightning component development.	 	
strong	 experience	 working	 with	 sales	 cloud	 and	 service	 cloud,	 delivering	 customized	 business	 solutions.	 	
hands	-on expertise	 in developing	 apex	 classes,	 triggers,	 batch	 apex,	 and	 apex	 schedulers	 to impleme	nt complex business 	
logic.	 	
hands	 on experience	 in writing	 optimized	 soql	 queries	 within	 apex	 classes	 and	 triggers.	 	
implemented	 security	 and	 access	 controls	 using	 profiles,	 permission	 sets,	 object	-level,	 field	-level,	 and	 record	-level sharing 	
rules, 	experience using postman to test and validate rest api integrations.	 	
strong	 experience	 working	 with	 salesforce	 standard	 objects	 such	 as accounts,	 contacts,	 leads,	 and 	opportunities.	 	
developed dynamic and reusable lightning components	 using lightning	 web co	mponents	 (lwc). 	developed	 	
rest	 apis	 using	 apex	 and	 successfully	 integrated	 third	-party rest	 apis	 with	 salesforce.	 	
strong	 understanding	 of server	-side	 business	 logic	 implementation	 using	 apex	 to support	 enterprise	-level 	
requirements, solid knowledge of 	javascript for handling client	-side logic in lightning components.	 	
proficient	 in html,	 css,	 and	 salesforce	 lightning	 design	 system (slds)	 to build	 responsive	 and	 user	-friendly custom uis.	 	
worked	 with	 lightning	 data	 service	 (lds)	 to perform	 efficient	 crud	 operations	 and	 ensure	 data	 consistency. hands	-	
on	 experience	 using	 lightning	 message	 service	 (lms)	 and	 pubsub.js	 for	 component	 communication.	 	
technical	 skills	 	
• salesforce	 development:	 apex	 (classes,	 triggers,	 batch,	 scheduled,	 future),	 soql,	 sosl,	 rest/soap 	apis, 	
custom objects, lds	 	
• omnistudio	 (vlocity
==============================
2026-08-19 09:50:04 | EXPERIENCE_DETAILS
Array
(
    [jobs] => Array
        (
            [0] => Array
                (
                    [from] => june	 2022
                    [to] => present
                    [years] => 4
                    [months] => 3
                    [role] => Salesforce Developer
                    [company] => Amazon Dovelopment Centre Private Limited (
                )

        )

    [total] => 4 Years 3 Months
)

==============================
2026-08-19 09:50:04 | Email
francis6062@gmail.com
==============================
2026-08-19 09:50:04 | Name
Salesforce Developer
==============================
2026-08-19 09:50:04 | Mobile
9347001544
==============================
2026-08-19 09:50:04 | ExperienceYears
3
==============================
2026-08-19 09:50:04 | RECOMMENDATION_ANALYSIS
Array
(
    [matchedSkillsCount] => 3
    [requiredSkillsCount] => 6
    [candidateExp] => 3
    [minExpRequired] => 1
    [eduMatch] => 
    [domainStatus] => MATCHED
    [candidateDomain] => Software & IT
    [jobDomain] => Software & IT
)

==============================
2026-08-19 09:50:04 | RECOMMENDATION
Potential Match
==============================
2026-08-19 09:50:04 | RECOMMENDATION_REASON
The candidate has a relevant background for executive, but specific requirements need verification during screening. Skill(s) like Node.js, Mongodb, Docker were not clearly identified in the resume text. Recruiter review and phone screening are recommended.
==============================
2026-08-19 09:53:38 | START
Array
(
    [resumePath] => d:/xampp/htdocs/REC/atscheck/modal/CAND30_20260819125639146.pdf
    [vacancyId] => 30
    [jobTitle] => executive
)

==============================
2026-08-19 09:53:38 | PDF_EXTRACT_SUCCESS
+	
 	
Keerthana	 Anburaj	 	
Salesforce	 Administrator	 / Developer	 – 3+ Years	 of Experience	 	
 
2/452	-1, Sivan	 kovil	 street,	 Maruthampatinam,	 Thiruvarur,	 Tamilnadu	 – 610001 	
Email: 	keerthanaanburaj4@gmail.com	 	
Mobile	 No:	 9360018354	 	
 
EDUCATION:	 	
 
Bachelor	 of Computer	 Application	 from	 E.G.S.	 Pillay	 Arts	 and	 Science	 College,	 Nagapattinam. 	
Percentage: 85%	 	
 
 
 
SUMMARY	 	
 
Salesforce	 Administrator	 / Developer with	 over 3	+ years	 of experience	 in customizing, and	 deploying	 	
Salesforce	 solutions	 across	 Sales	 Cloud,	 Service	 Cloud,	 and	 Experience	 Cloud	 environments.	 Skilled 	
in Apex, Basic Lightning Web Components (LWC), and Flow to create efficient, user	-friendly 	
applications.	 	
Experienced in data management, and building 	reports and dashboards. Known for a proactive 	
approach to problem	-solving and a commitment to continuous learning, with a track record of 	
successfully	 collaborating	 with	 cross	-functional	 teams	 to
==============================
2026-08-19 09:53:38 | RAW_RESUME_TEXT
+	
 	
keerthana	 anburaj	 	
salesforce	 administrator	 / developer	 – 3+ years	 of experience	 	
 
2/452	-1, sivan	 kovil	 street,	 maruthampatinam,	 thiruvarur,	 tamilnadu	 – 610001 	
email: 	keerthanaanburaj4@gmail.com	 	
mobile	 no:	 9360018354	 	
 
education:	 	
 
bachelor	 of computer	 application	 from	 e.g.s.	 pillay	 arts	 and	 science	 college,	 nagapattinam. 	
percentage: 85%	 	
 
 
 
summary	 	
 
salesforce	 administrator	 / developer with	 over 3	+ years	 of experience	 in customizing, and	 deploying	 	
salesforce	 solutions	 across	 sales	 cloud,	 service	 cloud,	 and	 experience	 cloud	 environments.	 skilled 	
in apex, basic lightning web components (lwc), and flow to create efficient, user	-friendly 	
applications.	 	
experienced in data management, and building 	reports and dashboards. known for a proactive 	
approach to problem	-solving and a commitment to continuous learning, with a track record of 	
successfully	 collaborating	 with	 cross	-functional	 teams	 to meet	 business	 goals	 and	 optimize	 salesforce 	
functionality.	 	
 
highlights	 	
 	
● 	over	 3 years	 of experience	 in salesforce	 development,	 specializing	 in sales	 cloud,	 service 	
cloud, and experience cloud.	 	
● 	experienced	 in workflows, process builder, approval	 process, flows, triggers, apex classes, 	
and basic lightning web 	components.	 	
● 	skilled	 in working	 under	 pressure	 and	 adapting	 to new	 situations	 and	 challenges	 to best 	
enhance the organizational brand.	 	
● 	complex problem	-solver with analytical and driven mindset. dedicated to achieving 	
demanding	 development	 objectives	 accordi	ng	 to tight	 schedules	 while	 producing	 impeccable 	
code.	 	
● 	technical	 expertise	 in software	 development	 lifecycle	 stages	 like	 requirements	 gathering, 	
analysis, design, development, deployment and documentation.	 	
● 	good	 knowledge	 of soql	 and	 sosl	 query	 languages.	 good	 knowledge	 of email	 services. 	
experienced in using g
==============================
2026-08-19 09:53:38 | EXPERIENCE_DETAILS
Array
(
    [jobs] => Array
        (
            [0] => Array
                (
                    [from] => april	 2022
                    [to] => present
                    [years] => 4
                    [months] => 5
                    [role] => Salesforce Developer / Associate Software Analyst
                    [company] => Vcollab	 Etiquette
                )

        )

    [total] => 4 Years 5 Months
)

==============================
2026-08-19 09:53:38 | Email
keerthanaanburaj4@gmail.com
==============================
2026-08-19 09:53:38 | Name
Keerthana Anburaj
==============================
2026-08-19 09:53:38 | Mobile
9360018354
==============================
2026-08-19 09:53:38 | ExperienceYears
3
==============================
2026-08-19 09:53:38 | RECOMMENDATION_ANALYSIS
Array
(
    [matchedSkillsCount] => 1
    [requiredSkillsCount] => 6
    [candidateExp] => 3
    [minExpRequired] => 1
    [eduMatch] => 
    [domainStatus] => MATCHED
    [candidateDomain] => Software & IT
    [jobDomain] => Software & IT
)

==============================
2026-08-19 09:53:38 | RECOMMENDATION
Potential Match
==============================
2026-08-19 09:53:38 | RECOMMENDATION_REASON
The candidate has a relevant background for executive, but specific requirements need verification during screening. Skill(s) like Node.js, Mongodb, Rest Api were not clearly identified in the resume text. Recruiter review and phone screening are recommended.
==============================
2026-08-19 09:53:38 | START
Array
(
    [resumePath] => d:/xampp/htdocs/REC/atscheck/modal/CAND30_20260819130357978.pdf
    [vacancyId] => 30
    [jobTitle] => executive
)

==============================
2026-08-19 09:53:38 | PDF_EXTRACT_SUCCESS
Mohamed Fazil
Full Stack Developer — MERN & PHP Specialist Chennai, Tamil Nadu — +91 7200110489
fazil721655@gmail.com — linkedin.com/in/mohamed-fazil — github.com/fazil
Professional Summary BCA Graduate (2025) and Full Stack Developer with hands-on experience building scalable web applications using
MERN stack and PHP. Skilled in REST API development, JWT authentication, Docker-based deployment, and
responsive UI design. Passionate about clean architecture, performance optimization, and production-ready systems.
Core Competencies •Languages:JavaScript (ES6+), PHP
•Frontend:React.js, Next.js, AngularJS, HTML5, CSS3, Bootstrap, Tailwind CSS
•Backend:Node.js, Express.js, PHP
•Databases:MongoDB, MySQL
•API & Security:RESTful APIs, JWT Authentication, bcrypt, Middleware
•DevOps & Tools:Docker, Git, GitHub, VS Code
•Concepts:MVC Architecture, Responsive Design, Performance Optimization, Component-Based Architecture
Work Experience Inet Secure Labs Pvt Ltd – Software D
==============================
2026-08-19 09:53:38 | RAW_RESUME_TEXT
mohamed fazil
full stack developer — mern & php specialist chennai, tamil nadu — +91 7200110489
fazil721655@gmail.com — linkedin.com/in/mohamed-fazil — github.com/fazil
professional summary bca graduate (2025) and full stack developer with hands-on experience building scalable web applications using
mern stack and php. skilled in rest api development, jwt authentication, docker-based deployment, and
responsive ui design. passionate about clean architecture, performance optimization, and production-ready systems.
core competencies •languages:javascript (es6+), php
•frontend:react.js, next.js, angularjs, html5, css3, bootstrap, tailwind css
•backend:node.js, express.js, php
•databases:mongodb, mysql
•api & security:restful apis, jwt authentication, bcrypt, middleware
•devops & tools:docker, git, github, vs code
•concepts:mvc architecture, responsive design, performance optimization, component-based architecture
work experience inet secure labs pvt ltd – software developerpresent
•contributing to full stack development using mern stack and php
•building rest apis and responsive ui components for real-world applications
•working with docker and git for efficient development workflow
featured projects langmaster – full stack e-learning platform
•developed a mern-based platform with lessons, quizzes, and progress tracking
•implemented jwt authentication, bcrypt password security, and protected routes
•designed rest apis for course and user management
•built responsive ui using tailwind css with animations
agri 360 – smart agriculture platform
•built a react.js marketplace for farmers to manage product listings
•integrated weather api for real-time environmental insights
•implemented advanced filtering, search, and location-based features
•optimized performance using react hooks and memoization
resume insight analyzer
•built a custom ats scoring system using php with rule-based nlp logic
•implemented keyword extraction,
==============================
2026-08-19 09:53:38 | EXPERIENCE_DETAILS
Array
(
    [jobs] => Array
        (
        )

    [total] => 0 Years 0 Months
)

==============================
2026-08-19 09:53:38 | Email
fazil721655@gmail.com
==============================
2026-08-19 09:53:38 | Name
Mohamed Fazil
==============================
2026-08-19 09:53:38 | Mobile
+91 7200110489
==============================
2026-08-19 09:53:38 | ExperienceYears
0
==============================
2026-08-19 09:53:38 | RECOMMENDATION_ANALYSIS
Array
(
    [matchedSkillsCount] => 5
    [requiredSkillsCount] => 6
    [candidateExp] => 0
    [minExpRequired] => 1
    [eduMatch] => 1
    [domainStatus] => MATCHED
    [candidateDomain] => Software & IT
    [jobDomain] => Software & IT
)

==============================
2026-08-19 09:53:38 | RECOMMENDATION
Strong Match
==============================
2026-08-19 09:53:38 | RECOMMENDATION_REASON
The candidate's profile aligns well with the requirements of executive. They demonstrate the required foundational qualifications and skills. Their background provides concrete evidence for strong candidate suitability.
==============================
2026-08-19 09:53:38 | START
Array
(
    [resumePath] => d:/xampp/htdocs/REC/atscheck/modal/CAND30_20260819130503812.pdf
    [vacancyId] => 30
    [jobTitle] => executive
)

==============================
2026-08-19 09:53:38 | PDF_EXTRACT_SUCCESS
AGILAN	 B                                                                     	  	
Chennai, India | +91 	915	066	8484	 | agilanagi071@gmail.com	 | @linkedin: 	https://www.linkedin.com/in/agilan	-b 	
 
PROFESSIONAL SUMMARY	 	 	
Highly motivated and detail	-oriented Accounts Payable Analyst with 	2 years of proven experience in managing 	
AP  operations  within  deadline	-driven  environments.  Demonstrated  expertise  in  invoice  processing,  vendor 	
reconciliation, and resolving discrepancies in compliance with internal controls and financial policies. Skilled	 in 	
leveraging ERP systems 	Streamline workflows, ensure data accuracy, and support month	-end closing activities. 	
Adept at collaborating with cross	-functional teams to enhance process effic	iency and maintain strong vendor 	
relationships.  Committed  to  continuous  improvement,  accuracy,  and  delivering  high	-quality  financial  support 	
aligned with organizational goals.	 	
 
CORE SKILLS	 	 	
Accounting & Finance:	
==============================
2026-08-19 09:53:38 | RAW_RESUME_TEXT
agilan	 b                                                                     	  	
chennai, india | +91 	915	066	8484	 | agilanagi071@gmail.com	 | @linkedin: 	https://www.linkedin.com/in/agilan	-b 	
 
professional summary	 	 	
highly motivated and detail	-oriented accounts payable analyst with 	2 years of proven experience in managing 	
ap  operations  within  deadline	-driven  environments.  demonstrated  expertise  in  invoice  processing,  vendor 	
reconciliation, and resolving discrepancies in compliance with internal controls and financial policies. skilled	 in 	
leveraging erp systems 	streamline workflows, ensure data accuracy, and support month	-end closing activities. 	
adept at collaborating with cross	-functional teams to enhance process effic	iency and maintain strong vendor 	
relationships.  committed  to  continuous  improvement,  accuracy,  and  delivering  high	-quality  financial  support 	
aligned with organizational goals.	 	
 
core skills	 	 	
accounting & finance:	 accounts payable, procure	-to	-pay (p2p), vendor reconciliation, invoice processing, 	
month	-end closing, audit & compliance	 	
erp & tools: 	as400 	& 	oracle	  	
productivity tools: 	microsoft office suite (word, powerpoint, outlook, visio, onenote)	 	
 
professional experience	 	 	
projects & developments	 	
process executive 	– cognizant technology solutions                                                                                   	april 2024 	– present	   	
          	 	
– reviewed and processed vendor invoices, ensuring compliance with policies and accuracy of details.	 	
– resolved vendor queries and requests via email/tickets within the agreed sla.	 	
– performed 3	-way matching (invoice, purchase order, and goods receipt) in basware,	 	
– maintained and managed over 1,000 utility accounts, including gas, electricity, and water services	 	
– we will make utility payments on a daily basis, ensuring they are settled within the due dates 
specified on the in
==============================
2026-08-19 09:53:38 | EXPERIENCE_DETAILS
Array
(
    [jobs] => Array
        (
            [0] => Array
                (
                    [from] => april 2024
                    [to] => present
                    [years] => 2
                    [months] => 5
                    [role] => Process Executive
                    [company] => Cognizant Technology Solutions
                )

        )

    [total] => 2 Years 5 Months
)

==============================
2026-08-19 09:53:38 | Email
agilanagi071@gmail.com
==============================
2026-08-19 09:53:38 | Name
Agilan B
==============================
2026-08-19 09:53:38 | Mobile

==============================
2026-08-19 09:53:38 | ExperienceYears
2.4
==============================
2026-08-19 09:53:38 | RECOMMENDATION_ANALYSIS
Array
(
    [matchedSkillsCount] => 1
    [requiredSkillsCount] => 6
    [candidateExp] => 2.4
    [minExpRequired] => 1
    [eduMatch] => 
    [domainStatus] => WRONG_DOMAIN
    [candidateDomain] => Finance & Accounting
    [jobDomain] => Software & IT
)

==============================
2026-08-19 09:53:38 | RECOMMENDATION
Not Suitable
==============================
2026-08-19 09:53:38 | RECOMMENDATION_REASON
Wrong domain: The candidate's resume indicates a Finance & Accounting background, while this vacancy belongs to Software & IT. The candidate's professional domain does not align with the requirements of this position.
==============================
2026-08-19 09:53:38 | START
Array
(
    [resumePath] => d:/xampp/htdocs/REC/atscheck/modal/CAND30_20260819130552650.pdf
    [vacancyId] => 30
    [jobTitle] => executive
)

==============================
2026-08-19 09:53:38 | PDF_EXTRACT_SUCCESS
SALESFORCE	 DEVELOPER	 	
KAMBHAMPATI FRANCIS	 	
☎	 9347001544	 	
✉ francis6062@gmail.com	 	
 	 	
Professional	 Summary	 	
Having	 3+ years	 of hands	-on experience	 in Salesforce	 CRM	 implementations,	 including	 development, 	administration, and 	
Lightning component development.	 	
Strong	 experience	 working	 with	 Sales	 Cloud	 and	 Service	 Cloud,	 delivering	 customized	 business	 solutions.	 	
Hands	-on expertise	 in developing	 Apex	 Classes,	 Triggers,	 Batch	 Apex,	 and	 Apex	 Schedulers	 to impleme	nt complex business 	
logic.	 	
Hands	 on Experience	 in writing	 optimized	 SOQL	 queries	 within	 Apex	 classes	 and	 triggers.	 	
Implemented	 security	 and	 access	 controls	 using	 profiles,	 permission	 sets,	 object	-level,	 field	-level,	 and	 record	-level sharing 	
rules, 	Experience using Postman to test and validate REST API integrations.	 	
Strong	 experience	 working	 with	 Salesforce	 standard	 objects	 such	 as Accounts,	 Contacts,	 Leads,	 and 	Opportunities.
==============================
2026-08-19 09:53:38 | RAW_RESUME_TEXT
salesforce	 developer	 	
kambhampati francis	 	
☞	 9347001544	 	
✉ francis6062@gmail.com	 	
 	 	
professional	 summary	 	
having	 3+ years	 of hands	-on experience	 in salesforce	 crm	 implementations,	 including	 development, 	administration, and 	
lightning component development.	 	
strong	 experience	 working	 with	 sales	 cloud	 and	 service	 cloud,	 delivering	 customized	 business	 solutions.	 	
hands	-on expertise	 in developing	 apex	 classes,	 triggers,	 batch	 apex,	 and	 apex	 schedulers	 to impleme	nt complex business 	
logic.	 	
hands	 on experience	 in writing	 optimized	 soql	 queries	 within	 apex	 classes	 and	 triggers.	 	
implemented	 security	 and	 access	 controls	 using	 profiles,	 permission	 sets,	 object	-level,	 field	-level,	 and	 record	-level sharing 	
rules, 	experience using postman to test and validate rest api integrations.	 	
strong	 experience	 working	 with	 salesforce	 standard	 objects	 such	 as accounts,	 contacts,	 leads,	 and 	opportunities.	 	
developed dynamic and reusable lightning components	 using lightning	 web co	mponents	 (lwc). 	developed	 	
rest	 apis	 using	 apex	 and	 successfully	 integrated	 third	-party rest	 apis	 with	 salesforce.	 	
strong	 understanding	 of server	-side	 business	 logic	 implementation	 using	 apex	 to support	 enterprise	-level 	
requirements, solid knowledge of 	javascript for handling client	-side logic in lightning components.	 	
proficient	 in html,	 css,	 and	 salesforce	 lightning	 design	 system (slds)	 to build	 responsive	 and	 user	-friendly custom uis.	 	
worked	 with	 lightning	 data	 service	 (lds)	 to perform	 efficient	 crud	 operations	 and	 ensure	 data	 consistency. hands	-	
on	 experience	 using	 lightning	 message	 service	 (lms)	 and	 pubsub.js	 for	 component	 communication.	 	
technical	 skills	 	
• salesforce	 development:	 apex	 (classes,	 triggers,	 batch,	 scheduled,	 future),	 soql,	 sosl,	 rest/soap 	apis, 	
custom objects, lds	 	
• omnistudio	 (vlocity
==============================
2026-08-19 09:53:38 | EXPERIENCE_DETAILS
Array
(
    [jobs] => Array
        (
            [0] => Array
                (
                    [from] => june	 2022
                    [to] => present
                    [years] => 4
                    [months] => 3
                    [role] => Salesforce Developer
                    [company] => Amazon Dovelopment Centre Private Limited (
                )

        )

    [total] => 4 Years 3 Months
)

==============================
2026-08-19 09:53:38 | Email
francis6062@gmail.com
==============================
2026-08-19 09:53:38 | Name
Kambhampati Francis
==============================
2026-08-19 09:53:38 | Mobile
9347001544
==============================
2026-08-19 09:53:38 | ExperienceYears
3
==============================
2026-08-19 09:53:38 | RECOMMENDATION_ANALYSIS
Array
(
    [matchedSkillsCount] => 3
    [requiredSkillsCount] => 6
    [candidateExp] => 3
    [minExpRequired] => 1
    [eduMatch] => 
    [domainStatus] => MATCHED
    [candidateDomain] => Software & IT
    [jobDomain] => Software & IT
)

==============================
2026-08-19 09:53:38 | RECOMMENDATION
Potential Match
==============================
2026-08-19 09:53:38 | RECOMMENDATION_REASON
The candidate has a relevant background for executive, but specific requirements need verification during screening. Skill(s) like Node.js, Mongodb, Docker were not clearly identified in the resume text. Recruiter review and phone screening are recommended.
============================
2026-08-19 14:05:41 | vacancy
SELECT jl.*, GROUP_CONCAT(s.SkillName ORDER BY s.SkillName SEPARATOR ', ') AS RequiredSkills
FROM `IHRJobsList` `jl`
LEFT JOIN `JobSkills` `js` ON `js`.`Jid` = `jl`.`Jid`
LEFT JOIN `IHSkills` `s` ON `s`.`SkillId` = `js`.`SkillId`
WHERE `jl`.`Jid` = '30'
GROUP BY `jl`.`Jid`
============================

==============================
2026-08-19 14:05:41 | START
Array
(
    [resumePath] => D:/xampp/htdocs/REC/atscheck/modal/CAND30_20260819140541904.docx
    [vacancyId] => 30
    [jobTitle] => executive
)

==============================
2026-08-19 14:05:41 | RAW_RESUME_TEXT
﻿marimuthu p 
salesforce developer 
+91 96007 42358 | ✉ marimuthu.vlk@gmail.com |  tiruvarur, tamil nadu https://www.linkedin.com/in/marimuthu-palanivel-017192344/ 
professional summary 
salesforce certified developer with 3.5+ years of experience in salesforce development and administration. skilled in apex, lightning web components (lwc), soql/sosl, and automation tools like flows and process builder. proven track record in delivering scalable, efficient solutions across sales cloud, service cloud, and experience cloud. strong grasp of data migration, security models, and integration via rest apis. committed to agile methodologies and continuous improvement. 
certifications 
• salesforce certified platform developer i 
• salesforce certified administrator 
• salesforce ai associate 
• salesforce ai specialist 
• salesforce certified associate 
technical skills 
• salesforce technologies: apex, lwc, visualforce, soql, sosl, flows, process builder, approvals, dashboards 
• tools: visual studio code, developer console, data loader, workbench, git, jira, postman • web technologies: html, javascript, css 
• salesforce features: sso, salesforce connect, big objects, platform events, cdc • cloud experience: sales cloud, service cloud, experience cloud 
• data migration: import wizard, data loader, bulk api 
• other: integration using rest apis, security model, sharing rules, profiles, and roles 
work experience 
salesforce admin &amp; developer 
subsel tech solution pvt. ltd. — april 2022 – present 
• developed and deployed custom applications using apex, visualforce, lwc, and lightning components.
• built and maintained automation using flows, process builder, and approval processes. • worked with standard/custom objects including accounts, contacts, opportunities, cases, leads, etc. 
• implemented security at organization, object, field, and record levels. • migrated data using data loader and workbench. 
• designed dashboard
==============================
2026-08-19 14:05:41 | EXPERIENCE_DETAILS
Array
(
    [jobs] => Array
        (
            [0] => Array
                (
                    [from] => april 2022
                    [to] => present
                    [years] => 4
                    [months] => 5
                    [role] => Salesforce Admin &amp; Developer
                    [company] => Subsel Tech Solution Pvt. Ltd. -
                )

            [1] => Array
                (
                    [from] => apr 2022
                    [to] => may 2023
                    [years] => 1
                    [months] => 1
                    [role] => Projects
                    [company] => Leaseworks (
                )

            [2] => Array
                (
                    [from] => jun 2023
                    [to] => nov 2024
                    [years] => 1
                    [months] => 5
                    [role] => Managed Metadata And Deployment Using Migration To
                    [company] => Tax Project (
                )

            [3] => Array
                (
                    [from] => dec 2023
                    [to] => may 2024
                    [years] => 0
                    [months] => 5
                    [role] => Managed Custom Records, Record Types, And Role-bas
                    [company] => Petrosoft (
                )

            [4] => Array
                (
                    [from] => jun 2024
                    [to] => present
                    [years] => 2
                    [months] => 2
                    [role] => Designed Custom Objects And Automated Business Log
                    [company] => Adobe (client Project) (
                )

        )

    [total] => 9 Years 6 Months
)

==============================
2026-08-19 14:05:41 | Email
marimuthu.vlk@gmail.com
==============================
2026-08-19 14:05:41 | Name
Marimuthu P
==============================
2026-08-19 14:05:41 | Mobile

==============================
2026-08-19 14:05:41 | ExperienceYears
3.5
==============================
2026-08-19 14:05:41 | RECOMMENDATION_ANALYSIS
Array
(
    [matchedSkillsCount] => 0
    [requiredSkillsCount] => 2
    [candidateExp] => 3.5
    [minExpRequired] => 1
    [eduMatch] => 
    [domainStatus] => MATCHED
    [candidateDomain] => Software & IT
    [jobDomain] => Software & IT
)

==============================
2026-08-19 14:05:41 | RECOMMENDATION
Potential Match
==============================
2026-08-19 14:05:41 | RECOMMENDATION_REASON
The candidate has a relevant background for executive, but specific requirements need verification during screening. Skill(s) like Excel, Powerbi were not clearly identified in the resume text. Recruiter review and phone screening are recommended.
============================
2026-08-19 14:05:41 | vacancy
Array
(
    [Jid] => 30
    [JobCode] => JOB-2026-0002
    [JobTitle] => executive
    [RoleSummary] => Data engineer
    [Did] => 1
    [EmploymentType] => Full-Time
    [WorkMode] => Onsite
    [EducationRequired] => bca,bsc,btech
    [ExpMin] => 1.00
    [ExpMax] => 2.00
    [SalMin] => 0
    [SalMax] => 0
    [Currency] => INR
    [NoofOpenings] => 1
    [JobStatus] => Open
    [JobDescription] => ssssssssssssssssssssssssssss
    [Responsibilities] => ssssssssssssssssssssssssssss
    [Qualifications] => 
    [JobLocation] => chennai
    [CommunicationLang] => english,hindi
    [PostedOn] => 2026-08-13 11:20:59
    [UpdatedOn] => 2026-08-18 12:08:40
    [ExpiryDate] => 
    [TargetOnboardingDate] => 2026-08-21
    [Salary] => 5 - 10 LPA
    [PostedBy] => 17
    [SkillScore] => 0
    [EducationScore] => 0
    [ExperienceScore] => 0
    [ProjectScore] => 0
    [CertificationScore] => 0
    [ResumeQualityScore] => 0
    [DomainKnowledgeScore] => 0
    [CtcApproverId] => 18
    [AssignedRecruiterManagerId] => 17
    [HoldUntilDate] => 
    [HoldReminderSentDate] => 
    [MustHaveSkills] => React, Node.js, MongoDB, REST API
    [NiceToHaveSkills] => Docker, AWS
    [RequiredSkills] => excel, powerbi
)

============================

============================
2026-08-19 14:05:41 | FINAL RESULT RETURN
Array
(
    [recommendation] => Potential Match
    [recommendation_reason] => The candidate has a relevant background for executive, but specific requirements need verification during screening. Skill(s) like Excel, Powerbi were not clearly identified in the resume text. Recruiter review and phone screening are recommended.
    [relevant_evidence] => Array
        (
            [0] => Work Experience: 3.5 Years total experience (Vacancy Required: Min 1 Years)
            [1] => Domain Fit: Background in Software & IT
            [2] => Extracted Resume Skills: Javascript, Salesforce, Lwc, Apex, Soql, Html, Css, Rest Api
        )

    [missing_requirements] => Array
        (
            [0] => Required Skills Not Found: Excel, Powerbi
            [1] => Education Gap: Required qualification (bca,bsc,btech) not clearly identified in resume
        )

    [status] => Potential Match
    [email] => marimuthu.vlk@gmail.com
    [name] => Marimuthu P
    [mobileNumbers] => 
    [expyrs] => 3.5
    [experience_details] => Array
        (
            [jobs] => Array
                (
                    [0] => Array
                        (
                            [from] => april 2022
                            [to] => present
                            [years] => 4
                            [months] => 5
                            [role] => Salesforce Admin &amp; Developer
                            [company] => Subsel Tech Solution Pvt. Ltd. -
                        )

                    [1] => Array
                        (
                            [from] => apr 2022
                            [to] => may 2023
                            [years] => 1
                            [months] => 1
                            [role] => Projects
                            [company] => Leaseworks (
                        )

                    [2] => Array
                        (
                            [from] => jun 2023
                            [to] => nov 2024
                            [years] => 1
                            [months] => 5
                            [role] => Managed Metadata And Deployment Using Migration To
                            [company] => Tax Project (
                        )

                    [3] => Array
                        (
                            [from] => dec 2023
                            [to] => may 2024
                            [years] => 0
                            [months] => 5
                            [role] => Managed Custom Records, Record Types, And Role-bas
                            [company] => Petrosoft (
                        )

                    [4] => Array
                        (
                            [from] => jun 2024
                            [to] => present
                            [years] => 2
                            [months] => 2
                            [role] => Designed Custom Objects And Automated Business Log
                            [company] => Adobe (client Project) (
                        )

                )

            [total] => 9 Years 6 Months
        )

    [domain] => Software & IT
    [job_domain] => Software & IT
    [candidate_domain] => Software & IT
    [domain_status] => MATCHED
    [domain_analysis] => Array
        (
            [candidate_domain] => Software & IT
            [candidate_domain_confidence] => High
            [job_domain] => Software & IT
            [job_domain_confidence] => High
            [domain_status] => MATCHED
            [domain_reason] => Candidate profile and vacancy belong to the same professional domain.
            [domain_evidence] => Array
                (
                    [0] => developer
                    [1] => engineer
                    [2] => javascript
                    [3] => java
                    [4] => git
                )

        )

    [matched_skills] => 
    [missing_skills] => Excel, Powerbi
    [all_extracted_skills] => Javascript, Salesforce, Lwc, Apex, Soql, Html, Css, Rest Api, Git, Accounting, Taxation, Crm, Sales, Inventory Management, Agile
    [education_match] => No
    [experience] => Yes
    [detected_degree] => BACHELOR OF ENGINEERING
    [candidate_profile] => Array
        (
            [headline] => Software / IT Professional
            [current_role] => Software / IT Professional
            [current_company] => efficient solutions
            [summary] => Software / IT Professional with 3.5 years of total professional experience and hands-on exposure to Javascript, Salesforce, Lwc, Apex, Soql, Html, Css, Rest Api, Git, Accounting.
            [degree] => BACHELOR OF ENGINEERING
            [institution] => MNSK College
            [grad_year] => Not specified in resume
            [training] => Not specified in resume
            [categorized_skills] => Array
                (
                    [Frontend] => Html, Css, Javascript
                    [Backend] => Rest Api
                    [API / Security] => Rest Api
                    [DevOps / Tools] => Git
                    [Finance & Accounts] => Accounting, Taxation
                    [Sales & Marketing] => Crm, Sales
                    [Other Skills] => Salesforce, Lwc, Apex, Soql, Inventory Management, Agile
                )

            [work_history] => Array
                (
                    [0] => Array
                        (
                            [role] => Salesforce Admin &amp; Developer
                            [company] => Subsel Tech Solution Pvt. Ltd. -
                            [period] => april 2022 - present
                            [duration] => 4 Yrs 5 Mos
                        )

                    [1] => Array
                        (
                            [role] => Projects
                            [company] => Leaseworks (
                            [period] => apr 2022 - may 2023
                            [duration] => 1 Yrs 1 Mos
                        )

                    [2] => Array
                        (
                            [role] => Managed Metadata And Deployment Using Migration To
                            [company] => Tax Project (
                            [period] => jun 2023 - nov 2024
                            [duration] => 1 Yrs 5 Mos
                        )

                    [3] => Array
                        (
                            [role] => Managed Custom Records, Record Types, And Role-bas
                            [company] => Petrosoft (
                            [period] => dec 2023 - may 2024
                            [duration] => 0 Yrs 5 Mos
                        )

                    [4] => Array
                        (
                            [role] => Designed Custom Objects And Automated Business Log
                            [company] => Adobe (client Project) (
                            [period] => jun 2024 - present
                            [duration] => 2 Yrs 2 Mos
                        )

                )

            [projects] => Array
                (
                )

            [domain] => Software & IT
        )

)

============================

==============================
2026-08-19 10:47:21 | START
Array
(
    [resumePath] => d:/xampp/htdocs/REC/atscheck/modal/CAND30_20260819125639146.pdf
    [vacancyId] => 30
    [jobTitle] => Salesforce Developer
)

==============================
2026-08-19 10:47:21 | PDF_EXTRACT_SUCCESS
+	
 	
Keerthana	 Anburaj	 	
Salesforce	 Administrator	 / Developer	 – 3+ Years	 of Experience	 	
 
2/452	-1, Sivan	 kovil	 street,	 Maruthampatinam,	 Thiruvarur,	 Tamilnadu	 – 610001 	
Email: 	keerthanaanburaj4@gmail.com	 	
Mobile	 No:	 9360018354	 	
 
EDUCATION:	 	
 
Bachelor	 of Computer	 Application	 from	 E.G.S.	 Pillay	 Arts	 and	 Science	 College,	 Nagapattinam. 	
Percentage: 85%	 	
 
 
 
SUMMARY	 	
 
Salesforce	 Administrator	 / Developer with	 over 3	+ years	 of experience	 in customizing, and	 deploying	 	
Salesforce	 solutions	 across	 Sales	 Cloud,	 Service	 Cloud,	 and	 Experience	 Cloud	 environments.	 Skilled 	
in Apex, Basic Lightning Web Components (LWC), and Flow to create efficient, user	-friendly 	
applications.	 	
Experienced in data management, and building 	reports and dashboards. Known for a proactive 	
approach to problem	-solving and a commitment to continuous learning, with a track record of 	
successfully	 collaborating	 with	 cross	-functional	 teams	 to
==============================
2026-08-19 10:47:21 | RAW_RESUME_TEXT
+	
 	
keerthana	 anburaj	 	
salesforce	 administrator	 / developer	 – 3+ years	 of experience	 	
 
2/452	-1, sivan	 kovil	 street,	 maruthampatinam,	 thiruvarur,	 tamilnadu	 – 610001 	
email: 	keerthanaanburaj4@gmail.com	 	
mobile	 no:	 9360018354	 	
 
education:	 	
 
bachelor	 of computer	 application	 from	 e.g.s.	 pillay	 arts	 and	 science	 college,	 nagapattinam. 	
percentage: 85%	 	
 
 
 
summary	 	
 
salesforce	 administrator	 / developer with	 over 3	+ years	 of experience	 in customizing, and	 deploying	 	
salesforce	 solutions	 across	 sales	 cloud,	 service	 cloud,	 and	 experience	 cloud	 environments.	 skilled 	
in apex, basic lightning web components (lwc), and flow to create efficient, user	-friendly 	
applications.	 	
experienced in data management, and building 	reports and dashboards. known for a proactive 	
approach to problem	-solving and a commitment to continuous learning, with a track record of 	
successfully	 collaborating	 with	 cross	-functional	 teams	 to meet	 business	 goals	 and	 optimize	 salesforce 	
functionality.	 	
 
highlights	 	
 	
● 	over	 3 years	 of experience	 in salesforce	 development,	 specializing	 in sales	 cloud,	 service 	
cloud, and experience cloud.	 	
● 	experienced	 in workflows, process builder, approval	 process, flows, triggers, apex classes, 	
and basic lightning web 	components.	 	
● 	skilled	 in working	 under	 pressure	 and	 adapting	 to new	 situations	 and	 challenges	 to best 	
enhance the organizational brand.	 	
● 	complex problem	-solver with analytical and driven mindset. dedicated to achieving 	
demanding	 development	 objectives	 accordi	ng	 to tight	 schedules	 while	 producing	 impeccable 	
code.	 	
● 	technical	 expertise	 in software	 development	 lifecycle	 stages	 like	 requirements	 gathering, 	
analysis, design, development, deployment and documentation.	 	
● 	good	 knowledge	 of soql	 and	 sosl	 query	 languages.	 good	 knowledge	 of email	 services. 	
experienced in using g
==============================
2026-08-19 10:47:21 | EXPERIENCE_DETAILS
Array
(
    [jobs] => Array
        (
            [0] => Array
                (
                    [from] => april	 2022
                    [to] => present
                    [years] => 4
                    [months] => 5
                    [role] => Salesforce Developer / Associate Software Analyst
                    [company] => Vcollab	 Etiquette
                )

        )

    [total] => 4 Years 5 Months
)

==============================
2026-08-19 10:47:21 | Email
keerthanaanburaj4@gmail.com
==============================
2026-08-19 10:47:21 | Name
Keerthana Anburaj
==============================
2026-08-19 10:47:21 | Mobile
9360018354
==============================
2026-08-19 10:47:21 | ExperienceYears
3
==============================
2026-08-19 10:47:21 | RECOMMENDATION_ANALYSIS
Array
(
    [matchedSkillsCount] => 0
    [requiredSkillsCount] => 0
    [candidateExp] => 3
    [minExpRequired] => 0
    [eduMatch] => 1
    [domainStatus] => MATCHED
    [candidateDomain] => Software & IT
    [jobDomain] => Software & IT
)

==============================
2026-08-19 10:47:21 | RECOMMENDATION
Strong Match
==============================
2026-08-19 10:47:21 | RECOMMENDATION_REASON
The candidate's profile aligns well with the requirements of Salesforce Developer. They possess 3 years of relevant experience. Their background provides concrete evidence for strong candidate suitability.
==============================
2026-08-19 10:47:21 | START
Array
(
    [resumePath] => d:/xampp/htdocs/REC/atscheck/modal/CAND30_20260819130552650.pdf
    [vacancyId] => 30
    [jobTitle] => Salesforce Developer
)

==============================
2026-08-19 10:47:21 | PDF_EXTRACT_SUCCESS
SALESFORCE	 DEVELOPER	 	
KAMBHAMPATI FRANCIS	 	
☎	 9347001544	 	
✉ francis6062@gmail.com	 	
 	 	
Professional	 Summary	 	
Having	 3+ years	 of hands	-on experience	 in Salesforce	 CRM	 implementations,	 including	 development, 	administration, and 	
Lightning component development.	 	
Strong	 experience	 working	 with	 Sales	 Cloud	 and	 Service	 Cloud,	 delivering	 customized	 business	 solutions.	 	
Hands	-on expertise	 in developing	 Apex	 Classes,	 Triggers,	 Batch	 Apex,	 and	 Apex	 Schedulers	 to impleme	nt complex business 	
logic.	 	
Hands	 on Experience	 in writing	 optimized	 SOQL	 queries	 within	 Apex	 classes	 and	 triggers.	 	
Implemented	 security	 and	 access	 controls	 using	 profiles,	 permission	 sets,	 object	-level,	 field	-level,	 and	 record	-level sharing 	
rules, 	Experience using Postman to test and validate REST API integrations.	 	
Strong	 experience	 working	 with	 Salesforce	 standard	 objects	 such	 as Accounts,	 Contacts,	 Leads,	 and 	Opportunities.
==============================
2026-08-19 10:47:21 | RAW_RESUME_TEXT
salesforce	 developer	 	
kambhampati francis	 	
☞	 9347001544	 	
✉ francis6062@gmail.com	 	
 	 	
professional	 summary	 	
having	 3+ years	 of hands	-on experience	 in salesforce	 crm	 implementations,	 including	 development, 	administration, and 	
lightning component development.	 	
strong	 experience	 working	 with	 sales	 cloud	 and	 service	 cloud,	 delivering	 customized	 business	 solutions.	 	
hands	-on expertise	 in developing	 apex	 classes,	 triggers,	 batch	 apex,	 and	 apex	 schedulers	 to impleme	nt complex business 	
logic.	 	
hands	 on experience	 in writing	 optimized	 soql	 queries	 within	 apex	 classes	 and	 triggers.	 	
implemented	 security	 and	 access	 controls	 using	 profiles,	 permission	 sets,	 object	-level,	 field	-level,	 and	 record	-level sharing 	
rules, 	experience using postman to test and validate rest api integrations.	 	
strong	 experience	 working	 with	 salesforce	 standard	 objects	 such	 as accounts,	 contacts,	 leads,	 and 	opportunities.	 	
developed dynamic and reusable lightning components	 using lightning	 web co	mponents	 (lwc). 	developed	 	
rest	 apis	 using	 apex	 and	 successfully	 integrated	 third	-party rest	 apis	 with	 salesforce.	 	
strong	 understanding	 of server	-side	 business	 logic	 implementation	 using	 apex	 to support	 enterprise	-level 	
requirements, solid knowledge of 	javascript for handling client	-side logic in lightning components.	 	
proficient	 in html,	 css,	 and	 salesforce	 lightning	 design	 system (slds)	 to build	 responsive	 and	 user	-friendly custom uis.	 	
worked	 with	 lightning	 data	 service	 (lds)	 to perform	 efficient	 crud	 operations	 and	 ensure	 data	 consistency. hands	-	
on	 experience	 using	 lightning	 message	 service	 (lms)	 and	 pubsub.js	 for	 component	 communication.	 	
technical	 skills	 	
• salesforce	 development:	 apex	 (classes,	 triggers,	 batch,	 scheduled,	 future),	 soql,	 sosl,	 rest/soap 	apis, 	
custom objects, lds	 	
• omnistudio	 (vlocity
==============================
2026-08-19 10:47:21 | EXPERIENCE_DETAILS
Array
(
    [jobs] => Array
        (
            [0] => Array
                (
                    [from] => june	 2022
                    [to] => present
                    [years] => 4
                    [months] => 3
                    [role] => Salesforce Developer
                    [company] => Amazon Dovelopment Centre Private Limited (
                )

        )

    [total] => 4 Years 3 Months
)

==============================
2026-08-19 10:47:21 | Email
francis6062@gmail.com
==============================
2026-08-19 10:47:21 | Name
Kambhampati Francis
==============================
2026-08-19 10:47:21 | Mobile
9347001544
==============================
2026-08-19 10:47:21 | ExperienceYears
3
==============================
2026-08-19 10:47:21 | RECOMMENDATION_ANALYSIS
Array
(
    [matchedSkillsCount] => 0
    [requiredSkillsCount] => 0
    [candidateExp] => 3
    [minExpRequired] => 0
    [eduMatch] => 1
    [domainStatus] => MATCHED
    [candidateDomain] => Software & IT
    [jobDomain] => Software & IT
)

==============================
2026-08-19 10:47:21 | RECOMMENDATION
Strong Match
==============================
2026-08-19 10:47:21 | RECOMMENDATION_REASON
The candidate's profile aligns well with the requirements of Salesforce Developer. They possess 3 years of relevant experience. Their background provides concrete evidence for strong candidate suitability.
==============================
2026-08-19 14:24:21 | START
Array
(
    [resumePath] => D:\xampp\htdocs\REC\atscheck/modal/CAND31_20260819142421182.docx
    [vacancyId] => 31
    [jobTitle] => HUMAN RESOURCES
)

==============================
2026-08-19 14:24:21 | RAW_RESUME_TEXT
﻿marimuthu p 
salesforce developer 
+91 96007 42358 | ✉ marimuthu.vlk@gmail.com |  tiruvarur, tamil nadu https://www.linkedin.com/in/marimuthu-palanivel-017192344/ 
professional summary 
salesforce certified developer with 3.5+ years of experience in salesforce development and administration. skilled in apex, lightning web components (lwc), soql/sosl, and automation tools like flows and process builder. proven track record in delivering scalable, efficient solutions across sales cloud, service cloud, and experience cloud. strong grasp of data migration, security models, and integration via rest apis. committed to agile methodologies and continuous improvement. 
certifications 
• salesforce certified platform developer i 
• salesforce certified administrator 
• salesforce ai associate 
• salesforce ai specialist 
• salesforce certified associate 
technical skills 
• salesforce technologies: apex, lwc, visualforce, soql, sosl, flows, process builder, approvals, dashboards 
• tools: visual studio code, developer console, data loader, workbench, git, jira, postman • web technologies: html, javascript, css 
• salesforce features: sso, salesforce connect, big objects, platform events, cdc • cloud experience: sales cloud, service cloud, experience cloud 
• data migration: import wizard, data loader, bulk api 
• other: integration using rest apis, security model, sharing rules, profiles, and roles 
work experience 
salesforce admin &amp; developer 
subsel tech solution pvt. ltd. — april 2022 – present 
• developed and deployed custom applications using apex, visualforce, lwc, and lightning components.
• built and maintained automation using flows, process builder, and approval processes. • worked with standard/custom objects including accounts, contacts, opportunities, cases, leads, etc. 
• implemented security at organization, object, field, and record levels. • migrated data using data loader and workbench. 
• designed dashboard
==============================
2026-08-19 14:24:21 | EXPERIENCE_DETAILS
Array
(
    [jobs] => Array
        (
            [0] => Array
                (
                    [from] => april 2022
                    [to] => present
                    [years] => 4
                    [months] => 5
                    [role] => Salesforce Admin &amp; Developer
                    [company] => Subsel Tech Solution Pvt. Ltd. -
                )

            [1] => Array
                (
                    [from] => apr 2022
                    [to] => may 2023
                    [years] => 1
                    [months] => 1
                    [role] => Projects
                    [company] => Leaseworks (
                )

            [2] => Array
                (
                    [from] => jun 2023
                    [to] => nov 2024
                    [years] => 1
                    [months] => 5
                    [role] => Managed Metadata And Deployment Using Migration To
                    [company] => Tax Project (
                )

            [3] => Array
                (
                    [from] => dec 2023
                    [to] => may 2024
                    [years] => 0
                    [months] => 5
                    [role] => Managed Custom Records, Record Types, And Role-bas
                    [company] => Petrosoft (
                )

            [4] => Array
                (
                    [from] => jun 2024
                    [to] => present
                    [years] => 2
                    [months] => 2
                    [role] => Designed Custom Objects And Automated Business Log
                    [company] => Adobe (client Project) (
                )

        )

    [total] => 9 Years 6 Months
)

==============================
2026-08-19 14:24:21 | Email
marimuthu.vlk@gmail.com
==============================
2026-08-19 14:24:21 | Name
Marimuthu P
==============================
2026-08-19 14:24:21 | Mobile

==============================
2026-08-19 14:24:21 | ExperienceYears
3.5
==============================
2026-08-19 14:24:21 | RECOMMENDATION_ANALYSIS
Array
(
    [matchedSkillsCount] => 1
    [requiredSkillsCount] => 4
    [candidateExp] => 3.5
    [minExpRequired] => 2.5
    [eduMatch] => 1
    [domainStatus] => WRONG_DOMAIN
    [candidateDomain] => Software & IT
    [jobDomain] => Human Resources
)

==============================
2026-08-19 14:24:21 | RECOMMENDATION
Not Suitable
==============================
2026-08-19 14:24:21 | RECOMMENDATION_REASON
Wrong domain: The candidate's resume indicates a Software & IT background, while this vacancy belongs to Human Resources. The candidate's professional domain does not align with the requirements of this position.
==============================
2026-08-19 14:24:21 | START
Array
(
    [resumePath] => D:\xampp\htdocs\REC\atscheck/modal/CAND31_20260819142421409.docx
    [vacancyId] => 31
    [jobTitle] => HUMAN RESOURCES
)

==============================
2026-08-19 14:24:21 | RAW_RESUME_TEXT
﻿vijay k
it &amp; network support engineer (l1)
phone: 7867070840 | email: vijaykumaresan92@gmail.com
952500141605
professional summary
dedicated it support &amp; l1 network engineer with hands-on experience in desktop support, hardware troubleshooting, network basics, o365, vpn support, and it asset management. strong ability to resolve user issues efficiently and ensure smooth it operations.
952500258445
key skills
technical skills
networking fundamentals
ccna course completed  

tcp/ip, osi model, ip addressing &amp; subnetting, vlan config, routing protocol, nat, dhcp, dns, stp and wan connectivity.

network devices &amp; installation

switch &amp; router installation and mounting, patch panel &amp; rack management, structured cabling, access point mounting &amp; configuration, network hardware troubleshooting.

configuration &amp; management

cisco routers &amp; switches, vlan configuration, inter vlan routing, wireless access point setup and vpn configuration.

network switch acl

access control lists (acls), vpn setup, basic intrusion prevention techniques.

monitoring &amp; troubleshooting

it support

switch movement, it asset maintenance and tracking, o365, laptop &amp; desktop configuration &amp; troubleshooting, printer setup (hp&amp; zebra barcode printer), &amp; application installation.

soft skills

strong problem-solving and analytical abilities.

hands-on experience in device installation &amp; network cabling.

ability to learn quickly and adapt to new technologies, team collaboration and support coordination.
professional experience it support
engineer(l1)

sentinel technology pvt ltd(client: tata electronics products &amp; solutions), hosur dec 2024 – present
cctv hardware engineer 

networking

952500186690

ipqc – in process quality control
bangalore datacom pvt ltd(client: tata electronics pvt. ltd.), hosur jul 2023 – nov 2024
id card printing 

data maintained 

access control help desk
952500182880

education
 b.a economics
sacred h
==============================
2026-08-19 14:24:21 | EXPERIENCE_DETAILS
Array
(
    [jobs] => Array
        (
            [0] => Array
                (
                    [from] => dec 2024
                    [to] => present
                    [years] => 1
                    [months] => 8
                    [role] => Engineer(l1)
                    [company] => Sentinel Technology Pvt Ltd(client: Tata Electroni
                )

            [1] => Array
                (
                    [from] => jul 2023
                    [to] => nov 2024
                    [years] => 1
                    [months] => 4
                    [role] => Ipqc - In Process Quality Control
                    [company] => Bangalore Datacom Pvt Ltd(client: Tata Electronics
                )

        )

    [total] => 3 Years 0 Months
)

==============================
2026-08-19 14:24:21 | Email
vijaykumaresan92@gmail.com
==============================
2026-08-19 14:24:21 | Name
Vijay K
==============================
2026-08-19 14:24:21 | Mobile
7867070840, 9525001416, 9525002584, 9525001866, 9525001828, 9525002933, 9525002889
==============================
2026-08-19 14:24:21 | ExperienceYears
3
==============================
2026-08-19 14:24:21 | RECOMMENDATION_ANALYSIS
Array
(
    [matchedSkillsCount] => 1
    [requiredSkillsCount] => 4
    [candidateExp] => 3
    [minExpRequired] => 2.5
    [eduMatch] => 1
    [domainStatus] => UNCLEAR
    [candidateDomain] => Education
    [jobDomain] => Human Resources
)

==============================
2026-08-19 14:24:21 | RECOMMENDATION
Potential Match
==============================
2026-08-19 14:24:21 | RECOMMENDATION_REASON
The candidate has a relevant background for HUMAN RESOURCES, but specific requirements need verification during screening. Skill(s) like Communication, Negotiation & Pitching, Stakeholder Management were not clearly identified in the resume text. Recruiter review and phone screening are recommended.
==============================
2026-08-19 14:24:21 | START
Array
(
    [resumePath] => D:\xampp\htdocs\REC\atscheck/modal/CAND31_20260819142421263.pdf
    [vacancyId] => 31
    [jobTitle] => HUMAN RESOURCES
)

==============================
2026-08-19 14:24:21 | PDF_EXTRACT_SUCCESS
AGILAN	 B                                                                     	  	
Chennai, India | +91 	915	066	8484	 | agilanagi071@gmail.com	 | @linkedin: 	https://www.linkedin.com/in/agilan	-b 	
 
PROFESSIONAL SUMMARY	 	 	
Highly motivated and detail	-oriented Accounts Payable Analyst with 	2 years of proven experience in managing 	
AP  operations  within  deadline	-driven  environments.  Demonstrated  expertise  in  invoice  processing,  vendor 	
reconciliation, and resolving discrepancies in compliance with internal controls and financial policies. Skilled	 in 	
leveraging ERP systems 	Streamline workflows, ensure data accuracy, and support month	-end closing activities. 	
Adept at collaborating with cross	-functional teams to enhance process effic	iency and maintain strong vendor 	
relationships.  Committed  to  continuous  improvement,  accuracy,  and  delivering  high	-quality  financial  support 	
aligned with organizational goals.	 	
 
CORE SKILLS	 	 	
Accounting & Finance:	
==============================
2026-08-19 14:24:21 | RAW_RESUME_TEXT
agilan	 b                                                                     	  	
chennai, india | +91 	915	066	8484	 | agilanagi071@gmail.com	 | @linkedin: 	https://www.linkedin.com/in/agilan	-b 	
 
professional summary	 	 	
highly motivated and detail	-oriented accounts payable analyst with 	2 years of proven experience in managing 	
ap  operations  within  deadline	-driven  environments.  demonstrated  expertise  in  invoice  processing,  vendor 	
reconciliation, and resolving discrepancies in compliance with internal controls and financial policies. skilled	 in 	
leveraging erp systems 	streamline workflows, ensure data accuracy, and support month	-end closing activities. 	
adept at collaborating with cross	-functional teams to enhance process effic	iency and maintain strong vendor 	
relationships.  committed  to  continuous  improvement,  accuracy,  and  delivering  high	-quality  financial  support 	
aligned with organizational goals.	 	
 
core skills	 	 	
accounting & finance:	 accounts payable, procure	-to	-pay (p2p), vendor reconciliation, invoice processing, 	
month	-end closing, audit & compliance	 	
erp & tools: 	as400 	& 	oracle	  	
productivity tools: 	microsoft office suite (word, powerpoint, outlook, visio, onenote)	 	
 
professional experience	 	 	
projects & developments	 	
process executive 	– cognizant technology solutions                                                                                   	april 2024 	– present	   	
          	 	
– reviewed and processed vendor invoices, ensuring compliance with policies and accuracy of details.	 	
– resolved vendor queries and requests via email/tickets within the agreed sla.	 	
– performed 3	-way matching (invoice, purchase order, and goods receipt) in basware,	 	
– maintained and managed over 1,000 utility accounts, including gas, electricity, and water services	 	
– we will make utility payments on a daily basis, ensuring they are settled within the due dates 
specified on the in
==============================
2026-08-19 14:24:21 | EXPERIENCE_DETAILS
Array
(
    [jobs] => Array
        (
            [0] => Array
                (
                    [from] => april 2024
                    [to] => present
                    [years] => 2
                    [months] => 5
                    [role] => Process Executive
                    [company] => Cognizant Technology Solutions
                )

        )

    [total] => 2 Years 5 Months
)

==============================
2026-08-19 14:24:21 | Email
agilanagi071@gmail.com
==============================
2026-08-19 14:24:21 | Name
Agilan B
==============================
2026-08-19 14:24:21 | Mobile

==============================
2026-08-19 14:24:21 | ExperienceYears
2.4
==============================
2026-08-19 14:24:21 | RECOMMENDATION_ANALYSIS
Array
(
    [matchedSkillsCount] => 1
    [requiredSkillsCount] => 4
    [candidateExp] => 2.4
    [minExpRequired] => 2.5
    [eduMatch] => 1
    [domainStatus] => WRONG_DOMAIN
    [candidateDomain] => Finance & Accounting
    [jobDomain] => Human Resources
)

==============================
2026-08-19 14:24:21 | RECOMMENDATION
Not Suitable
==============================
2026-08-19 14:24:21 | RECOMMENDATION_REASON
Wrong domain: The candidate's resume indicates a Finance & Accounting background, while this vacancy belongs to Human Resources. The candidate's professional domain does not align with the requirements of this position.
==============================
2026-08-19 14:24:21 | START
Array
(
    [resumePath] => D:\xampp\htdocs\REC\atscheck/modal/CAND31_20260819142421578.pdf
    [vacancyId] => 31
    [jobTitle] => HUMAN RESOURCES
)

==============================
2026-08-19 14:24:21 | PDF_EXTRACT_SUCCESS
AGILAN	 B                                                                     	  	
Chennai, India | +91 	915	066	8484	 | agilanagi071@gmail.com	 | @linkedin: 	https://www.linkedin.com/in/agilan	-b 	
 
PROFESSIONAL SUMMARY	 	 	
Highly motivated and detail	-oriented Accounts Payable Analyst with 	2 years of proven experience in managing 	
AP  operations  within  deadline	-driven  environments.  Demonstrated  expertise  in  invoice  processing,  vendor 	
reconciliation, and resolving discrepancies in compliance with internal controls and financial policies. Skilled	 in 	
leveraging ERP systems 	Streamline workflows, ensure data accuracy, and support month	-end closing activities. 	
Adept at collaborating with cross	-functional teams to enhance process effic	iency and maintain strong vendor 	
relationships.  Committed  to  continuous  improvement,  accuracy,  and  delivering  high	-quality  financial  support 	
aligned with organizational goals.	 	
 
CORE SKILLS	 	 	
Accounting & Finance:	
==============================
2026-08-19 14:24:21 | RAW_RESUME_TEXT
agilan	 b                                                                     	  	
chennai, india | +91 	915	066	8484	 | agilanagi071@gmail.com	 | @linkedin: 	https://www.linkedin.com/in/agilan	-b 	
 
professional summary	 	 	
highly motivated and detail	-oriented accounts payable analyst with 	2 years of proven experience in managing 	
ap  operations  within  deadline	-driven  environments.  demonstrated  expertise  in  invoice  processing,  vendor 	
reconciliation, and resolving discrepancies in compliance with internal controls and financial policies. skilled	 in 	
leveraging erp systems 	streamline workflows, ensure data accuracy, and support month	-end closing activities. 	
adept at collaborating with cross	-functional teams to enhance process effic	iency and maintain strong vendor 	
relationships.  committed  to  continuous  improvement,  accuracy,  and  delivering  high	-quality  financial  support 	
aligned with organizational goals.	 	
 
core skills	 	 	
accounting & finance:	 accounts payable, procure	-to	-pay (p2p), vendor reconciliation, invoice processing, 	
month	-end closing, audit & compliance	 	
erp & tools: 	as400 	& 	oracle	  	
productivity tools: 	microsoft office suite (word, powerpoint, outlook, visio, onenote)	 	
 
professional experience	 	 	
projects & developments	 	
process executive 	– cognizant technology solutions                                                                                   	april 2024 	– present	   	
          	 	
– reviewed and processed vendor invoices, ensuring compliance with policies and accuracy of details.	 	
– resolved vendor queries and requests via email/tickets within the agreed sla.	 	
– performed 3	-way matching (invoice, purchase order, and goods receipt) in basware,	 	
– maintained and managed over 1,000 utility accounts, including gas, electricity, and water services	 	
– we will make utility payments on a daily basis, ensuring they are settled within the due dates 
specified on the in
==============================
2026-08-19 14:24:21 | EXPERIENCE_DETAILS
Array
(
    [jobs] => Array
        (
            [0] => Array
                (
                    [from] => april 2024
                    [to] => present
                    [years] => 2
                    [months] => 5
                    [role] => Process Executive
                    [company] => Cognizant Technology Solutions
                )

        )

    [total] => 2 Years 5 Months
)

==============================
2026-08-19 14:24:21 | Email
agilanagi071@gmail.com
==============================
2026-08-19 14:24:21 | Name
Agilan B
==============================
2026-08-19 14:24:21 | Mobile

==============================
2026-08-19 14:24:21 | ExperienceYears
2.4
==============================
2026-08-19 14:24:22 | RECOMMENDATION_ANALYSIS
Array
(
    [matchedSkillsCount] => 1
    [requiredSkillsCount] => 4
    [candidateExp] => 2.4
    [minExpRequired] => 2.5
    [eduMatch] => 1
    [domainStatus] => WRONG_DOMAIN
    [candidateDomain] => Finance & Accounting
    [jobDomain] => Human Resources
)

==============================
2026-08-19 14:24:22 | RECOMMENDATION
Not Suitable
==============================
2026-08-19 14:24:22 | RECOMMENDATION_REASON
Wrong domain: The candidate's resume indicates a Finance & Accounting background, while this vacancy belongs to Human Resources. The candidate's professional domain does not align with the requirements of this position.
==============================
2026-08-19 14:24:22 | START
Array
(
    [resumePath] => D:\xampp\htdocs\REC\atscheck/modal/CAND31_20260819142422512.pdf
    [vacancyId] => 31
    [jobTitle] => HUMAN RESOURCES
)

==============================
2026-08-19 14:24:22 | PDF_EXTRACT_SUCCESS
AGILAN	 B                                                                     	  	
Chennai, India | +91 	915	066	8484	 | agilanagi071@gmail.com	 | @linkedin: 	https://www.linkedin.com/in/agilan	-b 	
 
PROFESSIONAL SUMMARY	 	 	
Highly motivated and detail	-oriented Accounts Payable Analyst with 	2 years of proven experience in managing 	
AP  operations  within  deadline	-driven  environments.  Demonstrated  expertise  in  invoice  processing,  vendor 	
reconciliation, and resolving discrepancies in compliance with internal controls and financial policies. Skilled	 in 	
leveraging ERP systems 	Streamline workflows, ensure data accuracy, and support month	-end closing activities. 	
Adept at collaborating with cross	-functional teams to enhance process effic	iency and maintain strong vendor 	
relationships.  Committed  to  continuous  improvement,  accuracy,  and  delivering  high	-quality  financial  support 	
aligned with organizational goals.	 	
 
CORE SKILLS	 	 	
Accounting & Finance:	
==============================
2026-08-19 14:24:22 | RAW_RESUME_TEXT
agilan	 b                                                                     	  	
chennai, india | +91 	915	066	8484	 | agilanagi071@gmail.com	 | @linkedin: 	https://www.linkedin.com/in/agilan	-b 	
 
professional summary	 	 	
highly motivated and detail	-oriented accounts payable analyst with 	2 years of proven experience in managing 	
ap  operations  within  deadline	-driven  environments.  demonstrated  expertise  in  invoice  processing,  vendor 	
reconciliation, and resolving discrepancies in compliance with internal controls and financial policies. skilled	 in 	
leveraging erp systems 	streamline workflows, ensure data accuracy, and support month	-end closing activities. 	
adept at collaborating with cross	-functional teams to enhance process effic	iency and maintain strong vendor 	
relationships.  committed  to  continuous  improvement,  accuracy,  and  delivering  high	-quality  financial  support 	
aligned with organizational goals.	 	
 
core skills	 	 	
accounting & finance:	 accounts payable, procure	-to	-pay (p2p), vendor reconciliation, invoice processing, 	
month	-end closing, audit & compliance	 	
erp & tools: 	as400 	& 	oracle	  	
productivity tools: 	microsoft office suite (word, powerpoint, outlook, visio, onenote)	 	
 
professional experience	 	 	
projects & developments	 	
process executive 	– cognizant technology solutions                                                                                   	april 2024 	– present	   	
          	 	
– reviewed and processed vendor invoices, ensuring compliance with policies and accuracy of details.	 	
– resolved vendor queries and requests via email/tickets within the agreed sla.	 	
– performed 3	-way matching (invoice, purchase order, and goods receipt) in basware,	 	
– maintained and managed over 1,000 utility accounts, including gas, electricity, and water services	 	
– we will make utility payments on a daily basis, ensuring they are settled within the due dates 
specified on the in
==============================
2026-08-19 14:24:22 | EXPERIENCE_DETAILS
Array
(
    [jobs] => Array
        (
            [0] => Array
                (
                    [from] => april 2024
                    [to] => present
                    [years] => 2
                    [months] => 5
                    [role] => Process Executive
                    [company] => Cognizant Technology Solutions
                )

        )

    [total] => 2 Years 5 Months
)

==============================
2026-08-19 14:24:22 | Email
agilanagi071@gmail.com
==============================
2026-08-19 14:24:22 | Name
Agilan B
==============================
2026-08-19 14:24:22 | Mobile

==============================
2026-08-19 14:24:22 | ExperienceYears
2.4
==============================
2026-08-19 14:24:22 | RECOMMENDATION_ANALYSIS
Array
(
    [matchedSkillsCount] => 1
    [requiredSkillsCount] => 4
    [candidateExp] => 2.4
    [minExpRequired] => 2.5
    [eduMatch] => 1
    [domainStatus] => WRONG_DOMAIN
    [candidateDomain] => Finance & Accounting
    [jobDomain] => Human Resources
)

==============================
2026-08-19 14:24:22 | RECOMMENDATION
Not Suitable
==============================
2026-08-19 14:24:22 | RECOMMENDATION_REASON
Wrong domain: The candidate's resume indicates a Finance & Accounting background, while this vacancy belongs to Human Resources. The candidate's professional domain does not align with the requirements of this position.
==============================
2026-08-19 14:24:22 | START
Array
(
    [resumePath] => D:\xampp\htdocs\REC\atscheck/modal/CAND31_20260819142422767.pdf
    [vacancyId] => 31
    [jobTitle] => HUMAN RESOURCES
)

==============================
2026-08-19 14:24:22 | PDF_EXTRACT_SUCCESS
AGILAN	 B                                                                     	  	
Chennai, India | +91 	915	066	8484	 | agilanagi071@gmail.com	 | @linkedin: 	https://www.linkedin.com/in/agilan	-b 	
 
PROFESSIONAL SUMMARY	 	 	
Highly motivated and detail	-oriented Accounts Payable Analyst with 	2 years of proven experience in managing 	
AP  operations  within  deadline	-driven  environments.  Demonstrated  expertise  in  invoice  processing,  vendor 	
reconciliation, and resolving discrepancies in compliance with internal controls and financial policies. Skilled	 in 	
leveraging ERP systems 	Streamline workflows, ensure data accuracy, and support month	-end closing activities. 	
Adept at collaborating with cross	-functional teams to enhance process effic	iency and maintain strong vendor 	
relationships.  Committed  to  continuous  improvement,  accuracy,  and  delivering  high	-quality  financial  support 	
aligned with organizational goals.	 	
 
CORE SKILLS	 	 	
Accounting & Finance:	
==============================
2026-08-19 14:24:22 | RAW_RESUME_TEXT
agilan	 b                                                                     	  	
chennai, india | +91 	915	066	8484	 | agilanagi071@gmail.com	 | @linkedin: 	https://www.linkedin.com/in/agilan	-b 	
 
professional summary	 	 	
highly motivated and detail	-oriented accounts payable analyst with 	2 years of proven experience in managing 	
ap  operations  within  deadline	-driven  environments.  demonstrated  expertise  in  invoice  processing,  vendor 	
reconciliation, and resolving discrepancies in compliance with internal controls and financial policies. skilled	 in 	
leveraging erp systems 	streamline workflows, ensure data accuracy, and support month	-end closing activities. 	
adept at collaborating with cross	-functional teams to enhance process effic	iency and maintain strong vendor 	
relationships.  committed  to  continuous  improvement,  accuracy,  and  delivering  high	-quality  financial  support 	
aligned with organizational goals.	 	
 
core skills	 	 	
accounting & finance:	 accounts payable, procure	-to	-pay (p2p), vendor reconciliation, invoice processing, 	
month	-end closing, audit & compliance	 	
erp & tools: 	as400 	& 	oracle	  	
productivity tools: 	microsoft office suite (word, powerpoint, outlook, visio, onenote)	 	
 
professional experience	 	 	
projects & developments	 	
process executive 	– cognizant technology solutions                                                                                   	april 2024 	– present	   	
          	 	
– reviewed and processed vendor invoices, ensuring compliance with policies and accuracy of details.	 	
– resolved vendor queries and requests via email/tickets within the agreed sla.	 	
– performed 3	-way matching (invoice, purchase order, and goods receipt) in basware,	 	
– maintained and managed over 1,000 utility accounts, including gas, electricity, and water services	 	
– we will make utility payments on a daily basis, ensuring they are settled within the due dates 
specified on the in
==============================
2026-08-19 14:24:22 | EXPERIENCE_DETAILS
Array
(
    [jobs] => Array
        (
            [0] => Array
                (
                    [from] => april 2024
                    [to] => present
                    [years] => 2
                    [months] => 5
                    [role] => Process Executive
                    [company] => Cognizant Technology Solutions
                )

        )

    [total] => 2 Years 5 Months
)

==============================
2026-08-19 14:24:22 | Email
agilanagi071@gmail.com
==============================
2026-08-19 14:24:22 | Name
Agilan B
==============================
2026-08-19 14:24:22 | Mobile

==============================
2026-08-19 14:24:22 | ExperienceYears
2.4
==============================
2026-08-19 14:24:22 | RECOMMENDATION_ANALYSIS
Array
(
    [matchedSkillsCount] => 1
    [requiredSkillsCount] => 4
    [candidateExp] => 2.4
    [minExpRequired] => 2.5
    [eduMatch] => 1
    [domainStatus] => WRONG_DOMAIN
    [candidateDomain] => Finance & Accounting
    [jobDomain] => Human Resources
)

==============================
2026-08-19 14:24:22 | RECOMMENDATION
Not Suitable
==============================
2026-08-19 14:24:22 | RECOMMENDATION_REASON
Wrong domain: The candidate's resume indicates a Finance & Accounting background, while this vacancy belongs to Human Resources. The candidate's professional domain does not align with the requirements of this position.
==============================
2026-08-19 14:24:22 | START
Array
(
    [resumePath] => D:\xampp\htdocs\REC\atscheck/modal/CAND31_20260819142422741.pdf
    [vacancyId] => 31
    [jobTitle] => HUMAN RESOURCES
)

==============================
2026-08-19 14:24:22 | PDF_EXTRACT_SUCCESS
SANJAYA SRIDHAR 	
Chennai | 81483 14442 | sanjayajayanthi2001@gmail.com	 	
 
PROFESSIONAL SUMMARY 	
Detail-oriented Finance professional with over 2.5 years of experience in 	
Disbursement Accounting, Revenue & Expense Accounting, Customer Invoicing, and Cash 
Application. Demonstrated ability to manage high-volume transactions with 100% accuracy, 
meet strict SLAs, and collaborate effectively with cross-functional and global stakeholders. 
Known for analytical thinking, process improvement, and strong attention to detail. 
CORE COMPETENCIES 
 
 
 
 
PROFESSIONAL EXPERIENCE 	
 	
Inchcape Shipping Services –Accounts Executive        Nov 2023 – Present 
 
	 	Perform end-to-end accounting of supplier invoices after validating accuracy, approvals, 
and compliance with company policies. 	
	 	Coordinate with Operations and Sales teams to ensure timely submission of invoices and 
resolve discrepancies 	
	 	Work closely with Local Port Agents (LPA) and Operations to address invoic
==============================
2026-08-19 14:24:22 | RAW_RESUME_TEXT
sanjaya sridhar 	
chennai | 81483 14442 | sanjayajayanthi2001@gmail.com	 	
 
professional summary 	
detail-oriented finance professional with over 2.5 years of experience in 	
disbursement accounting, revenue & expense accounting, customer invoicing, and cash 
application. demonstrated ability to manage high-volume transactions with 100% accuracy, 
meet strict slas, and collaborate effectively with cross-functional and global stakeholders. 
known for analytical thinking, process improvement, and strong attention to detail. 
core competencies 
 
 
 
 
professional experience 	
 	
inchcape shipping services –accounts executive        nov 2023 – present 
 
	 	perform end-to-end accounting of supplier invoices after validating accuracy, approvals, 
and compliance with company policies. 	
	 	coordinate with operations and sales teams to ensure timely submission of invoices and 
resolve discrepancies 	
	 	work closely with local port agents (lpa) and operations to address invoice queries and 
close issues promptly. 	
	 	account revenues and expenses in line with contracted rates, pro-forma invoices, baseline 
templates, and closed estimates. 	
	 	generate and dispatch customer invoices while adhering to customer-specific billing 
requirements. 	
	 	track daily bank statements from banking portals and maintain accurate cash trackers. 	
	 	perform daily cash application and bank reconciliation within 24-hour sla. 	
	 	clear unallocated and unidentified payments with root cause analysis. 	
	 	post customer receipts with 100% accuracy and support ar and collections teams. 	
	 	prepare and circulate month-end accrual, pending, and rejection reports to stakeholders. 	
	 	reconcile processed invoices against system reports to ensure zero variance. 	
	 	support process transitions, knowledge sharing, and continuous improvement initiatives. 	
	 	maintain strong working relationships with internal teams and external stakeholders 	
disburse
==============================
2026-08-19 14:24:22 | EXPERIENCE_DETAILS
Array
(
    [jobs] => Array
        (
            [0] => Array
                (
                    [from] => nov 2023
                    [to] => present
                    [years] => 2
                    [months] => 10
                    [role] => Inchcape Shipping Services
                    [company] => Accounts Executive
                )

            [1] => Array
                (
                    [from] => jun 2022
                    [to] => jan 2023
                    [years] => 0
                    [months] => 7
                    [role] => Month-end Close & Accruals Stakeholder & Lpa Coord
                    [company] => Datamark India Bpo Llp - Process Executive
                )

        )

    [total] => 3 Years 5 Months
)

==============================
2026-08-19 14:24:22 | Email
sanjayajayanthi2001@gmail.com
==============================
2026-08-19 14:24:22 | Name
Sanjaya Sridhar
==============================
2026-08-19 14:24:22 | Mobile

==============================
2026-08-19 14:24:22 | ExperienceYears
2.5
==============================
2026-08-19 14:24:22 | RECOMMENDATION_ANALYSIS
Array
(
    [matchedSkillsCount] => 2
    [requiredSkillsCount] => 4
    [candidateExp] => 2.5
    [minExpRequired] => 2.5
    [eduMatch] => 1
    [domainStatus] => WRONG_DOMAIN
    [candidateDomain] => Finance & Accounting
    [jobDomain] => Human Resources
)

==============================
2026-08-19 14:24:22 | RECOMMENDATION
Not Suitable
==============================
2026-08-19 14:24:22 | RECOMMENDATION_REASON
Wrong domain: The candidate's resume indicates a Finance & Accounting background, while this vacancy belongs to Human Resources. The candidate's professional domain does not align with the requirements of this position.
==============================
2026-08-19 14:25:30 | START
Array
(
    [resumePath] => D:\xampp\htdocs\REC\atscheck/modal/CAND31_20260819142530460.docx
    [vacancyId] => 31
    [jobTitle] => HUMAN RESOURCES
)

==============================
2026-08-19 14:25:30 | RAW_RESUME_TEXT
﻿marimuthu p 
salesforce developer 
+91 96007 42358 | ✉ marimuthu.vlk@gmail.com |  tiruvarur, tamil nadu https://www.linkedin.com/in/marimuthu-palanivel-017192344/ 
professional summary 
salesforce certified developer with 3.5+ years of experience in salesforce development and administration. skilled in apex, lightning web components (lwc), soql/sosl, and automation tools like flows and process builder. proven track record in delivering scalable, efficient solutions across sales cloud, service cloud, and experience cloud. strong grasp of data migration, security models, and integration via rest apis. committed to agile methodologies and continuous improvement. 
certifications 
• salesforce certified platform developer i 
• salesforce certified administrator 
• salesforce ai associate 
• salesforce ai specialist 
• salesforce certified associate 
technical skills 
• salesforce technologies: apex, lwc, visualforce, soql, sosl, flows, process builder, approvals, dashboards 
• tools: visual studio code, developer console, data loader, workbench, git, jira, postman • web technologies: html, javascript, css 
• salesforce features: sso, salesforce connect, big objects, platform events, cdc • cloud experience: sales cloud, service cloud, experience cloud 
• data migration: import wizard, data loader, bulk api 
• other: integration using rest apis, security model, sharing rules, profiles, and roles 
work experience 
salesforce admin &amp; developer 
subsel tech solution pvt. ltd. — april 2022 – present 
• developed and deployed custom applications using apex, visualforce, lwc, and lightning components.
• built and maintained automation using flows, process builder, and approval processes. • worked with standard/custom objects including accounts, contacts, opportunities, cases, leads, etc. 
• implemented security at organization, object, field, and record levels. • migrated data using data loader and workbench. 
• designed dashboard
==============================
2026-08-19 14:25:30 | EXPERIENCE_DETAILS
Array
(
    [jobs] => Array
        (
            [0] => Array
                (
                    [from] => april 2022
                    [to] => present
                    [years] => 4
                    [months] => 5
                    [role] => Salesforce Admin &amp; Developer
                    [company] => Subsel Tech Solution Pvt. Ltd. -
                )

            [1] => Array
                (
                    [from] => apr 2022
                    [to] => may 2023
                    [years] => 1
                    [months] => 1
                    [role] => Projects
                    [company] => Leaseworks (
                )

            [2] => Array
                (
                    [from] => jun 2023
                    [to] => nov 2024
                    [years] => 1
                    [months] => 5
                    [role] => Managed Metadata And Deployment Using Migration To
                    [company] => Tax Project (
                )

            [3] => Array
                (
                    [from] => dec 2023
                    [to] => may 2024
                    [years] => 0
                    [months] => 5
                    [role] => Managed Custom Records, Record Types, And Role-bas
                    [company] => Petrosoft (
                )

            [4] => Array
                (
                    [from] => jun 2024
                    [to] => present
                    [years] => 2
                    [months] => 2
                    [role] => Designed Custom Objects And Automated Business Log
                    [company] => Adobe (client Project) (
                )

        )

    [total] => 9 Years 6 Months
)

==============================
2026-08-19 14:25:30 | Email
marimuthu.vlk@gmail.com
==============================
2026-08-19 14:25:30 | Name
Marimuthu P
==============================
2026-08-19 14:25:30 | Mobile

==============================
2026-08-19 14:25:30 | ExperienceYears
3.5
==============================
2026-08-19 14:25:30 | RECOMMENDATION_ANALYSIS
Array
(
    [matchedSkillsCount] => 1
    [requiredSkillsCount] => 4
    [candidateExp] => 3.5
    [minExpRequired] => 2.5
    [eduMatch] => 1
    [domainStatus] => WRONG_DOMAIN
    [candidateDomain] => Software & IT
    [jobDomain] => Human Resources
)

==============================
2026-08-19 14:25:30 | RECOMMENDATION
Not Suitable
==============================
2026-08-19 14:25:30 | RECOMMENDATION_REASON
Wrong domain: The candidate's resume indicates a Software & IT background, while this vacancy belongs to Human Resources. The candidate's professional domain does not align with the requirements of this position.
==============================
2026-08-19 14:25:30 | START
Array
(
    [resumePath] => D:\xampp\htdocs\REC\atscheck/modal/CAND31_20260819142530504.docx
    [vacancyId] => 31
    [jobTitle] => HUMAN RESOURCES
)

==============================
2026-08-19 14:25:30 | RAW_RESUME_TEXT
﻿vijay k
it &amp; network support engineer (l1)
phone: 7867070840 | email: vijaykumaresan92@gmail.com
952500141605
professional summary
dedicated it support &amp; l1 network engineer with hands-on experience in desktop support, hardware troubleshooting, network basics, o365, vpn support, and it asset management. strong ability to resolve user issues efficiently and ensure smooth it operations.
952500258445
key skills
technical skills
networking fundamentals
ccna course completed  

tcp/ip, osi model, ip addressing &amp; subnetting, vlan config, routing protocol, nat, dhcp, dns, stp and wan connectivity.

network devices &amp; installation

switch &amp; router installation and mounting, patch panel &amp; rack management, structured cabling, access point mounting &amp; configuration, network hardware troubleshooting.

configuration &amp; management

cisco routers &amp; switches, vlan configuration, inter vlan routing, wireless access point setup and vpn configuration.

network switch acl

access control lists (acls), vpn setup, basic intrusion prevention techniques.

monitoring &amp; troubleshooting

it support

switch movement, it asset maintenance and tracking, o365, laptop &amp; desktop configuration &amp; troubleshooting, printer setup (hp&amp; zebra barcode printer), &amp; application installation.

soft skills

strong problem-solving and analytical abilities.

hands-on experience in device installation &amp; network cabling.

ability to learn quickly and adapt to new technologies, team collaboration and support coordination.
professional experience it support
engineer(l1)

sentinel technology pvt ltd(client: tata electronics products &amp; solutions), hosur dec 2024 – present
cctv hardware engineer 

networking

952500186690

ipqc – in process quality control
bangalore datacom pvt ltd(client: tata electronics pvt. ltd.), hosur jul 2023 – nov 2024
id card printing 

data maintained 

access control help desk
952500182880

education
 b.a economics
sacred h
==============================
2026-08-19 14:25:30 | EXPERIENCE_DETAILS
Array
(
    [jobs] => Array
        (
            [0] => Array
                (
                    [from] => dec 2024
                    [to] => present
                    [years] => 1
                    [months] => 8
                    [role] => Engineer(l1)
                    [company] => Sentinel Technology Pvt Ltd(client: Tata Electroni
                )

            [1] => Array
                (
                    [from] => jul 2023
                    [to] => nov 2024
                    [years] => 1
                    [months] => 4
                    [role] => Ipqc - In Process Quality Control
                    [company] => Bangalore Datacom Pvt Ltd(client: Tata Electronics
                )

        )

    [total] => 3 Years 0 Months
)

==============================
2026-08-19 14:25:30 | Email
vijaykumaresan92@gmail.com
==============================
2026-08-19 14:25:30 | Name
Vijay K
==============================
2026-08-19 14:25:30 | Mobile
7867070840, 9525001416, 9525002584, 9525001866, 9525001828, 9525002933, 9525002889
==============================
2026-08-19 14:25:30 | ExperienceYears
3
==============================
2026-08-19 14:25:30 | RECOMMENDATION_ANALYSIS
Array
(
    [matchedSkillsCount] => 1
    [requiredSkillsCount] => 4
    [candidateExp] => 3
    [minExpRequired] => 2.5
    [eduMatch] => 1
    [domainStatus] => UNCLEAR
    [candidateDomain] => Education
    [jobDomain] => Human Resources
)

==============================
2026-08-19 14:25:30 | RECOMMENDATION
Potential Match
==============================
2026-08-19 14:25:30 | RECOMMENDATION_REASON
The candidate has a relevant background for HUMAN RESOURCES, but specific requirements need verification during screening. Skill(s) like Communication, Negotiation & Pitching, Stakeholder Management were not clearly identified in the resume text. Recruiter review and phone screening are recommended.
==============================
2026-08-19 14:25:30 | START
Array
(
    [resumePath] => D:\xampp\htdocs\REC\atscheck/modal/CAND31_20260819142530790.pdf
    [vacancyId] => 31
    [jobTitle] => HUMAN RESOURCES
)

==============================
2026-08-19 14:25:30 | PDF_EXTRACT_SUCCESS
AGILAN	 B                                                                     	  	
Chennai, India | +91 	915	066	8484	 | agilanagi071@gmail.com	 | @linkedin: 	https://www.linkedin.com/in/agilan	-b 	
 
PROFESSIONAL SUMMARY	 	 	
Highly motivated and detail	-oriented Accounts Payable Analyst with 	2 years of proven experience in managing 	
AP  operations  within  deadline	-driven  environments.  Demonstrated  expertise  in  invoice  processing,  vendor 	
reconciliation, and resolving discrepancies in compliance with internal controls and financial policies. Skilled	 in 	
leveraging ERP systems 	Streamline workflows, ensure data accuracy, and support month	-end closing activities. 	
Adept at collaborating with cross	-functional teams to enhance process effic	iency and maintain strong vendor 	
relationships.  Committed  to  continuous  improvement,  accuracy,  and  delivering  high	-quality  financial  support 	
aligned with organizational goals.	 	
 
CORE SKILLS	 	 	
Accounting & Finance:	
==============================
2026-08-19 14:25:30 | RAW_RESUME_TEXT
agilan	 b                                                                     	  	
chennai, india | +91 	915	066	8484	 | agilanagi071@gmail.com	 | @linkedin: 	https://www.linkedin.com/in/agilan	-b 	
 
professional summary	 	 	
highly motivated and detail	-oriented accounts payable analyst with 	2 years of proven experience in managing 	
ap  operations  within  deadline	-driven  environments.  demonstrated  expertise  in  invoice  processing,  vendor 	
reconciliation, and resolving discrepancies in compliance with internal controls and financial policies. skilled	 in 	
leveraging erp systems 	streamline workflows, ensure data accuracy, and support month	-end closing activities. 	
adept at collaborating with cross	-functional teams to enhance process effic	iency and maintain strong vendor 	
relationships.  committed  to  continuous  improvement,  accuracy,  and  delivering  high	-quality  financial  support 	
aligned with organizational goals.	 	
 
core skills	 	 	
accounting & finance:	 accounts payable, procure	-to	-pay (p2p), vendor reconciliation, invoice processing, 	
month	-end closing, audit & compliance	 	
erp & tools: 	as400 	& 	oracle	  	
productivity tools: 	microsoft office suite (word, powerpoint, outlook, visio, onenote)	 	
 
professional experience	 	 	
projects & developments	 	
process executive 	– cognizant technology solutions                                                                                   	april 2024 	– present	   	
          	 	
– reviewed and processed vendor invoices, ensuring compliance with policies and accuracy of details.	 	
– resolved vendor queries and requests via email/tickets within the agreed sla.	 	
– performed 3	-way matching (invoice, purchase order, and goods receipt) in basware,	 	
– maintained and managed over 1,000 utility accounts, including gas, electricity, and water services	 	
– we will make utility payments on a daily basis, ensuring they are settled within the due dates 
specified on the in
==============================
2026-08-19 14:25:30 | EXPERIENCE_DETAILS
Array
(
    [jobs] => Array
        (
            [0] => Array
                (
                    [from] => april 2024
                    [to] => present
                    [years] => 2
                    [months] => 5
                    [role] => Process Executive
                    [company] => Cognizant Technology Solutions
                )

        )

    [total] => 2 Years 5 Months
)

==============================
2026-08-19 14:25:30 | Email
agilanagi071@gmail.com
==============================
2026-08-19 14:25:30 | Name
Agilan B
==============================
2026-08-19 14:25:30 | Mobile

==============================
2026-08-19 14:25:30 | ExperienceYears
2.4
==============================
2026-08-19 14:25:30 | RECOMMENDATION_ANALYSIS
Array
(
    [matchedSkillsCount] => 1
    [requiredSkillsCount] => 4
    [candidateExp] => 2.4
    [minExpRequired] => 2.5
    [eduMatch] => 1
    [domainStatus] => WRONG_DOMAIN
    [candidateDomain] => Finance & Accounting
    [jobDomain] => Human Resources
)

==============================
2026-08-19 14:25:30 | RECOMMENDATION
Not Suitable
==============================
2026-08-19 14:25:30 | RECOMMENDATION_REASON
Wrong domain: The candidate's resume indicates a Finance & Accounting background, while this vacancy belongs to Human Resources. The candidate's professional domain does not align with the requirements of this position.
==============================
2026-08-19 14:25:30 | START
Array
(
    [resumePath] => D:\xampp\htdocs\REC\atscheck/modal/CAND31_20260819142530489.pdf
    [vacancyId] => 31
    [jobTitle] => HUMAN RESOURCES
)

==============================
2026-08-19 14:25:30 | PDF_EXTRACT_SUCCESS
AGILAN	 B                                                                     	  	
Chennai, India | +91 	915	066	8484	 | agilanagi071@gmail.com	 | @linkedin: 	https://www.linkedin.com/in/agilan	-b 	
 
PROFESSIONAL SUMMARY	 	 	
Highly motivated and detail	-oriented Accounts Payable Analyst with 	2 years of proven experience in managing 	
AP  operations  within  deadline	-driven  environments.  Demonstrated  expertise  in  invoice  processing,  vendor 	
reconciliation, and resolving discrepancies in compliance with internal controls and financial policies. Skilled	 in 	
leveraging ERP systems 	Streamline workflows, ensure data accuracy, and support month	-end closing activities. 	
Adept at collaborating with cross	-functional teams to enhance process effic	iency and maintain strong vendor 	
relationships.  Committed  to  continuous  improvement,  accuracy,  and  delivering  high	-quality  financial  support 	
aligned with organizational goals.	 	
 
CORE SKILLS	 	 	
Accounting & Finance:	
==============================
2026-08-19 14:25:30 | RAW_RESUME_TEXT
agilan	 b                                                                     	  	
chennai, india | +91 	915	066	8484	 | agilanagi071@gmail.com	 | @linkedin: 	https://www.linkedin.com/in/agilan	-b 	
 
professional summary	 	 	
highly motivated and detail	-oriented accounts payable analyst with 	2 years of proven experience in managing 	
ap  operations  within  deadline	-driven  environments.  demonstrated  expertise  in  invoice  processing,  vendor 	
reconciliation, and resolving discrepancies in compliance with internal controls and financial policies. skilled	 in 	
leveraging erp systems 	streamline workflows, ensure data accuracy, and support month	-end closing activities. 	
adept at collaborating with cross	-functional teams to enhance process effic	iency and maintain strong vendor 	
relationships.  committed  to  continuous  improvement,  accuracy,  and  delivering  high	-quality  financial  support 	
aligned with organizational goals.	 	
 
core skills	 	 	
accounting & finance:	 accounts payable, procure	-to	-pay (p2p), vendor reconciliation, invoice processing, 	
month	-end closing, audit & compliance	 	
erp & tools: 	as400 	& 	oracle	  	
productivity tools: 	microsoft office suite (word, powerpoint, outlook, visio, onenote)	 	
 
professional experience	 	 	
projects & developments	 	
process executive 	– cognizant technology solutions                                                                                   	april 2024 	– present	   	
          	 	
– reviewed and processed vendor invoices, ensuring compliance with policies and accuracy of details.	 	
– resolved vendor queries and requests via email/tickets within the agreed sla.	 	
– performed 3	-way matching (invoice, purchase order, and goods receipt) in basware,	 	
– maintained and managed over 1,000 utility accounts, including gas, electricity, and water services	 	
– we will make utility payments on a daily basis, ensuring they are settled within the due dates 
specified on the in
==============================
2026-08-19 14:25:30 | EXPERIENCE_DETAILS
Array
(
    [jobs] => Array
        (
            [0] => Array
                (
                    [from] => april 2024
                    [to] => present
                    [years] => 2
                    [months] => 5
                    [role] => Process Executive
                    [company] => Cognizant Technology Solutions
                )

        )

    [total] => 2 Years 5 Months
)

==============================
2026-08-19 14:25:30 | Email
agilanagi071@gmail.com
==============================
2026-08-19 14:25:30 | Name
Agilan B
==============================
2026-08-19 14:25:30 | Mobile

==============================
2026-08-19 14:25:30 | ExperienceYears
2.4
==============================
2026-08-19 14:25:30 | RECOMMENDATION_ANALYSIS
Array
(
    [matchedSkillsCount] => 1
    [requiredSkillsCount] => 4
    [candidateExp] => 2.4
    [minExpRequired] => 2.5
    [eduMatch] => 1
    [domainStatus] => WRONG_DOMAIN
    [candidateDomain] => Finance & Accounting
    [jobDomain] => Human Resources
)

==============================
2026-08-19 14:25:30 | RECOMMENDATION
Not Suitable
==============================
2026-08-19 14:25:30 | RECOMMENDATION_REASON
Wrong domain: The candidate's resume indicates a Finance & Accounting background, while this vacancy belongs to Human Resources. The candidate's professional domain does not align with the requirements of this position.
==============================
2026-08-19 14:25:30 | START
Array
(
    [resumePath] => D:\xampp\htdocs\REC\atscheck/modal/CAND31_20260819142530973.pdf
    [vacancyId] => 31
    [jobTitle] => HUMAN RESOURCES
)

==============================
2026-08-19 14:25:30 | PDF_EXTRACT_SUCCESS
AGILAN	 B                                                                     	  	
Chennai, India | +91 	915	066	8484	 | agilanagi071@gmail.com	 | @linkedin: 	https://www.linkedin.com/in/agilan	-b 	
 
PROFESSIONAL SUMMARY	 	 	
Highly motivated and detail	-oriented Accounts Payable Analyst with 	2 years of proven experience in managing 	
AP  operations  within  deadline	-driven  environments.  Demonstrated  expertise  in  invoice  processing,  vendor 	
reconciliation, and resolving discrepancies in compliance with internal controls and financial policies. Skilled	 in 	
leveraging ERP systems 	Streamline workflows, ensure data accuracy, and support month	-end closing activities. 	
Adept at collaborating with cross	-functional teams to enhance process effic	iency and maintain strong vendor 	
relationships.  Committed  to  continuous  improvement,  accuracy,  and  delivering  high	-quality  financial  support 	
aligned with organizational goals.	 	
 
CORE SKILLS	 	 	
Accounting & Finance:	
==============================
2026-08-19 14:25:30 | RAW_RESUME_TEXT
agilan	 b                                                                     	  	
chennai, india | +91 	915	066	8484	 | agilanagi071@gmail.com	 | @linkedin: 	https://www.linkedin.com/in/agilan	-b 	
 
professional summary	 	 	
highly motivated and detail	-oriented accounts payable analyst with 	2 years of proven experience in managing 	
ap  operations  within  deadline	-driven  environments.  demonstrated  expertise  in  invoice  processing,  vendor 	
reconciliation, and resolving discrepancies in compliance with internal controls and financial policies. skilled	 in 	
leveraging erp systems 	streamline workflows, ensure data accuracy, and support month	-end closing activities. 	
adept at collaborating with cross	-functional teams to enhance process effic	iency and maintain strong vendor 	
relationships.  committed  to  continuous  improvement,  accuracy,  and  delivering  high	-quality  financial  support 	
aligned with organizational goals.	 	
 
core skills	 	 	
accounting & finance:	 accounts payable, procure	-to	-pay (p2p), vendor reconciliation, invoice processing, 	
month	-end closing, audit & compliance	 	
erp & tools: 	as400 	& 	oracle	  	
productivity tools: 	microsoft office suite (word, powerpoint, outlook, visio, onenote)	 	
 
professional experience	 	 	
projects & developments	 	
process executive 	– cognizant technology solutions                                                                                   	april 2024 	– present	   	
          	 	
– reviewed and processed vendor invoices, ensuring compliance with policies and accuracy of details.	 	
– resolved vendor queries and requests via email/tickets within the agreed sla.	 	
– performed 3	-way matching (invoice, purchase order, and goods receipt) in basware,	 	
– maintained and managed over 1,000 utility accounts, including gas, electricity, and water services	 	
– we will make utility payments on a daily basis, ensuring they are settled within the due dates 
specified on the in
==============================
2026-08-19 14:25:30 | EXPERIENCE_DETAILS
Array
(
    [jobs] => Array
        (
            [0] => Array
                (
                    [from] => april 2024
                    [to] => present
                    [years] => 2
                    [months] => 5
                    [role] => Process Executive
                    [company] => Cognizant Technology Solutions
                )

        )

    [total] => 2 Years 5 Months
)

==============================
2026-08-19 14:25:30 | Email
agilanagi071@gmail.com
==============================
2026-08-19 14:25:30 | Name
Agilan B
==============================
2026-08-19 14:25:30 | Mobile

==============================
2026-08-19 14:25:30 | ExperienceYears
2.4
==============================
2026-08-19 14:25:30 | RECOMMENDATION_ANALYSIS
Array
(
    [matchedSkillsCount] => 1
    [requiredSkillsCount] => 4
    [candidateExp] => 2.4
    [minExpRequired] => 2.5
    [eduMatch] => 1
    [domainStatus] => WRONG_DOMAIN
    [candidateDomain] => Finance & Accounting
    [jobDomain] => Human Resources
)

==============================
2026-08-19 14:25:30 | RECOMMENDATION
Not Suitable
==============================
2026-08-19 14:25:30 | RECOMMENDATION_REASON
Wrong domain: The candidate's resume indicates a Finance & Accounting background, while this vacancy belongs to Human Resources. The candidate's professional domain does not align with the requirements of this position.
==============================
2026-08-19 14:25:30 | START
Array
(
    [resumePath] => D:\xampp\htdocs\REC\atscheck/modal/CAND31_20260819142530439.pdf
    [vacancyId] => 31
    [jobTitle] => HUMAN RESOURCES
)

==============================
2026-08-19 14:25:30 | PDF_EXTRACT_SUCCESS
AGILAN	 B                                                                     	  	
Chennai, India | +91 	915	066	8484	 | agilanagi071@gmail.com	 | @linkedin: 	https://www.linkedin.com/in/agilan	-b 	
 
PROFESSIONAL SUMMARY	 	 	
Highly motivated and detail	-oriented Accounts Payable Analyst with 	2 years of proven experience in managing 	
AP  operations  within  deadline	-driven  environments.  Demonstrated  expertise  in  invoice  processing,  vendor 	
reconciliation, and resolving discrepancies in compliance with internal controls and financial policies. Skilled	 in 	
leveraging ERP systems 	Streamline workflows, ensure data accuracy, and support month	-end closing activities. 	
Adept at collaborating with cross	-functional teams to enhance process effic	iency and maintain strong vendor 	
relationships.  Committed  to  continuous  improvement,  accuracy,  and  delivering  high	-quality  financial  support 	
aligned with organizational goals.	 	
 
CORE SKILLS	 	 	
Accounting & Finance:	
==============================
2026-08-19 14:25:30 | RAW_RESUME_TEXT
agilan	 b                                                                     	  	
chennai, india | +91 	915	066	8484	 | agilanagi071@gmail.com	 | @linkedin: 	https://www.linkedin.com/in/agilan	-b 	
 
professional summary	 	 	
highly motivated and detail	-oriented accounts payable analyst with 	2 years of proven experience in managing 	
ap  operations  within  deadline	-driven  environments.  demonstrated  expertise  in  invoice  processing,  vendor 	
reconciliation, and resolving discrepancies in compliance with internal controls and financial policies. skilled	 in 	
leveraging erp systems 	streamline workflows, ensure data accuracy, and support month	-end closing activities. 	
adept at collaborating with cross	-functional teams to enhance process effic	iency and maintain strong vendor 	
relationships.  committed  to  continuous  improvement,  accuracy,  and  delivering  high	-quality  financial  support 	
aligned with organizational goals.	 	
 
core skills	 	 	
accounting & finance:	 accounts payable, procure	-to	-pay (p2p), vendor reconciliation, invoice processing, 	
month	-end closing, audit & compliance	 	
erp & tools: 	as400 	& 	oracle	  	
productivity tools: 	microsoft office suite (word, powerpoint, outlook, visio, onenote)	 	
 
professional experience	 	 	
projects & developments	 	
process executive 	– cognizant technology solutions                                                                                   	april 2024 	– present	   	
          	 	
– reviewed and processed vendor invoices, ensuring compliance with policies and accuracy of details.	 	
– resolved vendor queries and requests via email/tickets within the agreed sla.	 	
– performed 3	-way matching (invoice, purchase order, and goods receipt) in basware,	 	
– maintained and managed over 1,000 utility accounts, including gas, electricity, and water services	 	
– we will make utility payments on a daily basis, ensuring they are settled within the due dates 
specified on the in
==============================
2026-08-19 14:25:30 | EXPERIENCE_DETAILS
Array
(
    [jobs] => Array
        (
            [0] => Array
                (
                    [from] => april 2024
                    [to] => present
                    [years] => 2
                    [months] => 5
                    [role] => Process Executive
                    [company] => Cognizant Technology Solutions
                )

        )

    [total] => 2 Years 5 Months
)

==============================
2026-08-19 14:25:30 | Email
agilanagi071@gmail.com
==============================
2026-08-19 14:25:30 | Name
Agilan B
==============================
2026-08-19 14:25:30 | Mobile

==============================
2026-08-19 14:25:30 | ExperienceYears
2.4
==============================
2026-08-19 14:25:30 | RECOMMENDATION_ANALYSIS
Array
(
    [matchedSkillsCount] => 1
    [requiredSkillsCount] => 4
    [candidateExp] => 2.4
    [minExpRequired] => 2.5
    [eduMatch] => 1
    [domainStatus] => WRONG_DOMAIN
    [candidateDomain] => Finance & Accounting
    [jobDomain] => Human Resources
)

==============================
2026-08-19 14:25:30 | RECOMMENDATION
Not Suitable
==============================
2026-08-19 14:25:30 | RECOMMENDATION_REASON
Wrong domain: The candidate's resume indicates a Finance & Accounting background, while this vacancy belongs to Human Resources. The candidate's professional domain does not align with the requirements of this position.
==============================
2026-08-19 14:25:30 | START
Array
(
    [resumePath] => D:\xampp\htdocs\REC\atscheck/modal/CAND31_20260819142530449.pdf
    [vacancyId] => 31
    [jobTitle] => HUMAN RESOURCES
)

==============================
2026-08-19 14:25:30 | PDF_EXTRACT_SUCCESS
SANJAYA SRIDHAR 	
Chennai | 81483 14442 | sanjayajayanthi2001@gmail.com	 	
 
PROFESSIONAL SUMMARY 	
Detail-oriented Finance professional with over 2.5 years of experience in 	
Disbursement Accounting, Revenue & Expense Accounting, Customer Invoicing, and Cash 
Application. Demonstrated ability to manage high-volume transactions with 100% accuracy, 
meet strict SLAs, and collaborate effectively with cross-functional and global stakeholders. 
Known for analytical thinking, process improvement, and strong attention to detail. 
CORE COMPETENCIES 
 
 
 
 
PROFESSIONAL EXPERIENCE 	
 	
Inchcape Shipping Services –Accounts Executive        Nov 2023 – Present 
 
	 	Perform end-to-end accounting of supplier invoices after validating accuracy, approvals, 
and compliance with company policies. 	
	 	Coordinate with Operations and Sales teams to ensure timely submission of invoices and 
resolve discrepancies 	
	 	Work closely with Local Port Agents (LPA) and Operations to address invoic
==============================
2026-08-19 14:25:30 | RAW_RESUME_TEXT
sanjaya sridhar 	
chennai | 81483 14442 | sanjayajayanthi2001@gmail.com	 	
 
professional summary 	
detail-oriented finance professional with over 2.5 years of experience in 	
disbursement accounting, revenue & expense accounting, customer invoicing, and cash 
application. demonstrated ability to manage high-volume transactions with 100% accuracy, 
meet strict slas, and collaborate effectively with cross-functional and global stakeholders. 
known for analytical thinking, process improvement, and strong attention to detail. 
core competencies 
 
 
 
 
professional experience 	
 	
inchcape shipping services –accounts executive        nov 2023 – present 
 
	 	perform end-to-end accounting of supplier invoices after validating accuracy, approvals, 
and compliance with company policies. 	
	 	coordinate with operations and sales teams to ensure timely submission of invoices and 
resolve discrepancies 	
	 	work closely with local port agents (lpa) and operations to address invoice queries and 
close issues promptly. 	
	 	account revenues and expenses in line with contracted rates, pro-forma invoices, baseline 
templates, and closed estimates. 	
	 	generate and dispatch customer invoices while adhering to customer-specific billing 
requirements. 	
	 	track daily bank statements from banking portals and maintain accurate cash trackers. 	
	 	perform daily cash application and bank reconciliation within 24-hour sla. 	
	 	clear unallocated and unidentified payments with root cause analysis. 	
	 	post customer receipts with 100% accuracy and support ar and collections teams. 	
	 	prepare and circulate month-end accrual, pending, and rejection reports to stakeholders. 	
	 	reconcile processed invoices against system reports to ensure zero variance. 	
	 	support process transitions, knowledge sharing, and continuous improvement initiatives. 	
	 	maintain strong working relationships with internal teams and external stakeholders 	
disburse
==============================
2026-08-19 14:25:30 | EXPERIENCE_DETAILS
Array
(
    [jobs] => Array
        (
            [0] => Array
                (
                    [from] => nov 2023
                    [to] => present
                    [years] => 2
                    [months] => 10
                    [role] => Inchcape Shipping Services
                    [company] => Accounts Executive
                )

            [1] => Array
                (
                    [from] => jun 2022
                    [to] => jan 2023
                    [years] => 0
                    [months] => 7
                    [role] => Month-end Close & Accruals Stakeholder & Lpa Coord
                    [company] => Datamark India Bpo Llp - Process Executive
                )

        )

    [total] => 3 Years 5 Months
)

==============================
2026-08-19 14:25:30 | Email
sanjayajayanthi2001@gmail.com
==============================
2026-08-19 14:25:30 | Name
Sanjaya Sridhar
==============================
2026-08-19 14:25:30 | Mobile

==============================
2026-08-19 14:25:30 | ExperienceYears
2.5
==============================
2026-08-19 14:25:30 | RECOMMENDATION_ANALYSIS
Array
(
    [matchedSkillsCount] => 2
    [requiredSkillsCount] => 4
    [candidateExp] => 2.5
    [minExpRequired] => 2.5
    [eduMatch] => 1
    [domainStatus] => WRONG_DOMAIN
    [candidateDomain] => Finance & Accounting
    [jobDomain] => Human Resources
)

==============================
2026-08-19 14:25:30 | RECOMMENDATION
Not Suitable
==============================
2026-08-19 14:25:30 | RECOMMENDATION_REASON
Wrong domain: The candidate's resume indicates a Finance & Accounting background, while this vacancy belongs to Human Resources. The candidate's professional domain does not align with the requirements of this position.
==============================
2026-08-19 14:25:30 | START
Array
(
    [resumePath] => D:\xampp\htdocs\REC\atscheck/modal/CAND31_20260819142530141.pdf
    [vacancyId] => 31
    [jobTitle] => HUMAN RESOURCES
)

==============================
2026-08-19 14:25:31 | PDF_EXTRACT_SUCCESS
SANJAYA SRIDHAR 	
Chennai | 81483 14442 | sanjayajayanthi2001@gmail.com	 	
 
PROFESSIONAL SUMMARY 	
Detail-oriented Finance professional with over 2.5 years of experience in 	
Disbursement Accounting, Revenue & Expense Accounting, Customer Invoicing, and Cash 
Application. Demonstrated ability to manage high-volume transactions with 100% accuracy, 
meet strict SLAs, and collaborate effectively with cross-functional and global stakeholders. 
Known for analytical thinking, process improvement, and strong attention to detail. 
CORE COMPETENCIES 
 
 
 
 
PROFESSIONAL EXPERIENCE 	
 	
Inchcape Shipping Services –Accounts Executive        Nov 2023 – Present 
 
	 	Perform end-to-end accounting of supplier invoices after validating accuracy, approvals, 
and compliance with company policies. 	
	 	Coordinate with Operations and Sales teams to ensure timely submission of invoices and 
resolve discrepancies 	
	 	Work closely with Local Port Agents (LPA) and Operations to address invoic
==============================
2026-08-19 14:25:31 | RAW_RESUME_TEXT
sanjaya sridhar 	
chennai | 81483 14442 | sanjayajayanthi2001@gmail.com	 	
 
professional summary 	
detail-oriented finance professional with over 2.5 years of experience in 	
disbursement accounting, revenue & expense accounting, customer invoicing, and cash 
application. demonstrated ability to manage high-volume transactions with 100% accuracy, 
meet strict slas, and collaborate effectively with cross-functional and global stakeholders. 
known for analytical thinking, process improvement, and strong attention to detail. 
core competencies 
 
 
 
 
professional experience 	
 	
inchcape shipping services –accounts executive        nov 2023 – present 
 
	 	perform end-to-end accounting of supplier invoices after validating accuracy, approvals, 
and compliance with company policies. 	
	 	coordinate with operations and sales teams to ensure timely submission of invoices and 
resolve discrepancies 	
	 	work closely with local port agents (lpa) and operations to address invoice queries and 
close issues promptly. 	
	 	account revenues and expenses in line with contracted rates, pro-forma invoices, baseline 
templates, and closed estimates. 	
	 	generate and dispatch customer invoices while adhering to customer-specific billing 
requirements. 	
	 	track daily bank statements from banking portals and maintain accurate cash trackers. 	
	 	perform daily cash application and bank reconciliation within 24-hour sla. 	
	 	clear unallocated and unidentified payments with root cause analysis. 	
	 	post customer receipts with 100% accuracy and support ar and collections teams. 	
	 	prepare and circulate month-end accrual, pending, and rejection reports to stakeholders. 	
	 	reconcile processed invoices against system reports to ensure zero variance. 	
	 	support process transitions, knowledge sharing, and continuous improvement initiatives. 	
	 	maintain strong working relationships with internal teams and external stakeholders 	
disburse
==============================
2026-08-19 14:25:31 | EXPERIENCE_DETAILS
Array
(
    [jobs] => Array
        (
            [0] => Array
                (
                    [from] => nov 2023
                    [to] => present
                    [years] => 2
                    [months] => 10
                    [role] => Inchcape Shipping Services
                    [company] => Accounts Executive
                )

            [1] => Array
                (
                    [from] => jun 2022
                    [to] => jan 2023
                    [years] => 0
                    [months] => 7
                    [role] => Month-end Close & Accruals Stakeholder & Lpa Coord
                    [company] => Datamark India Bpo Llp - Process Executive
                )

        )

    [total] => 3 Years 5 Months
)

==============================
2026-08-19 14:25:31 | Email
sanjayajayanthi2001@gmail.com
==============================
2026-08-19 14:25:31 | Name
Sanjaya Sridhar
==============================
2026-08-19 14:25:31 | Mobile

==============================
2026-08-19 14:25:31 | ExperienceYears
2.5
==============================
2026-08-19 14:25:31 | RECOMMENDATION_ANALYSIS
Array
(
    [matchedSkillsCount] => 2
    [requiredSkillsCount] => 4
    [candidateExp] => 2.5
    [minExpRequired] => 2.5
    [eduMatch] => 1
    [domainStatus] => WRONG_DOMAIN
    [candidateDomain] => Finance & Accounting
    [jobDomain] => Human Resources
)

==============================
2026-08-19 14:25:31 | RECOMMENDATION
Not Suitable
==============================
2026-08-19 14:25:31 | RECOMMENDATION_REASON
Wrong domain: The candidate's resume indicates a Finance & Accounting background, while this vacancy belongs to Human Resources. The candidate's professional domain does not align with the requirements of this position.
==============================
2026-08-19 14:25:31 | START
Array
(
    [resumePath] => D:\xampp\htdocs\REC\atscheck/modal/CAND31_20260819142531618.pdf
    [vacancyId] => 31
    [jobTitle] => HUMAN RESOURCES
)

==============================
2026-08-19 14:25:31 | PDF_EXTRACT_SUCCESS
SALESFORCE	 DEVELOPER	 	
KAMBHAMPATI FRANCIS	 	
☎	 9347001544	 	
✉ francis6062@gmail.com	 	
 	 	
Professional	 Summary	 	
Having	 3+ years	 of hands	-on experience	 in Salesforce	 CRM	 implementations,	 including	 development, 	administration, and 	
Lightning component development.	 	
Strong	 experience	 working	 with	 Sales	 Cloud	 and	 Service	 Cloud,	 delivering	 customized	 business	 solutions.	 	
Hands	-on expertise	 in developing	 Apex	 Classes,	 Triggers,	 Batch	 Apex,	 and	 Apex	 Schedulers	 to impleme	nt complex business 	
logic.	 	
Hands	 on Experience	 in writing	 optimized	 SOQL	 queries	 within	 Apex	 classes	 and	 triggers.	 	
Implemented	 security	 and	 access	 controls	 using	 profiles,	 permission	 sets,	 object	-level,	 field	-level,	 and	 record	-level sharing 	
rules, 	Experience using Postman to test and validate REST API integrations.	 	
Strong	 experience	 working	 with	 Salesforce	 standard	 objects	 such	 as Accounts,	 Contacts,	 Leads,	 and 	Opportunities.
==============================
2026-08-19 14:25:31 | RAW_RESUME_TEXT
salesforce	 developer	 	
kambhampati francis	 	
☞	 9347001544	 	
✉ francis6062@gmail.com	 	
 	 	
professional	 summary	 	
having	 3+ years	 of hands	-on experience	 in salesforce	 crm	 implementations,	 including	 development, 	administration, and 	
lightning component development.	 	
strong	 experience	 working	 with	 sales	 cloud	 and	 service	 cloud,	 delivering	 customized	 business	 solutions.	 	
hands	-on expertise	 in developing	 apex	 classes,	 triggers,	 batch	 apex,	 and	 apex	 schedulers	 to impleme	nt complex business 	
logic.	 	
hands	 on experience	 in writing	 optimized	 soql	 queries	 within	 apex	 classes	 and	 triggers.	 	
implemented	 security	 and	 access	 controls	 using	 profiles,	 permission	 sets,	 object	-level,	 field	-level,	 and	 record	-level sharing 	
rules, 	experience using postman to test and validate rest api integrations.	 	
strong	 experience	 working	 with	 salesforce	 standard	 objects	 such	 as accounts,	 contacts,	 leads,	 and 	opportunities.	 	
developed dynamic and reusable lightning components	 using lightning	 web co	mponents	 (lwc). 	developed	 	
rest	 apis	 using	 apex	 and	 successfully	 integrated	 third	-party rest	 apis	 with	 salesforce.	 	
strong	 understanding	 of server	-side	 business	 logic	 implementation	 using	 apex	 to support	 enterprise	-level 	
requirements, solid knowledge of 	javascript for handling client	-side logic in lightning components.	 	
proficient	 in html,	 css,	 and	 salesforce	 lightning	 design	 system (slds)	 to build	 responsive	 and	 user	-friendly custom uis.	 	
worked	 with	 lightning	 data	 service	 (lds)	 to perform	 efficient	 crud	 operations	 and	 ensure	 data	 consistency. hands	-	
on	 experience	 using	 lightning	 message	 service	 (lms)	 and	 pubsub.js	 for	 component	 communication.	 	
technical	 skills	 	
• salesforce	 development:	 apex	 (classes,	 triggers,	 batch,	 scheduled,	 future),	 soql,	 sosl,	 rest/soap 	apis, 	
custom objects, lds	 	
• omnistudio	 (vlocity
==============================
2026-08-19 14:25:31 | EXPERIENCE_DETAILS
Array
(
    [jobs] => Array
        (
            [0] => Array
                (
                    [from] => june	 2022
                    [to] => present
                    [years] => 4
                    [months] => 3
                    [role] => Salesforce Developer
                    [company] => Amazon Dovelopment Centre Private Limited (
                )

        )

    [total] => 4 Years 3 Months
)

==============================
2026-08-19 14:25:31 | Email
francis6062@gmail.com
==============================
2026-08-19 14:25:31 | Name
Kambhampati Francis
==============================
2026-08-19 14:25:31 | Mobile
9347001544
==============================
2026-08-19 14:25:31 | ExperienceYears
3
==============================
2026-08-19 14:25:31 | RECOMMENDATION_ANALYSIS
Array
(
    [matchedSkillsCount] => 1
    [requiredSkillsCount] => 4
    [candidateExp] => 3
    [minExpRequired] => 2.5
    [eduMatch] => 1
    [domainStatus] => WRONG_DOMAIN
    [candidateDomain] => Software & IT
    [jobDomain] => Human Resources
)

==============================
2026-08-19 14:25:31 | RECOMMENDATION
Not Suitable
==============================
2026-08-19 14:25:31 | RECOMMENDATION_REASON
Wrong domain: The candidate's resume indicates a Software & IT background, while this vacancy belongs to Human Resources. The candidate's professional domain does not align with the requirements of this position.
==============================
2026-08-19 14:25:31 | START
Array
(
    [resumePath] => D:\xampp\htdocs\REC\atscheck/modal/CAND31_20260819142531595.pdf
    [vacancyId] => 31
    [jobTitle] => HUMAN RESOURCES
)

==============================
2026-08-19 14:25:31 | PDF_EXTRACT_SUCCESS
+	
 	
Keerthana	 Anburaj	 	
Salesforce	 Administrator	 / Developer	 – 3+ Years	 of Experience	 	
 
2/452	-1, Sivan	 kovil	 street,	 Maruthampatinam,	 Thiruvarur,	 Tamilnadu	 – 610001 	
Email: 	keerthanaanburaj4@gmail.com	 	
Mobile	 No:	 9360018354	 	
 
EDUCATION:	 	
 
Bachelor	 of Computer	 Application	 from	 E.G.S.	 Pillay	 Arts	 and	 Science	 College,	 Nagapattinam. 	
Percentage: 85%	 	
 
 
 
SUMMARY	 	
 
Salesforce	 Administrator	 / Developer with	 over 3	+ years	 of experience	 in customizing, and	 deploying	 	
Salesforce	 solutions	 across	 Sales	 Cloud,	 Service	 Cloud,	 and	 Experience	 Cloud	 environments.	 Skilled 	
in Apex, Basic Lightning Web Components (LWC), and Flow to create efficient, user	-friendly 	
applications.	 	
Experienced in data management, and building 	reports and dashboards. Known for a proactive 	
approach to problem	-solving and a commitment to continuous learning, with a track record of 	
successfully	 collaborating	 with	 cross	-functional	 teams	 to
==============================
2026-08-19 14:25:31 | RAW_RESUME_TEXT
+	
 	
keerthana	 anburaj	 	
salesforce	 administrator	 / developer	 – 3+ years	 of experience	 	
 
2/452	-1, sivan	 kovil	 street,	 maruthampatinam,	 thiruvarur,	 tamilnadu	 – 610001 	
email: 	keerthanaanburaj4@gmail.com	 	
mobile	 no:	 9360018354	 	
 
education:	 	
 
bachelor	 of computer	 application	 from	 e.g.s.	 pillay	 arts	 and	 science	 college,	 nagapattinam. 	
percentage: 85%	 	
 
 
 
summary	 	
 
salesforce	 administrator	 / developer with	 over 3	+ years	 of experience	 in customizing, and	 deploying	 	
salesforce	 solutions	 across	 sales	 cloud,	 service	 cloud,	 and	 experience	 cloud	 environments.	 skilled 	
in apex, basic lightning web components (lwc), and flow to create efficient, user	-friendly 	
applications.	 	
experienced in data management, and building 	reports and dashboards. known for a proactive 	
approach to problem	-solving and a commitment to continuous learning, with a track record of 	
successfully	 collaborating	 with	 cross	-functional	 teams	 to meet	 business	 goals	 and	 optimize	 salesforce 	
functionality.	 	
 
highlights	 	
 	
● 	over	 3 years	 of experience	 in salesforce	 development,	 specializing	 in sales	 cloud,	 service 	
cloud, and experience cloud.	 	
● 	experienced	 in workflows, process builder, approval	 process, flows, triggers, apex classes, 	
and basic lightning web 	components.	 	
● 	skilled	 in working	 under	 pressure	 and	 adapting	 to new	 situations	 and	 challenges	 to best 	
enhance the organizational brand.	 	
● 	complex problem	-solver with analytical and driven mindset. dedicated to achieving 	
demanding	 development	 objectives	 accordi	ng	 to tight	 schedules	 while	 producing	 impeccable 	
code.	 	
● 	technical	 expertise	 in software	 development	 lifecycle	 stages	 like	 requirements	 gathering, 	
analysis, design, development, deployment and documentation.	 	
● 	good	 knowledge	 of soql	 and	 sosl	 query	 languages.	 good	 knowledge	 of email	 services. 	
experienced in using g
==============================
2026-08-19 14:25:31 | EXPERIENCE_DETAILS
Array
(
    [jobs] => Array
        (
            [0] => Array
                (
                    [from] => april	 2022
                    [to] => present
                    [years] => 4
                    [months] => 5
                    [role] => Salesforce Developer / Associate Software Analyst
                    [company] => Vcollab	 Etiquette
                )

        )

    [total] => 4 Years 5 Months
)

==============================
2026-08-19 14:25:31 | Email
keerthanaanburaj4@gmail.com
==============================
2026-08-19 14:25:31 | Name
Keerthana Anburaj
==============================
2026-08-19 14:25:31 | Mobile
9360018354
==============================
2026-08-19 14:25:31 | ExperienceYears
3
==============================
2026-08-19 14:25:31 | RECOMMENDATION_ANALYSIS
Array
(
    [matchedSkillsCount] => 1
    [requiredSkillsCount] => 4
    [candidateExp] => 3
    [minExpRequired] => 2.5
    [eduMatch] => 1
    [domainStatus] => WRONG_DOMAIN
    [candidateDomain] => Software & IT
    [jobDomain] => Human Resources
)

==============================
2026-08-19 14:25:31 | RECOMMENDATION
Not Suitable
==============================
2026-08-19 14:25:31 | RECOMMENDATION_REASON
Wrong domain: The candidate's resume indicates a Software & IT background, while this vacancy belongs to Human Resources. The candidate's professional domain does not align with the requirements of this position.
==============================
2026-08-19 14:25:31 | START
Array
(
    [resumePath] => D:\xampp\htdocs\REC\atscheck/modal/CAND31_20260819142531449.pdf
    [vacancyId] => 31
    [jobTitle] => HUMAN RESOURCES
)

==============================
2026-08-19 14:25:31 | PDF_EXTRACT_SUCCESS
Mohamed Fazil
Full Stack Developer — MERN & PHP Specialist Chennai, Tamil Nadu — +91 7200110489
fazil721655@gmail.com — linkedin.com/in/mohamed-fazil — github.com/fazil
Professional Summary BCA Graduate (2025) and Full Stack Developer with hands-on experience building scalable web applications using
MERN stack and PHP. Skilled in REST API development, JWT authentication, Docker-based deployment, and
responsive UI design. Passionate about clean architecture, performance optimization, and production-ready systems.
Core Competencies •Languages:JavaScript (ES6+), PHP
•Frontend:React.js, Next.js, AngularJS, HTML5, CSS3, Bootstrap, Tailwind CSS
•Backend:Node.js, Express.js, PHP
•Databases:MongoDB, MySQL
•API & Security:RESTful APIs, JWT Authentication, bcrypt, Middleware
•DevOps & Tools:Docker, Git, GitHub, VS Code
•Concepts:MVC Architecture, Responsive Design, Performance Optimization, Component-Based Architecture
Work Experience Inet Secure Labs Pvt Ltd – Software D
==============================
2026-08-19 14:25:31 | RAW_RESUME_TEXT
mohamed fazil
full stack developer — mern & php specialist chennai, tamil nadu — +91 7200110489
fazil721655@gmail.com — linkedin.com/in/mohamed-fazil — github.com/fazil
professional summary bca graduate (2025) and full stack developer with hands-on experience building scalable web applications using
mern stack and php. skilled in rest api development, jwt authentication, docker-based deployment, and
responsive ui design. passionate about clean architecture, performance optimization, and production-ready systems.
core competencies •languages:javascript (es6+), php
•frontend:react.js, next.js, angularjs, html5, css3, bootstrap, tailwind css
•backend:node.js, express.js, php
•databases:mongodb, mysql
•api & security:restful apis, jwt authentication, bcrypt, middleware
•devops & tools:docker, git, github, vs code
•concepts:mvc architecture, responsive design, performance optimization, component-based architecture
work experience inet secure labs pvt ltd – software developerpresent
•contributing to full stack development using mern stack and php
•building rest apis and responsive ui components for real-world applications
•working with docker and git for efficient development workflow
featured projects langmaster – full stack e-learning platform
•developed a mern-based platform with lessons, quizzes, and progress tracking
•implemented jwt authentication, bcrypt password security, and protected routes
•designed rest apis for course and user management
•built responsive ui using tailwind css with animations
agri 360 – smart agriculture platform
•built a react.js marketplace for farmers to manage product listings
•integrated weather api for real-time environmental insights
•implemented advanced filtering, search, and location-based features
•optimized performance using react hooks and memoization
resume insight analyzer
•built a custom ats scoring system using php with rule-based nlp logic
•implemented keyword extraction,
==============================
2026-08-19 14:25:31 | EXPERIENCE_DETAILS
Array
(
    [jobs] => Array
        (
        )

    [total] => 0 Years 0 Months
)

==============================
2026-08-19 14:25:31 | Email
fazil721655@gmail.com
==============================
2026-08-19 14:25:31 | Name
Mohamed Fazil
==============================
2026-08-19 14:25:31 | Mobile
+91 7200110489
==============================
2026-08-19 14:25:31 | ExperienceYears
0
==============================
2026-08-19 14:25:31 | RECOMMENDATION_ANALYSIS
Array
(
    [matchedSkillsCount] => 1
    [requiredSkillsCount] => 4
    [candidateExp] => 0
    [minExpRequired] => 2.5
    [eduMatch] => 1
    [domainStatus] => WRONG_DOMAIN
    [candidateDomain] => Software & IT
    [jobDomain] => Human Resources
)

==============================
2026-08-19 14:25:31 | RECOMMENDATION
Not Suitable
==============================
2026-08-19 14:25:31 | RECOMMENDATION_REASON
Wrong domain: The candidate's resume indicates a Software & IT background, while this vacancy belongs to Human Resources. The candidate's professional domain does not align with the requirements of this position.
==============================
2026-08-19 10:58:40 | START
Array
(
    [resumePath] => d:/xampp/htdocs/REC/atscheck/modal/CAND31_20260819142421182.docx
    [vacancyId] => 31
    [jobTitle] => Test
)

==============================
2026-08-19 10:58:40 | RAW_RESUME_TEXT
﻿marimuthu p 
salesforce developer 
+91 96007 42358 | ✉ marimuthu.vlk@gmail.com |  tiruvarur, tamil nadu https://www.linkedin.com/in/marimuthu-palanivel-017192344/ 
professional summary 
salesforce certified developer with 3.5+ years of experience in salesforce development and administration. skilled in apex, lightning web components (lwc), soql/sosl, and automation tools like flows and process builder. proven track record in delivering scalable, efficient solutions across sales cloud, service cloud, and experience cloud. strong grasp of data migration, security models, and integration via rest apis. committed to agile methodologies and continuous improvement. 
certifications 
• salesforce certified platform developer i 
• salesforce certified administrator 
• salesforce ai associate 
• salesforce ai specialist 
• salesforce certified associate 
technical skills 
• salesforce technologies: apex, lwc, visualforce, soql, sosl, flows, process builder, approvals, dashboards 
• tools: visual studio code, developer console, data loader, workbench, git, jira, postman • web technologies: html, javascript, css 
• salesforce features: sso, salesforce connect, big objects, platform events, cdc • cloud experience: sales cloud, service cloud, experience cloud 
• data migration: import wizard, data loader, bulk api 
• other: integration using rest apis, security model, sharing rules, profiles, and roles 
work experience 
salesforce admin &amp; developer 
subsel tech solution pvt. ltd. — april 2022 – present 
• developed and deployed custom applications using apex, visualforce, lwc, and lightning components.
• built and maintained automation using flows, process builder, and approval processes. • worked with standard/custom objects including accounts, contacts, opportunities, cases, leads, etc. 
• implemented security at organization, object, field, and record levels. • migrated data using data loader and workbench. 
• designed dashboard
==============================
2026-08-19 10:58:40 | EXPERIENCE_DETAILS
Array
(
    [jobs] => Array
        (
            [0] => Array
                (
                    [from] => april 2022
                    [to] => present
                    [years] => 4
                    [months] => 5
                    [role] => Salesforce Admin &amp; Developer
                    [company] => Subsel Tech Solution Pvt. Ltd. -
                )

            [1] => Array
                (
                    [from] => apr 2022
                    [to] => may 2023
                    [years] => 1
                    [months] => 1
                    [role] => Projects
                    [company] => Leaseworks (
                )

            [2] => Array
                (
                    [from] => jun 2023
                    [to] => nov 2024
                    [years] => 1
                    [months] => 5
                    [role] => Managed Metadata And Deployment Using Migration To
                    [company] => Tax Project (
                )

            [3] => Array
                (
                    [from] => dec 2023
                    [to] => may 2024
                    [years] => 0
                    [months] => 5
                    [role] => Managed Custom Records, Record Types, And Role-bas
                    [company] => Petrosoft (
                )

            [4] => Array
                (
                    [from] => jun 2024
                    [to] => present
                    [years] => 2
                    [months] => 2
                    [role] => Designed Custom Objects And Automated Business Log
                    [company] => Adobe (client Project) (
                )

        )

    [total] => 9 Years 6 Months
)

==============================
2026-08-19 10:58:40 | Email
marimuthu.vlk@gmail.com
==============================
2026-08-19 10:58:40 | Name
Marimuthu P
==============================
2026-08-19 10:58:40 | Mobile
9600742358
==============================
2026-08-19 10:58:40 | ExperienceYears
3.5
==============================
2026-08-19 10:58:40 | RECOMMENDATION_ANALYSIS
Array
(
    [matchedSkillsCount] => 0
    [requiredSkillsCount] => 0
    [candidateExp] => 3.5
    [minExpRequired] => 0
    [eduMatch] => 1
    [domainStatus] => UNCLEAR
    [candidateDomain] => Software & IT
    [jobDomain] => Other / General
)

==============================
2026-08-19 10:58:40 | RECOMMENDATION
Strong Match
==============================
2026-08-19 10:58:40 | RECOMMENDATION_REASON
The candidate's profile aligns well with the requirements of Test. They possess 3.5 years of relevant experience. Their background provides concrete evidence for strong candidate suitability.
==============================
2026-08-19 10:58:40 | START
Array
(
    [resumePath] => d:/xampp/htdocs/REC/atscheck/modal/CAND31_20260819142422741.pdf
    [vacancyId] => 31
    [jobTitle] => Test
)

==============================
2026-08-19 10:58:40 | PDF_EXTRACT_SUCCESS
SANJAYA SRIDHAR 	
Chennai | 81483 14442 | sanjayajayanthi2001@gmail.com	 	
 
PROFESSIONAL SUMMARY 	
Detail-oriented Finance professional with over 2.5 years of experience in 	
Disbursement Accounting, Revenue & Expense Accounting, Customer Invoicing, and Cash 
Application. Demonstrated ability to manage high-volume transactions with 100% accuracy, 
meet strict SLAs, and collaborate effectively with cross-functional and global stakeholders. 
Known for analytical thinking, process improvement, and strong attention to detail. 
CORE COMPETENCIES 
 
 
 
 
PROFESSIONAL EXPERIENCE 	
 	
Inchcape Shipping Services –Accounts Executive        Nov 2023 – Present 
 
	 	Perform end-to-end accounting of supplier invoices after validating accuracy, approvals, 
and compliance with company policies. 	
	 	Coordinate with Operations and Sales teams to ensure timely submission of invoices and 
resolve discrepancies 	
	 	Work closely with Local Port Agents (LPA) and Operations to address invoic
==============================
2026-08-19 10:58:40 | RAW_RESUME_TEXT
sanjaya sridhar 	
chennai | 81483 14442 | sanjayajayanthi2001@gmail.com	 	
 
professional summary 	
detail-oriented finance professional with over 2.5 years of experience in 	
disbursement accounting, revenue & expense accounting, customer invoicing, and cash 
application. demonstrated ability to manage high-volume transactions with 100% accuracy, 
meet strict slas, and collaborate effectively with cross-functional and global stakeholders. 
known for analytical thinking, process improvement, and strong attention to detail. 
core competencies 
 
 
 
 
professional experience 	
 	
inchcape shipping services –accounts executive        nov 2023 – present 
 
	 	perform end-to-end accounting of supplier invoices after validating accuracy, approvals, 
and compliance with company policies. 	
	 	coordinate with operations and sales teams to ensure timely submission of invoices and 
resolve discrepancies 	
	 	work closely with local port agents (lpa) and operations to address invoice queries and 
close issues promptly. 	
	 	account revenues and expenses in line with contracted rates, pro-forma invoices, baseline 
templates, and closed estimates. 	
	 	generate and dispatch customer invoices while adhering to customer-specific billing 
requirements. 	
	 	track daily bank statements from banking portals and maintain accurate cash trackers. 	
	 	perform daily cash application and bank reconciliation within 24-hour sla. 	
	 	clear unallocated and unidentified payments with root cause analysis. 	
	 	post customer receipts with 100% accuracy and support ar and collections teams. 	
	 	prepare and circulate month-end accrual, pending, and rejection reports to stakeholders. 	
	 	reconcile processed invoices against system reports to ensure zero variance. 	
	 	support process transitions, knowledge sharing, and continuous improvement initiatives. 	
	 	maintain strong working relationships with internal teams and external stakeholders 	
disburse
==============================
2026-08-19 10:58:40 | EXPERIENCE_DETAILS
Array
(
    [jobs] => Array
        (
            [0] => Array
                (
                    [from] => nov 2023
                    [to] => present
                    [years] => 2
                    [months] => 10
                    [role] => Inchcape Shipping Services
                    [company] => Accounts Executive
                )

            [1] => Array
                (
                    [from] => jun 2022
                    [to] => jan 2023
                    [years] => 0
                    [months] => 7
                    [role] => Month-end Close & Accruals Stakeholder & Lpa Coord
                    [company] => Datamark India Bpo Llp - Process Executive
                )

        )

    [total] => 3 Years 5 Months
)

==============================
2026-08-19 10:58:40 | Email
sanjayajayanthi2001@gmail.com
==============================
2026-08-19 10:58:40 | Name
Sanjaya Sridhar
==============================
2026-08-19 10:58:40 | Mobile
8148314442
==============================
2026-08-19 10:58:40 | ExperienceYears
2.5
==============================
2026-08-19 10:58:40 | RECOMMENDATION_ANALYSIS
Array
(
    [matchedSkillsCount] => 0
    [requiredSkillsCount] => 0
    [candidateExp] => 2.5
    [minExpRequired] => 0
    [eduMatch] => 1
    [domainStatus] => UNCLEAR
    [candidateDomain] => Finance & Accounting
    [jobDomain] => Other / General
)

==============================
2026-08-19 10:58:40 | RECOMMENDATION
Strong Match
==============================
2026-08-19 10:58:40 | RECOMMENDATION_REASON
The candidate's profile aligns well with the requirements of Test. They possess 2.5 years of relevant experience. Their background provides concrete evidence for strong candidate suitability.
==============================
2026-08-19 14:29:49 | START
Array
(
    [resumePath] => D:\xampp\htdocs\REC\atscheck/modal/CAND32_20260819142949385.docx
    [vacancyId] => 32
    [jobTitle] => Data Engineer
)

==============================
2026-08-19 14:29:49 | RAW_RESUME_TEXT
﻿marimuthu p 
salesforce developer 
+91 96007 42358 | ✉ marimuthu.vlk@gmail.com |  tiruvarur, tamil nadu https://www.linkedin.com/in/marimuthu-palanivel-017192344/ 
professional summary 
salesforce certified developer with 3.5+ years of experience in salesforce development and administration. skilled in apex, lightning web components (lwc), soql/sosl, and automation tools like flows and process builder. proven track record in delivering scalable, efficient solutions across sales cloud, service cloud, and experience cloud. strong grasp of data migration, security models, and integration via rest apis. committed to agile methodologies and continuous improvement. 
certifications 
• salesforce certified platform developer i 
• salesforce certified administrator 
• salesforce ai associate 
• salesforce ai specialist 
• salesforce certified associate 
technical skills 
• salesforce technologies: apex, lwc, visualforce, soql, sosl, flows, process builder, approvals, dashboards 
• tools: visual studio code, developer console, data loader, workbench, git, jira, postman • web technologies: html, javascript, css 
• salesforce features: sso, salesforce connect, big objects, platform events, cdc • cloud experience: sales cloud, service cloud, experience cloud 
• data migration: import wizard, data loader, bulk api 
• other: integration using rest apis, security model, sharing rules, profiles, and roles 
work experience 
salesforce admin &amp; developer 
subsel tech solution pvt. ltd. — april 2022 – present 
• developed and deployed custom applications using apex, visualforce, lwc, and lightning components.
• built and maintained automation using flows, process builder, and approval processes. • worked with standard/custom objects including accounts, contacts, opportunities, cases, leads, etc. 
• implemented security at organization, object, field, and record levels. • migrated data using data loader and workbench. 
• designed dashboard
==============================
2026-08-19 14:29:49 | EXPERIENCE_DETAILS
Array
(
    [jobs] => Array
        (
            [0] => Array
                (
                    [from] => april 2022
                    [to] => present
                    [years] => 4
                    [months] => 5
                    [role] => Salesforce Admin &amp; Developer
                    [company] => Subsel Tech Solution Pvt. Ltd. -
                )

            [1] => Array
                (
                    [from] => apr 2022
                    [to] => may 2023
                    [years] => 1
                    [months] => 1
                    [role] => Projects
                    [company] => Leaseworks (
                )

            [2] => Array
                (
                    [from] => jun 2023
                    [to] => nov 2024
                    [years] => 1
                    [months] => 5
                    [role] => Managed Metadata And Deployment Using Migration To
                    [company] => Tax Project (
                )

            [3] => Array
                (
                    [from] => dec 2023
                    [to] => may 2024
                    [years] => 0
                    [months] => 5
                    [role] => Managed Custom Records, Record Types, And Role-bas
                    [company] => Petrosoft (
                )

            [4] => Array
                (
                    [from] => jun 2024
                    [to] => present
                    [years] => 2
                    [months] => 2
                    [role] => Designed Custom Objects And Automated Business Log
                    [company] => Adobe (client Project) (
                )

        )

    [total] => 9 Years 6 Months
)

==============================
2026-08-19 14:29:49 | Email
marimuthu.vlk@gmail.com
==============================
2026-08-19 14:29:49 | Name
Marimuthu P
==============================
2026-08-19 14:29:49 | Mobile
9600742358
==============================
2026-08-19 14:29:49 | ExperienceYears
3.5
==============================
2026-08-19 14:29:49 | RECOMMENDATION_ANALYSIS
Array
(
    [matchedSkillsCount] => 2
    [requiredSkillsCount] => 10
    [candidateExp] => 3.5
    [minExpRequired] => 1
    [eduMatch] => 1
    [domainStatus] => MATCHED
    [candidateDomain] => Software & IT
    [jobDomain] => Software & IT
)

==============================
2026-08-19 14:29:49 | RECOMMENDATION
Potential Match
==============================
2026-08-19 14:29:49 | RECOMMENDATION_REASON
The candidate has a relevant background for Data Engineer, but specific requirements need verification during screening. Skill(s) like Powerbi, Excel, Python were not clearly identified in the resume text. Recruiter review and phone screening are recommended.
==============================
2026-08-19 14:29:49 | START
Array
(
    [resumePath] => D:\xampp\htdocs\REC\atscheck/modal/CAND32_20260819142949466.docx
    [vacancyId] => 32
    [jobTitle] => Data Engineer
)

==============================
2026-08-19 14:29:49 | RAW_RESUME_TEXT
﻿vijay k
it &amp; network support engineer (l1)
phone: 7867070840 | email: vijaykumaresan92@gmail.com
952500141605
professional summary
dedicated it support &amp; l1 network engineer with hands-on experience in desktop support, hardware troubleshooting, network basics, o365, vpn support, and it asset management. strong ability to resolve user issues efficiently and ensure smooth it operations.
952500258445
key skills
technical skills
networking fundamentals
ccna course completed  

tcp/ip, osi model, ip addressing &amp; subnetting, vlan config, routing protocol, nat, dhcp, dns, stp and wan connectivity.

network devices &amp; installation

switch &amp; router installation and mounting, patch panel &amp; rack management, structured cabling, access point mounting &amp; configuration, network hardware troubleshooting.

configuration &amp; management

cisco routers &amp; switches, vlan configuration, inter vlan routing, wireless access point setup and vpn configuration.

network switch acl

access control lists (acls), vpn setup, basic intrusion prevention techniques.

monitoring &amp; troubleshooting

it support

switch movement, it asset maintenance and tracking, o365, laptop &amp; desktop configuration &amp; troubleshooting, printer setup (hp&amp; zebra barcode printer), &amp; application installation.

soft skills

strong problem-solving and analytical abilities.

hands-on experience in device installation &amp; network cabling.

ability to learn quickly and adapt to new technologies, team collaboration and support coordination.
professional experience it support
engineer(l1)

sentinel technology pvt ltd(client: tata electronics products &amp; solutions), hosur dec 2024 – present
cctv hardware engineer 

networking

952500186690

ipqc – in process quality control
bangalore datacom pvt ltd(client: tata electronics pvt. ltd.), hosur jul 2023 – nov 2024
id card printing 

data maintained 

access control help desk
952500182880

education
 b.a economics
sacred h
==============================
2026-08-19 14:29:49 | EXPERIENCE_DETAILS
Array
(
    [jobs] => Array
        (
            [0] => Array
                (
                    [from] => dec 2024
                    [to] => present
                    [years] => 1
                    [months] => 8
                    [role] => Engineer(l1)
                    [company] => Sentinel Technology Pvt Ltd(client: Tata Electroni
                )

            [1] => Array
                (
                    [from] => jul 2023
                    [to] => nov 2024
                    [years] => 1
                    [months] => 4
                    [role] => Ipqc - In Process Quality Control
                    [company] => Bangalore Datacom Pvt Ltd(client: Tata Electronics
                )

        )

    [total] => 3 Years 0 Months
)

==============================
2026-08-19 14:29:49 | Email
vijaykumaresan92@gmail.com
==============================
2026-08-19 14:29:49 | Name
Vijay K
==============================
2026-08-19 14:29:49 | Mobile
7867070840
==============================
2026-08-19 14:29:49 | ExperienceYears
3
==============================
2026-08-19 14:29:49 | RECOMMENDATION_ANALYSIS
Array
(
    [matchedSkillsCount] => 0
    [requiredSkillsCount] => 10
    [candidateExp] => 3
    [minExpRequired] => 1
    [eduMatch] => 1
    [domainStatus] => UNCLEAR
    [candidateDomain] => Education
    [jobDomain] => Software & IT
)

==============================
2026-08-19 14:29:49 | RECOMMENDATION
Potential Match
==============================
2026-08-19 14:29:49 | RECOMMENDATION_REASON
The candidate has a relevant background for Data Engineer, but specific requirements need verification during screening. Skill(s) like Powerbi, Excel, Advanced Sql were not clearly identified in the resume text. Recruiter review and phone screening are recommended.
==============================
2026-08-19 14:29:49 | START
Array
(
    [resumePath] => D:\xampp\htdocs\REC\atscheck/modal/CAND32_20260819142949305.pdf
    [vacancyId] => 32
    [jobTitle] => Data Engineer
)

==============================
2026-08-19 14:29:49 | PDF_EXTRACT_SUCCESS
AGILAN	 B                                                                     	  	
Chennai, India | +91 	915	066	8484	 | agilanagi071@gmail.com	 | @linkedin: 	https://www.linkedin.com/in/agilan	-b 	
 
PROFESSIONAL SUMMARY	 	 	
Highly motivated and detail	-oriented Accounts Payable Analyst with 	2 years of proven experience in managing 	
AP  operations  within  deadline	-driven  environments.  Demonstrated  expertise  in  invoice  processing,  vendor 	
reconciliation, and resolving discrepancies in compliance with internal controls and financial policies. Skilled	 in 	
leveraging ERP systems 	Streamline workflows, ensure data accuracy, and support month	-end closing activities. 	
Adept at collaborating with cross	-functional teams to enhance process effic	iency and maintain strong vendor 	
relationships.  Committed  to  continuous  improvement,  accuracy,  and  delivering  high	-quality  financial  support 	
aligned with organizational goals.	 	
 
CORE SKILLS	 	 	
Accounting & Finance:	
==============================
2026-08-19 14:29:49 | RAW_RESUME_TEXT
agilan	 b                                                                     	  	
chennai, india | +91 	915	066	8484	 | agilanagi071@gmail.com	 | @linkedin: 	https://www.linkedin.com/in/agilan	-b 	
 
professional summary	 	 	
highly motivated and detail	-oriented accounts payable analyst with 	2 years of proven experience in managing 	
ap  operations  within  deadline	-driven  environments.  demonstrated  expertise  in  invoice  processing,  vendor 	
reconciliation, and resolving discrepancies in compliance with internal controls and financial policies. skilled	 in 	
leveraging erp systems 	streamline workflows, ensure data accuracy, and support month	-end closing activities. 	
adept at collaborating with cross	-functional teams to enhance process effic	iency and maintain strong vendor 	
relationships.  committed  to  continuous  improvement,  accuracy,  and  delivering  high	-quality  financial  support 	
aligned with organizational goals.	 	
 
core skills	 	 	
accounting & finance:	 accounts payable, procure	-to	-pay (p2p), vendor reconciliation, invoice processing, 	
month	-end closing, audit & compliance	 	
erp & tools: 	as400 	& 	oracle	  	
productivity tools: 	microsoft office suite (word, powerpoint, outlook, visio, onenote)	 	
 
professional experience	 	 	
projects & developments	 	
process executive 	– cognizant technology solutions                                                                                   	april 2024 	– present	   	
          	 	
– reviewed and processed vendor invoices, ensuring compliance with policies and accuracy of details.	 	
– resolved vendor queries and requests via email/tickets within the agreed sla.	 	
– performed 3	-way matching (invoice, purchase order, and goods receipt) in basware,	 	
– maintained and managed over 1,000 utility accounts, including gas, electricity, and water services	 	
– we will make utility payments on a daily basis, ensuring they are settled within the due dates 
specified on the in
==============================
2026-08-19 14:29:49 | EXPERIENCE_DETAILS
Array
(
    [jobs] => Array
        (
            [0] => Array
                (
                    [from] => april 2024
                    [to] => present
                    [years] => 2
                    [months] => 5
                    [role] => Process Executive
                    [company] => Cognizant Technology Solutions
                )

        )

    [total] => 2 Years 5 Months
)

==============================
2026-08-19 14:29:49 | Email
agilanagi071@gmail.com
==============================
2026-08-19 14:29:49 | Name
Agilan B
==============================
2026-08-19 14:29:49 | Mobile
9150668484
==============================
2026-08-19 14:29:49 | ExperienceYears
2.4
==============================
2026-08-19 14:29:49 | RECOMMENDATION_ANALYSIS
Array
(
    [matchedSkillsCount] => 2
    [requiredSkillsCount] => 10
    [candidateExp] => 2.4
    [minExpRequired] => 1
    [eduMatch] => 
    [domainStatus] => WRONG_DOMAIN
    [candidateDomain] => Finance & Accounting
    [jobDomain] => Software & IT
)

==============================
2026-08-19 14:29:49 | RECOMMENDATION
Not Suitable
==============================
2026-08-19 14:29:49 | RECOMMENDATION_REASON
Wrong domain: The candidate's resume indicates a Finance & Accounting background, while this vacancy belongs to Software & IT. The candidate's professional domain does not align with the requirements of this position.
==============================
2026-08-19 14:29:49 | START
Array
(
    [resumePath] => D:\xampp\htdocs\REC\atscheck/modal/CAND32_20260819142949457.pdf
    [vacancyId] => 32
    [jobTitle] => Data Engineer
)

==============================
2026-08-19 14:29:49 | PDF_EXTRACT_SUCCESS
AGILAN	 B                                                                     	  	
Chennai, India | +91 	915	066	8484	 | agilanagi071@gmail.com	 | @linkedin: 	https://www.linkedin.com/in/agilan	-b 	
 
PROFESSIONAL SUMMARY	 	 	
Highly motivated and detail	-oriented Accounts Payable Analyst with 	2 years of proven experience in managing 	
AP  operations  within  deadline	-driven  environments.  Demonstrated  expertise  in  invoice  processing,  vendor 	
reconciliation, and resolving discrepancies in compliance with internal controls and financial policies. Skilled	 in 	
leveraging ERP systems 	Streamline workflows, ensure data accuracy, and support month	-end closing activities. 	
Adept at collaborating with cross	-functional teams to enhance process effic	iency and maintain strong vendor 	
relationships.  Committed  to  continuous  improvement,  accuracy,  and  delivering  high	-quality  financial  support 	
aligned with organizational goals.	 	
 
CORE SKILLS	 	 	
Accounting & Finance:	
==============================
2026-08-19 14:29:49 | RAW_RESUME_TEXT
agilan	 b                                                                     	  	
chennai, india | +91 	915	066	8484	 | agilanagi071@gmail.com	 | @linkedin: 	https://www.linkedin.com/in/agilan	-b 	
 
professional summary	 	 	
highly motivated and detail	-oriented accounts payable analyst with 	2 years of proven experience in managing 	
ap  operations  within  deadline	-driven  environments.  demonstrated  expertise  in  invoice  processing,  vendor 	
reconciliation, and resolving discrepancies in compliance with internal controls and financial policies. skilled	 in 	
leveraging erp systems 	streamline workflows, ensure data accuracy, and support month	-end closing activities. 	
adept at collaborating with cross	-functional teams to enhance process effic	iency and maintain strong vendor 	
relationships.  committed  to  continuous  improvement,  accuracy,  and  delivering  high	-quality  financial  support 	
aligned with organizational goals.	 	
 
core skills	 	 	
accounting & finance:	 accounts payable, procure	-to	-pay (p2p), vendor reconciliation, invoice processing, 	
month	-end closing, audit & compliance	 	
erp & tools: 	as400 	& 	oracle	  	
productivity tools: 	microsoft office suite (word, powerpoint, outlook, visio, onenote)	 	
 
professional experience	 	 	
projects & developments	 	
process executive 	– cognizant technology solutions                                                                                   	april 2024 	– present	   	
          	 	
– reviewed and processed vendor invoices, ensuring compliance with policies and accuracy of details.	 	
– resolved vendor queries and requests via email/tickets within the agreed sla.	 	
– performed 3	-way matching (invoice, purchase order, and goods receipt) in basware,	 	
– maintained and managed over 1,000 utility accounts, including gas, electricity, and water services	 	
– we will make utility payments on a daily basis, ensuring they are settled within the due dates 
specified on the in
==============================
2026-08-19 14:29:49 | EXPERIENCE_DETAILS
Array
(
    [jobs] => Array
        (
            [0] => Array
                (
                    [from] => april 2024
                    [to] => present
                    [years] => 2
                    [months] => 5
                    [role] => Process Executive
                    [company] => Cognizant Technology Solutions
                )

        )

    [total] => 2 Years 5 Months
)

==============================
2026-08-19 14:29:49 | Email
agilanagi071@gmail.com
==============================
2026-08-19 14:29:49 | Name
Agilan B
==============================
2026-08-19 14:29:49 | Mobile
9150668484
==============================
2026-08-19 14:29:49 | ExperienceYears
2.4
==============================
2026-08-19 14:29:49 | RECOMMENDATION_ANALYSIS
Array
(
    [matchedSkillsCount] => 2
    [requiredSkillsCount] => 10
    [candidateExp] => 2.4
    [minExpRequired] => 1
    [eduMatch] => 
    [domainStatus] => WRONG_DOMAIN
    [candidateDomain] => Finance & Accounting
    [jobDomain] => Software & IT
)

==============================
2026-08-19 14:29:49 | RECOMMENDATION
Not Suitable
==============================
2026-08-19 14:29:49 | RECOMMENDATION_REASON
Wrong domain: The candidate's resume indicates a Finance & Accounting background, while this vacancy belongs to Software & IT. The candidate's professional domain does not align with the requirements of this position.
==============================
2026-08-19 14:29:49 | START
Array
(
    [resumePath] => D:\xampp\htdocs\REC\atscheck/modal/CAND32_20260819142949849.pdf
    [vacancyId] => 32
    [jobTitle] => Data Engineer
)

==============================
2026-08-19 14:29:49 | PDF_EXTRACT_SUCCESS
AGILAN	 B                                                                     	  	
Chennai, India | +91 	915	066	8484	 | agilanagi071@gmail.com	 | @linkedin: 	https://www.linkedin.com/in/agilan	-b 	
 
PROFESSIONAL SUMMARY	 	 	
Highly motivated and detail	-oriented Accounts Payable Analyst with 	2 years of proven experience in managing 	
AP  operations  within  deadline	-driven  environments.  Demonstrated  expertise  in  invoice  processing,  vendor 	
reconciliation, and resolving discrepancies in compliance with internal controls and financial policies. Skilled	 in 	
leveraging ERP systems 	Streamline workflows, ensure data accuracy, and support month	-end closing activities. 	
Adept at collaborating with cross	-functional teams to enhance process effic	iency and maintain strong vendor 	
relationships.  Committed  to  continuous  improvement,  accuracy,  and  delivering  high	-quality  financial  support 	
aligned with organizational goals.	 	
 
CORE SKILLS	 	 	
Accounting & Finance:	
==============================
2026-08-19 14:29:49 | RAW_RESUME_TEXT
agilan	 b                                                                     	  	
chennai, india | +91 	915	066	8484	 | agilanagi071@gmail.com	 | @linkedin: 	https://www.linkedin.com/in/agilan	-b 	
 
professional summary	 	 	
highly motivated and detail	-oriented accounts payable analyst with 	2 years of proven experience in managing 	
ap  operations  within  deadline	-driven  environments.  demonstrated  expertise  in  invoice  processing,  vendor 	
reconciliation, and resolving discrepancies in compliance with internal controls and financial policies. skilled	 in 	
leveraging erp systems 	streamline workflows, ensure data accuracy, and support month	-end closing activities. 	
adept at collaborating with cross	-functional teams to enhance process effic	iency and maintain strong vendor 	
relationships.  committed  to  continuous  improvement,  accuracy,  and  delivering  high	-quality  financial  support 	
aligned with organizational goals.	 	
 
core skills	 	 	
accounting & finance:	 accounts payable, procure	-to	-pay (p2p), vendor reconciliation, invoice processing, 	
month	-end closing, audit & compliance	 	
erp & tools: 	as400 	& 	oracle	  	
productivity tools: 	microsoft office suite (word, powerpoint, outlook, visio, onenote)	 	
 
professional experience	 	 	
projects & developments	 	
process executive 	– cognizant technology solutions                                                                                   	april 2024 	– present	   	
          	 	
– reviewed and processed vendor invoices, ensuring compliance with policies and accuracy of details.	 	
– resolved vendor queries and requests via email/tickets within the agreed sla.	 	
– performed 3	-way matching (invoice, purchase order, and goods receipt) in basware,	 	
– maintained and managed over 1,000 utility accounts, including gas, electricity, and water services	 	
– we will make utility payments on a daily basis, ensuring they are settled within the due dates 
specified on the in
==============================
2026-08-19 14:29:49 | EXPERIENCE_DETAILS
Array
(
    [jobs] => Array
        (
            [0] => Array
                (
                    [from] => april 2024
                    [to] => present
                    [years] => 2
                    [months] => 5
                    [role] => Process Executive
                    [company] => Cognizant Technology Solutions
                )

        )

    [total] => 2 Years 5 Months
)

==============================
2026-08-19 14:29:49 | Email
agilanagi071@gmail.com
==============================
2026-08-19 14:29:49 | Name
Agilan B
==============================
2026-08-19 14:29:49 | Mobile
9150668484
==============================
2026-08-19 14:29:49 | ExperienceYears
2.4
==============================
2026-08-19 14:29:49 | RECOMMENDATION_ANALYSIS
Array
(
    [matchedSkillsCount] => 2
    [requiredSkillsCount] => 10
    [candidateExp] => 2.4
    [minExpRequired] => 1
    [eduMatch] => 
    [domainStatus] => WRONG_DOMAIN
    [candidateDomain] => Finance & Accounting
    [jobDomain] => Software & IT
)

==============================
2026-08-19 14:29:49 | RECOMMENDATION
Not Suitable
==============================
2026-08-19 14:29:49 | RECOMMENDATION_REASON
Wrong domain: The candidate's resume indicates a Finance & Accounting background, while this vacancy belongs to Software & IT. The candidate's professional domain does not align with the requirements of this position.
==============================
2026-08-19 14:29:49 | START
Array
(
    [resumePath] => D:\xampp\htdocs\REC\atscheck/modal/CAND32_20260819142949581.pdf
    [vacancyId] => 32
    [jobTitle] => Data Engineer
)

==============================
2026-08-19 14:29:49 | PDF_EXTRACT_SUCCESS
AGILAN	 B                                                                     	  	
Chennai, India | +91 	915	066	8484	 | agilanagi071@gmail.com	 | @linkedin: 	https://www.linkedin.com/in/agilan	-b 	
 
PROFESSIONAL SUMMARY	 	 	
Highly motivated and detail	-oriented Accounts Payable Analyst with 	2 years of proven experience in managing 	
AP  operations  within  deadline	-driven  environments.  Demonstrated  expertise  in  invoice  processing,  vendor 	
reconciliation, and resolving discrepancies in compliance with internal controls and financial policies. Skilled	 in 	
leveraging ERP systems 	Streamline workflows, ensure data accuracy, and support month	-end closing activities. 	
Adept at collaborating with cross	-functional teams to enhance process effic	iency and maintain strong vendor 	
relationships.  Committed  to  continuous  improvement,  accuracy,  and  delivering  high	-quality  financial  support 	
aligned with organizational goals.	 	
 
CORE SKILLS	 	 	
Accounting & Finance:	
==============================
2026-08-19 14:29:49 | RAW_RESUME_TEXT
agilan	 b                                                                     	  	
chennai, india | +91 	915	066	8484	 | agilanagi071@gmail.com	 | @linkedin: 	https://www.linkedin.com/in/agilan	-b 	
 
professional summary	 	 	
highly motivated and detail	-oriented accounts payable analyst with 	2 years of proven experience in managing 	
ap  operations  within  deadline	-driven  environments.  demonstrated  expertise  in  invoice  processing,  vendor 	
reconciliation, and resolving discrepancies in compliance with internal controls and financial policies. skilled	 in 	
leveraging erp systems 	streamline workflows, ensure data accuracy, and support month	-end closing activities. 	
adept at collaborating with cross	-functional teams to enhance process effic	iency and maintain strong vendor 	
relationships.  committed  to  continuous  improvement,  accuracy,  and  delivering  high	-quality  financial  support 	
aligned with organizational goals.	 	
 
core skills	 	 	
accounting & finance:	 accounts payable, procure	-to	-pay (p2p), vendor reconciliation, invoice processing, 	
month	-end closing, audit & compliance	 	
erp & tools: 	as400 	& 	oracle	  	
productivity tools: 	microsoft office suite (word, powerpoint, outlook, visio, onenote)	 	
 
professional experience	 	 	
projects & developments	 	
process executive 	– cognizant technology solutions                                                                                   	april 2024 	– present	   	
          	 	
– reviewed and processed vendor invoices, ensuring compliance with policies and accuracy of details.	 	
– resolved vendor queries and requests via email/tickets within the agreed sla.	 	
– performed 3	-way matching (invoice, purchase order, and goods receipt) in basware,	 	
– maintained and managed over 1,000 utility accounts, including gas, electricity, and water services	 	
– we will make utility payments on a daily basis, ensuring they are settled within the due dates 
specified on the in
==============================
2026-08-19 14:29:49 | EXPERIENCE_DETAILS
Array
(
    [jobs] => Array
        (
            [0] => Array
                (
                    [from] => april 2024
                    [to] => present
                    [years] => 2
                    [months] => 5
                    [role] => Process Executive
                    [company] => Cognizant Technology Solutions
                )

        )

    [total] => 2 Years 5 Months
)

==============================
2026-08-19 14:29:49 | Email
agilanagi071@gmail.com
==============================
2026-08-19 14:29:49 | Name
Agilan B
==============================
2026-08-19 14:29:49 | Mobile
9150668484
==============================
2026-08-19 14:29:49 | ExperienceYears
2.4
==============================
2026-08-19 14:29:49 | RECOMMENDATION_ANALYSIS
Array
(
    [matchedSkillsCount] => 2
    [requiredSkillsCount] => 10
    [candidateExp] => 2.4
    [minExpRequired] => 1
    [eduMatch] => 
    [domainStatus] => WRONG_DOMAIN
    [candidateDomain] => Finance & Accounting
    [jobDomain] => Software & IT
)

==============================
2026-08-19 14:29:49 | RECOMMENDATION
Not Suitable
==============================
2026-08-19 14:29:49 | RECOMMENDATION_REASON
Wrong domain: The candidate's resume indicates a Finance & Accounting background, while this vacancy belongs to Software & IT. The candidate's professional domain does not align with the requirements of this position.
==============================
2026-08-19 14:29:49 | START
Array
(
    [resumePath] => D:\xampp\htdocs\REC\atscheck/modal/CAND32_20260819142949290.pdf
    [vacancyId] => 32
    [jobTitle] => Data Engineer
)

==============================
2026-08-19 14:29:49 | PDF_EXTRACT_SUCCESS
SANJAYA SRIDHAR 	
Chennai | 81483 14442 | sanjayajayanthi2001@gmail.com	 	
 
PROFESSIONAL SUMMARY 	
Detail-oriented Finance professional with over 2.5 years of experience in 	
Disbursement Accounting, Revenue & Expense Accounting, Customer Invoicing, and Cash 
Application. Demonstrated ability to manage high-volume transactions with 100% accuracy, 
meet strict SLAs, and collaborate effectively with cross-functional and global stakeholders. 
Known for analytical thinking, process improvement, and strong attention to detail. 
CORE COMPETENCIES 
 
 
 
 
PROFESSIONAL EXPERIENCE 	
 	
Inchcape Shipping Services –Accounts Executive        Nov 2023 – Present 
 
	 	Perform end-to-end accounting of supplier invoices after validating accuracy, approvals, 
and compliance with company policies. 	
	 	Coordinate with Operations and Sales teams to ensure timely submission of invoices and 
resolve discrepancies 	
	 	Work closely with Local Port Agents (LPA) and Operations to address invoic
==============================
2026-08-19 14:29:49 | RAW_RESUME_TEXT
sanjaya sridhar 	
chennai | 81483 14442 | sanjayajayanthi2001@gmail.com	 	
 
professional summary 	
detail-oriented finance professional with over 2.5 years of experience in 	
disbursement accounting, revenue & expense accounting, customer invoicing, and cash 
application. demonstrated ability to manage high-volume transactions with 100% accuracy, 
meet strict slas, and collaborate effectively with cross-functional and global stakeholders. 
known for analytical thinking, process improvement, and strong attention to detail. 
core competencies 
 
 
 
 
professional experience 	
 	
inchcape shipping services –accounts executive        nov 2023 – present 
 
	 	perform end-to-end accounting of supplier invoices after validating accuracy, approvals, 
and compliance with company policies. 	
	 	coordinate with operations and sales teams to ensure timely submission of invoices and 
resolve discrepancies 	
	 	work closely with local port agents (lpa) and operations to address invoice queries and 
close issues promptly. 	
	 	account revenues and expenses in line with contracted rates, pro-forma invoices, baseline 
templates, and closed estimates. 	
	 	generate and dispatch customer invoices while adhering to customer-specific billing 
requirements. 	
	 	track daily bank statements from banking portals and maintain accurate cash trackers. 	
	 	perform daily cash application and bank reconciliation within 24-hour sla. 	
	 	clear unallocated and unidentified payments with root cause analysis. 	
	 	post customer receipts with 100% accuracy and support ar and collections teams. 	
	 	prepare and circulate month-end accrual, pending, and rejection reports to stakeholders. 	
	 	reconcile processed invoices against system reports to ensure zero variance. 	
	 	support process transitions, knowledge sharing, and continuous improvement initiatives. 	
	 	maintain strong working relationships with internal teams and external stakeholders 	
disburse
==============================
2026-08-19 14:29:49 | EXPERIENCE_DETAILS
Array
(
    [jobs] => Array
        (
            [0] => Array
                (
                    [from] => nov 2023
                    [to] => present
                    [years] => 2
                    [months] => 10
                    [role] => Inchcape Shipping Services
                    [company] => Accounts Executive
                )

            [1] => Array
                (
                    [from] => jun 2022
                    [to] => jan 2023
                    [years] => 0
                    [months] => 7
                    [role] => Month-end Close & Accruals Stakeholder & Lpa Coord
                    [company] => Datamark India Bpo Llp - Process Executive
                )

        )

    [total] => 3 Years 5 Months
)

==============================
2026-08-19 14:29:49 | Email
sanjayajayanthi2001@gmail.com
==============================
2026-08-19 14:29:49 | Name
Sanjaya Sridhar
==============================
2026-08-19 14:29:49 | Mobile
8148314442
==============================
2026-08-19 14:29:49 | ExperienceYears
2.5
==============================
2026-08-19 14:29:49 | RECOMMENDATION_ANALYSIS
Array
(
    [matchedSkillsCount] => 1
    [requiredSkillsCount] => 10
    [candidateExp] => 2.5
    [minExpRequired] => 1
    [eduMatch] => 1
    [domainStatus] => WRONG_DOMAIN
    [candidateDomain] => Finance & Accounting
    [jobDomain] => Software & IT
)

==============================
2026-08-19 14:29:49 | RECOMMENDATION
Not Suitable
==============================
2026-08-19 14:29:49 | RECOMMENDATION_REASON
Wrong domain: The candidate's resume indicates a Finance & Accounting background, while this vacancy belongs to Software & IT. The candidate's professional domain does not align with the requirements of this position.
==============================
2026-08-19 14:29:49 | START
Array
(
    [resumePath] => D:\xampp\htdocs\REC\atscheck/modal/CAND32_20260819142949533.pdf
    [vacancyId] => 32
    [jobTitle] => Data Engineer
)

==============================
2026-08-19 14:29:50 | PDF_EXTRACT_SUCCESS
SANJAYA SRIDHAR 	
Chennai | 81483 14442 | sanjayajayanthi2001@gmail.com	 	
 
PROFESSIONAL SUMMARY 	
Detail-oriented Finance professional with over 2.5 years of experience in 	
Disbursement Accounting, Revenue & Expense Accounting, Customer Invoicing, and Cash 
Application. Demonstrated ability to manage high-volume transactions with 100% accuracy, 
meet strict SLAs, and collaborate effectively with cross-functional and global stakeholders. 
Known for analytical thinking, process improvement, and strong attention to detail. 
CORE COMPETENCIES 
 
 
 
 
PROFESSIONAL EXPERIENCE 	
 	
Inchcape Shipping Services –Accounts Executive        Nov 2023 – Present 
 
	 	Perform end-to-end accounting of supplier invoices after validating accuracy, approvals, 
and compliance with company policies. 	
	 	Coordinate with Operations and Sales teams to ensure timely submission of invoices and 
resolve discrepancies 	
	 	Work closely with Local Port Agents (LPA) and Operations to address invoic
==============================
2026-08-19 14:29:50 | RAW_RESUME_TEXT
sanjaya sridhar 	
chennai | 81483 14442 | sanjayajayanthi2001@gmail.com	 	
 
professional summary 	
detail-oriented finance professional with over 2.5 years of experience in 	
disbursement accounting, revenue & expense accounting, customer invoicing, and cash 
application. demonstrated ability to manage high-volume transactions with 100% accuracy, 
meet strict slas, and collaborate effectively with cross-functional and global stakeholders. 
known for analytical thinking, process improvement, and strong attention to detail. 
core competencies 
 
 
 
 
professional experience 	
 	
inchcape shipping services –accounts executive        nov 2023 – present 
 
	 	perform end-to-end accounting of supplier invoices after validating accuracy, approvals, 
and compliance with company policies. 	
	 	coordinate with operations and sales teams to ensure timely submission of invoices and 
resolve discrepancies 	
	 	work closely with local port agents (lpa) and operations to address invoice queries and 
close issues promptly. 	
	 	account revenues and expenses in line with contracted rates, pro-forma invoices, baseline 
templates, and closed estimates. 	
	 	generate and dispatch customer invoices while adhering to customer-specific billing 
requirements. 	
	 	track daily bank statements from banking portals and maintain accurate cash trackers. 	
	 	perform daily cash application and bank reconciliation within 24-hour sla. 	
	 	clear unallocated and unidentified payments with root cause analysis. 	
	 	post customer receipts with 100% accuracy and support ar and collections teams. 	
	 	prepare and circulate month-end accrual, pending, and rejection reports to stakeholders. 	
	 	reconcile processed invoices against system reports to ensure zero variance. 	
	 	support process transitions, knowledge sharing, and continuous improvement initiatives. 	
	 	maintain strong working relationships with internal teams and external stakeholders 	
disburse
==============================
2026-08-19 14:29:50 | EXPERIENCE_DETAILS
Array
(
    [jobs] => Array
        (
            [0] => Array
                (
                    [from] => nov 2023
                    [to] => present
                    [years] => 2
                    [months] => 10
                    [role] => Inchcape Shipping Services
                    [company] => Accounts Executive
                )

            [1] => Array
                (
                    [from] => jun 2022
                    [to] => jan 2023
                    [years] => 0
                    [months] => 7
                    [role] => Month-end Close & Accruals Stakeholder & Lpa Coord
                    [company] => Datamark India Bpo Llp - Process Executive
                )

        )

    [total] => 3 Years 5 Months
)

==============================
2026-08-19 14:29:50 | Email
sanjayajayanthi2001@gmail.com
==============================
2026-08-19 14:29:50 | Name
Sanjaya Sridhar
==============================
2026-08-19 14:29:50 | Mobile
8148314442
==============================
2026-08-19 14:29:50 | ExperienceYears
2.5
==============================
2026-08-19 14:29:50 | RECOMMENDATION_ANALYSIS
Array
(
    [matchedSkillsCount] => 1
    [requiredSkillsCount] => 10
    [candidateExp] => 2.5
    [minExpRequired] => 1
    [eduMatch] => 1
    [domainStatus] => WRONG_DOMAIN
    [candidateDomain] => Finance & Accounting
    [jobDomain] => Software & IT
)

==============================
2026-08-19 14:29:50 | RECOMMENDATION
Not Suitable
==============================
2026-08-19 14:29:50 | RECOMMENDATION_REASON
Wrong domain: The candidate's resume indicates a Finance & Accounting background, while this vacancy belongs to Software & IT. The candidate's professional domain does not align with the requirements of this position.
==============================
2026-08-19 14:29:50 | START
Array
(
    [resumePath] => D:\xampp\htdocs\REC\atscheck/modal/CAND32_20260819142950868.pdf
    [vacancyId] => 32
    [jobTitle] => Data Engineer
)

==============================
2026-08-19 14:29:50 | PDF_EXTRACT_SUCCESS
SALESFORCE	 DEVELOPER	 	
KAMBHAMPATI FRANCIS	 	
☎	 9347001544	 	
✉ francis6062@gmail.com	 	
 	 	
Professional	 Summary	 	
Having	 3+ years	 of hands	-on experience	 in Salesforce	 CRM	 implementations,	 including	 development, 	administration, and 	
Lightning component development.	 	
Strong	 experience	 working	 with	 Sales	 Cloud	 and	 Service	 Cloud,	 delivering	 customized	 business	 solutions.	 	
Hands	-on expertise	 in developing	 Apex	 Classes,	 Triggers,	 Batch	 Apex,	 and	 Apex	 Schedulers	 to impleme	nt complex business 	
logic.	 	
Hands	 on Experience	 in writing	 optimized	 SOQL	 queries	 within	 Apex	 classes	 and	 triggers.	 	
Implemented	 security	 and	 access	 controls	 using	 profiles,	 permission	 sets,	 object	-level,	 field	-level,	 and	 record	-level sharing 	
rules, 	Experience using Postman to test and validate REST API integrations.	 	
Strong	 experience	 working	 with	 Salesforce	 standard	 objects	 such	 as Accounts,	 Contacts,	 Leads,	 and 	Opportunities.
==============================
2026-08-19 14:29:50 | RAW_RESUME_TEXT
salesforce	 developer	 	
kambhampati francis	 	
☞	 9347001544	 	
✉ francis6062@gmail.com	 	
 	 	
professional	 summary	 	
having	 3+ years	 of hands	-on experience	 in salesforce	 crm	 implementations,	 including	 development, 	administration, and 	
lightning component development.	 	
strong	 experience	 working	 with	 sales	 cloud	 and	 service	 cloud,	 delivering	 customized	 business	 solutions.	 	
hands	-on expertise	 in developing	 apex	 classes,	 triggers,	 batch	 apex,	 and	 apex	 schedulers	 to impleme	nt complex business 	
logic.	 	
hands	 on experience	 in writing	 optimized	 soql	 queries	 within	 apex	 classes	 and	 triggers.	 	
implemented	 security	 and	 access	 controls	 using	 profiles,	 permission	 sets,	 object	-level,	 field	-level,	 and	 record	-level sharing 	
rules, 	experience using postman to test and validate rest api integrations.	 	
strong	 experience	 working	 with	 salesforce	 standard	 objects	 such	 as accounts,	 contacts,	 leads,	 and 	opportunities.	 	
developed dynamic and reusable lightning components	 using lightning	 web co	mponents	 (lwc). 	developed	 	
rest	 apis	 using	 apex	 and	 successfully	 integrated	 third	-party rest	 apis	 with	 salesforce.	 	
strong	 understanding	 of server	-side	 business	 logic	 implementation	 using	 apex	 to support	 enterprise	-level 	
requirements, solid knowledge of 	javascript for handling client	-side logic in lightning components.	 	
proficient	 in html,	 css,	 and	 salesforce	 lightning	 design	 system (slds)	 to build	 responsive	 and	 user	-friendly custom uis.	 	
worked	 with	 lightning	 data	 service	 (lds)	 to perform	 efficient	 crud	 operations	 and	 ensure	 data	 consistency. hands	-	
on	 experience	 using	 lightning	 message	 service	 (lms)	 and	 pubsub.js	 for	 component	 communication.	 	
technical	 skills	 	
• salesforce	 development:	 apex	 (classes,	 triggers,	 batch,	 scheduled,	 future),	 soql,	 sosl,	 rest/soap 	apis, 	
custom objects, lds	 	
• omnistudio	 (vlocity
==============================
2026-08-19 14:29:50 | EXPERIENCE_DETAILS
Array
(
    [jobs] => Array
        (
            [0] => Array
                (
                    [from] => june	 2022
                    [to] => present
                    [years] => 4
                    [months] => 3
                    [role] => Salesforce Developer
                    [company] => Amazon Dovelopment Centre Private Limited (
                )

        )

    [total] => 4 Years 3 Months
)

==============================
2026-08-19 14:29:50 | Email
francis6062@gmail.com
==============================
2026-08-19 14:29:50 | Name
Kambhampati Francis
==============================
2026-08-19 14:29:50 | Mobile
9347001544
==============================
2026-08-19 14:29:50 | ExperienceYears
3
==============================
2026-08-19 14:29:50 | RECOMMENDATION_ANALYSIS
Array
(
    [matchedSkillsCount] => 1
    [requiredSkillsCount] => 10
    [candidateExp] => 3
    [minExpRequired] => 1
    [eduMatch] => 1
    [domainStatus] => MATCHED
    [candidateDomain] => Software & IT
    [jobDomain] => Software & IT
)

==============================
2026-08-19 14:29:50 | RECOMMENDATION
Potential Match
==============================
2026-08-19 14:29:50 | RECOMMENDATION_REASON
The candidate has a relevant background for Data Engineer, but specific requirements need verification during screening. Skill(s) like Powerbi, Excel, Advanced Sql were not clearly identified in the resume text. Recruiter review and phone screening are recommended.
==============================
2026-08-19 14:29:50 | START
Array
(
    [resumePath] => D:\xampp\htdocs\REC\atscheck/modal/CAND32_20260819142950953.pdf
    [vacancyId] => 32
    [jobTitle] => Data Engineer
)

==============================
2026-08-19 14:29:50 | PDF_EXTRACT_SUCCESS
+	
 	
Keerthana	 Anburaj	 	
Salesforce	 Administrator	 / Developer	 – 3+ Years	 of Experience	 	
 
2/452	-1, Sivan	 kovil	 street,	 Maruthampatinam,	 Thiruvarur,	 Tamilnadu	 – 610001 	
Email: 	keerthanaanburaj4@gmail.com	 	
Mobile	 No:	 9360018354	 	
 
EDUCATION:	 	
 
Bachelor	 of Computer	 Application	 from	 E.G.S.	 Pillay	 Arts	 and	 Science	 College,	 Nagapattinam. 	
Percentage: 85%	 	
 
 
 
SUMMARY	 	
 
Salesforce	 Administrator	 / Developer with	 over 3	+ years	 of experience	 in customizing, and	 deploying	 	
Salesforce	 solutions	 across	 Sales	 Cloud,	 Service	 Cloud,	 and	 Experience	 Cloud	 environments.	 Skilled 	
in Apex, Basic Lightning Web Components (LWC), and Flow to create efficient, user	-friendly 	
applications.	 	
Experienced in data management, and building 	reports and dashboards. Known for a proactive 	
approach to problem	-solving and a commitment to continuous learning, with a track record of 	
successfully	 collaborating	 with	 cross	-functional	 teams	 to
==============================
2026-08-19 14:29:50 | RAW_RESUME_TEXT
+	
 	
keerthana	 anburaj	 	
salesforce	 administrator	 / developer	 – 3+ years	 of experience	 	
 
2/452	-1, sivan	 kovil	 street,	 maruthampatinam,	 thiruvarur,	 tamilnadu	 – 610001 	
email: 	keerthanaanburaj4@gmail.com	 	
mobile	 no:	 9360018354	 	
 
education:	 	
 
bachelor	 of computer	 application	 from	 e.g.s.	 pillay	 arts	 and	 science	 college,	 nagapattinam. 	
percentage: 85%	 	
 
 
 
summary	 	
 
salesforce	 administrator	 / developer with	 over 3	+ years	 of experience	 in customizing, and	 deploying	 	
salesforce	 solutions	 across	 sales	 cloud,	 service	 cloud,	 and	 experience	 cloud	 environments.	 skilled 	
in apex, basic lightning web components (lwc), and flow to create efficient, user	-friendly 	
applications.	 	
experienced in data management, and building 	reports and dashboards. known for a proactive 	
approach to problem	-solving and a commitment to continuous learning, with a track record of 	
successfully	 collaborating	 with	 cross	-functional	 teams	 to meet	 business	 goals	 and	 optimize	 salesforce 	
functionality.	 	
 
highlights	 	
 	
● 	over	 3 years	 of experience	 in salesforce	 development,	 specializing	 in sales	 cloud,	 service 	
cloud, and experience cloud.	 	
● 	experienced	 in workflows, process builder, approval	 process, flows, triggers, apex classes, 	
and basic lightning web 	components.	 	
● 	skilled	 in working	 under	 pressure	 and	 adapting	 to new	 situations	 and	 challenges	 to best 	
enhance the organizational brand.	 	
● 	complex problem	-solver with analytical and driven mindset. dedicated to achieving 	
demanding	 development	 objectives	 accordi	ng	 to tight	 schedules	 while	 producing	 impeccable 	
code.	 	
● 	technical	 expertise	 in software	 development	 lifecycle	 stages	 like	 requirements	 gathering, 	
analysis, design, development, deployment and documentation.	 	
● 	good	 knowledge	 of soql	 and	 sosl	 query	 languages.	 good	 knowledge	 of email	 services. 	
experienced in using g
==============================
2026-08-19 14:29:50 | EXPERIENCE_DETAILS
Array
(
    [jobs] => Array
        (
            [0] => Array
                (
                    [from] => april	 2022
                    [to] => present
                    [years] => 4
                    [months] => 5
                    [role] => Salesforce Developer / Associate Software Analyst
                    [company] => Vcollab	 Etiquette
                )

        )

    [total] => 4 Years 5 Months
)

==============================
2026-08-19 14:29:50 | Email
keerthanaanburaj4@gmail.com
==============================
2026-08-19 14:29:50 | Name
Keerthana Anburaj
==============================
2026-08-19 14:29:50 | Mobile
9360018354
==============================
2026-08-19 14:29:50 | ExperienceYears
3
==============================
2026-08-19 14:29:50 | RECOMMENDATION_ANALYSIS
Array
(
    [matchedSkillsCount] => 0
    [requiredSkillsCount] => 10
    [candidateExp] => 3
    [minExpRequired] => 1
    [eduMatch] => 1
    [domainStatus] => MATCHED
    [candidateDomain] => Software & IT
    [jobDomain] => Software & IT
)

==============================
2026-08-19 14:29:50 | RECOMMENDATION
Potential Match
==============================
2026-08-19 14:29:50 | RECOMMENDATION_REASON
The candidate has a relevant background for Data Engineer, but specific requirements need verification during screening. Skill(s) like Powerbi, Excel, Advanced Sql were not clearly identified in the resume text. Recruiter review and phone screening are recommended.
==============================
2026-08-19 14:29:50 | START
Array
(
    [resumePath] => D:\xampp\htdocs\REC\atscheck/modal/CAND32_20260819142950535.pdf
    [vacancyId] => 32
    [jobTitle] => Data Engineer
)

==============================
2026-08-19 14:29:50 | PDF_EXTRACT_SUCCESS
Mohamed Fazil
Full Stack Developer — MERN & PHP Specialist Chennai, Tamil Nadu — +91 7200110489
fazil721655@gmail.com — linkedin.com/in/mohamed-fazil — github.com/fazil
Professional Summary BCA Graduate (2025) and Full Stack Developer with hands-on experience building scalable web applications using
MERN stack and PHP. Skilled in REST API development, JWT authentication, Docker-based deployment, and
responsive UI design. Passionate about clean architecture, performance optimization, and production-ready systems.
Core Competencies •Languages:JavaScript (ES6+), PHP
•Frontend:React.js, Next.js, AngularJS, HTML5, CSS3, Bootstrap, Tailwind CSS
•Backend:Node.js, Express.js, PHP
•Databases:MongoDB, MySQL
•API & Security:RESTful APIs, JWT Authentication, bcrypt, Middleware
•DevOps & Tools:Docker, Git, GitHub, VS Code
•Concepts:MVC Architecture, Responsive Design, Performance Optimization, Component-Based Architecture
Work Experience Inet Secure Labs Pvt Ltd – Software D
==============================
2026-08-19 14:29:50 | RAW_RESUME_TEXT
mohamed fazil
full stack developer — mern & php specialist chennai, tamil nadu — +91 7200110489
fazil721655@gmail.com — linkedin.com/in/mohamed-fazil — github.com/fazil
professional summary bca graduate (2025) and full stack developer with hands-on experience building scalable web applications using
mern stack and php. skilled in rest api development, jwt authentication, docker-based deployment, and
responsive ui design. passionate about clean architecture, performance optimization, and production-ready systems.
core competencies •languages:javascript (es6+), php
•frontend:react.js, next.js, angularjs, html5, css3, bootstrap, tailwind css
•backend:node.js, express.js, php
•databases:mongodb, mysql
•api & security:restful apis, jwt authentication, bcrypt, middleware
•devops & tools:docker, git, github, vs code
•concepts:mvc architecture, responsive design, performance optimization, component-based architecture
work experience inet secure labs pvt ltd – software developerpresent
•contributing to full stack development using mern stack and php
•building rest apis and responsive ui components for real-world applications
•working with docker and git for efficient development workflow
featured projects langmaster – full stack e-learning platform
•developed a mern-based platform with lessons, quizzes, and progress tracking
•implemented jwt authentication, bcrypt password security, and protected routes
•designed rest apis for course and user management
•built responsive ui using tailwind css with animations
agri 360 – smart agriculture platform
•built a react.js marketplace for farmers to manage product listings
•integrated weather api for real-time environmental insights
•implemented advanced filtering, search, and location-based features
•optimized performance using react hooks and memoization
resume insight analyzer
•built a custom ats scoring system using php with rule-based nlp logic
•implemented keyword extraction,
==============================
2026-08-19 14:29:50 | EXPERIENCE_DETAILS
Array
(
    [jobs] => Array
        (
        )

    [total] => 0 Years 0 Months
)

==============================
2026-08-19 14:29:50 | Email
fazil721655@gmail.com
==============================
2026-08-19 14:29:50 | Name
Mohamed Fazil
==============================
2026-08-19 14:29:50 | Mobile
7200110489
==============================
2026-08-19 14:29:50 | ExperienceYears
0
==============================
2026-08-19 14:29:50 | RECOMMENDATION_ANALYSIS
Array
(
    [matchedSkillsCount] => 3
    [requiredSkillsCount] => 10
    [candidateExp] => 0
    [minExpRequired] => 1
    [eduMatch] => 
    [domainStatus] => MATCHED
    [candidateDomain] => Software & IT
    [jobDomain] => Software & IT
)

==============================
2026-08-19 14:29:50 | RECOMMENDATION
Low Match
==============================
2026-08-19 14:29:50 | RECOMMENDATION_REASON
The candidate's resume does not provide sufficient evidence of meeting core requirements for Data Engineer. Key required skills (Powerbi, Excel, Python) are missing. Work experience (0 Yrs) falls substantially below the minimum required (1 Yrs). The profile is substantially unrelated or does not meet minimum thresholds.
==============================
2026-08-19 15:29:37 | START
Array
(
    [resumePath] => D:\xampp\htdocs\REC\atscheck/modal/CAND30_20260819152937289.docx
    [vacancyId] => 30
    [jobTitle] => executive
)

==============================
2026-08-19 15:29:37 | RAW_RESUME_TEXT
﻿vijay k
it &amp; network support engineer (l1)
phone: 7867070840 | email: vijaykumaresan92@gmail.com
952500141605
professional summary
dedicated it support &amp; l1 network engineer with hands-on experience in desktop support, hardware troubleshooting, network basics, o365, vpn support, and it asset management. strong ability to resolve user issues efficiently and ensure smooth it operations.
952500258445
key skills
technical skills
networking fundamentals
ccna course completed  

tcp/ip, osi model, ip addressing &amp; subnetting, vlan config, routing protocol, nat, dhcp, dns, stp and wan connectivity.

network devices &amp; installation

switch &amp; router installation and mounting, patch panel &amp; rack management, structured cabling, access point mounting &amp; configuration, network hardware troubleshooting.

configuration &amp; management

cisco routers &amp; switches, vlan configuration, inter vlan routing, wireless access point setup and vpn configuration.

network switch acl

access control lists (acls), vpn setup, basic intrusion prevention techniques.

monitoring &amp; troubleshooting

it support

switch movement, it asset maintenance and tracking, o365, laptop &amp; desktop configuration &amp; troubleshooting, printer setup (hp&amp; zebra barcode printer), &amp; application installation.

soft skills

strong problem-solving and analytical abilities.

hands-on experience in device installation &amp; network cabling.

ability to learn quickly and adapt to new technologies, team collaboration and support coordination.
professional experience it support
engineer(l1)

sentinel technology pvt ltd(client: tata electronics products &amp; solutions), hosur dec 2024 – present
cctv hardware engineer 

networking

952500186690

ipqc – in process quality control
bangalore datacom pvt ltd(client: tata electronics pvt. ltd.), hosur jul 2023 – nov 2024
id card printing 

data maintained 

access control help desk
952500182880

education
 b.a economics
sacred h
==============================
2026-08-19 15:29:37 | EXPERIENCE_DETAILS
Array
(
    [jobs] => Array
        (
            [0] => Array
                (
                    [from] => dec 2024
                    [to] => present
                    [years] => 1
                    [months] => 8
                    [role] => Engineer(l1)
                    [company] => Sentinel Technology Pvt Ltd(client: Tata Electroni
                )

            [1] => Array
                (
                    [from] => jul 2023
                    [to] => nov 2024
                    [years] => 1
                    [months] => 4
                    [role] => Ipqc - In Process Quality Control
                    [company] => Bangalore Datacom Pvt Ltd(client: Tata Electronics
                )

        )

    [total] => 3 Years 0 Months
)

==============================
2026-08-19 15:29:37 | Email
vijaykumaresan92@gmail.com
==============================
2026-08-19 15:29:37 | Name
Vijay K
==============================
2026-08-19 15:29:37 | Mobile
7867070840
==============================
2026-08-19 15:29:37 | ExperienceYears
3
==============================
2026-08-19 15:29:38 | RECOMMENDATION_ANALYSIS
Array
(
    [matchedSkillsCount] => 0
    [requiredSkillsCount] => 2
    [candidateExp] => 3
    [minExpRequired] => 1
    [eduMatch] => 
    [domainStatus] => UNCLEAR
    [candidateDomain] => Education
    [jobDomain] => Software & IT
)

==============================
2026-08-19 15:29:38 | RECOMMENDATION
Potential Match
==============================
2026-08-19 15:29:38 | RECOMMENDATION_REASON
The candidate has a relevant background for executive, but specific requirements need verification during screening. Skill(s) like Excel, Powerbi were not clearly identified in the resume text. Recruiter review and phone screening are recommended.
==============================
2026-08-19 15:29:38 | START
Array
(
    [resumePath] => D:\xampp\htdocs\REC\atscheck/modal/CAND30_20260819152938572.pdf
    [vacancyId] => 30
    [jobTitle] => executive
)

==============================
2026-08-19 15:29:38 | PDF_EXTRACT_SUCCESS
AGILAN	 B                                                                     	  	
Chennai, India | +91 	915	066	8484	 | agilanagi071@gmail.com	 | @linkedin: 	https://www.linkedin.com/in/agilan	-b 	
 
PROFESSIONAL SUMMARY	 	 	
Highly motivated and detail	-oriented Accounts Payable Analyst with 	2 years of proven experience in managing 	
AP  operations  within  deadline	-driven  environments.  Demonstrated  expertise  in  invoice  processing,  vendor 	
reconciliation, and resolving discrepancies in compliance with internal controls and financial policies. Skilled	 in 	
leveraging ERP systems 	Streamline workflows, ensure data accuracy, and support month	-end closing activities. 	
Adept at collaborating with cross	-functional teams to enhance process effic	iency and maintain strong vendor 	
relationships.  Committed  to  continuous  improvement,  accuracy,  and  delivering  high	-quality  financial  support 	
aligned with organizational goals.	 	
 
CORE SKILLS	 	 	
Accounting & Finance:	
==============================
2026-08-19 15:29:38 | RAW_RESUME_TEXT
agilan	 b                                                                     	  	
chennai, india | +91 	915	066	8484	 | agilanagi071@gmail.com	 | @linkedin: 	https://www.linkedin.com/in/agilan	-b 	
 
professional summary	 	 	
highly motivated and detail	-oriented accounts payable analyst with 	2 years of proven experience in managing 	
ap  operations  within  deadline	-driven  environments.  demonstrated  expertise  in  invoice  processing,  vendor 	
reconciliation, and resolving discrepancies in compliance with internal controls and financial policies. skilled	 in 	
leveraging erp systems 	streamline workflows, ensure data accuracy, and support month	-end closing activities. 	
adept at collaborating with cross	-functional teams to enhance process effic	iency and maintain strong vendor 	
relationships.  committed  to  continuous  improvement,  accuracy,  and  delivering  high	-quality  financial  support 	
aligned with organizational goals.	 	
 
core skills	 	 	
accounting & finance:	 accounts payable, procure	-to	-pay (p2p), vendor reconciliation, invoice processing, 	
month	-end closing, audit & compliance	 	
erp & tools: 	as400 	& 	oracle	  	
productivity tools: 	microsoft office suite (word, powerpoint, outlook, visio, onenote)	 	
 
professional experience	 	 	
projects & developments	 	
process executive 	– cognizant technology solutions                                                                                   	april 2024 	– present	   	
          	 	
– reviewed and processed vendor invoices, ensuring compliance with policies and accuracy of details.	 	
– resolved vendor queries and requests via email/tickets within the agreed sla.	 	
– performed 3	-way matching (invoice, purchase order, and goods receipt) in basware,	 	
– maintained and managed over 1,000 utility accounts, including gas, electricity, and water services	 	
– we will make utility payments on a daily basis, ensuring they are settled within the due dates 
specified on the in
==============================
2026-08-19 15:29:38 | EXPERIENCE_DETAILS
Array
(
    [jobs] => Array
        (
            [0] => Array
                (
                    [from] => april 2024
                    [to] => present
                    [years] => 2
                    [months] => 5
                    [role] => Process Executive
                    [company] => Cognizant Technology Solutions
                )

        )

    [total] => 2 Years 5 Months
)

==============================
2026-08-19 15:29:38 | Email
agilanagi071@gmail.com
==============================
2026-08-19 15:29:38 | Name
Agilan B
==============================
2026-08-19 15:29:38 | Mobile
9150668484
==============================
2026-08-19 15:29:38 | ExperienceYears
2.4
==============================
2026-08-19 15:29:38 | RECOMMENDATION_ANALYSIS
Array
(
    [matchedSkillsCount] => 1
    [requiredSkillsCount] => 2
    [candidateExp] => 2.4
    [minExpRequired] => 1
    [eduMatch] => 
    [domainStatus] => WRONG_DOMAIN
    [candidateDomain] => Finance & Accounting
    [jobDomain] => Software & IT
)

==============================
2026-08-19 15:29:38 | RECOMMENDATION
Not Suitable
==============================
2026-08-19 15:29:38 | RECOMMENDATION_REASON
Wrong domain: The candidate's resume indicates a Finance & Accounting background, while this vacancy belongs to Software & IT. The candidate's professional domain does not align with the requirements of this position.2026-08-19 15:52:56 - ENTRY_updateResourceRequestStatus
2026-08-19 15:52:56 - UPDATE_RES_REQ: {"post":{"RequestId":"30","RequestCode":"RR-2026-0005","Status":"ON-HOLD","ApprovalComment":"sit told to onhold this \r\n"},"_POST":{"RequestId":"30","RequestCode":"RR-2026-0005","Status":"ON-HOLD","ApprovalComment":"sit told to onhold this \r\n"},"rawReqId":"30","requestId":30,"status":"ON-HOLD","comment":"sit told to onhold this","session":{"IUid":"17","EmpCode":"EMP-RM01","EmpName":"Shiji","EmpEmail":"reka@inetcsc.com","EmpPhone":null,"EmpDOB":null,"EmpGender":null,"EmpRoleId":"10","DepDid":"1","UStatus":"1"}}
2026-08-19 15:59:03 - ENTRY_updateResourceRequestStatus
2026-08-19 15:59:03 - UPDATE_RES_REQ: {"post":{"RequestId":"30","RequestCode":"RR-2026-0005","Status":"PENDING APPROVAL","ApprovalComment":"gajapathy sir told me to start the process"},"_POST":{"RequestId":"30","RequestCode":"RR-2026-0005","Status":"PENDING APPROVAL","ApprovalComment":"gajapathy sir told me to start the process"},"rawReqId":"30","requestId":30,"status":"PENDING APPROVAL","comment":"gajapathy sir told me to start the process","session":{"IUid":"17","EmpCode":"EMP-RM01","EmpName":"Shiji","EmpEmail":"reka@inetcsc.com","EmpPhone":null,"EmpDOB":null,"EmpGender":null,"EmpRoleId":"10","DepDid":"1","UStatus":"1"}}
2026-08-19 15:59:45 - ENTRY_updateResourceRequestStatus
2026-08-19 15:59:45 - UPDATE_RES_REQ: {"post":{"RequestId":"30","RequestCode":"RR-2026-0005","Status":"ACCEPTED","ApprovalComment":"Sir Approved "},"_POST":{"RequestId":"30","RequestCode":"RR-2026-0005","Status":"ACCEPTED","ApprovalComment":"Sir Approved "},"rawReqId":"30","requestId":30,"status":"ACCEPTED","comment":"Sir Approved","session":{"IUid":"17","EmpCode":"EMP-RM01","EmpName":"Shiji","EmpEmail":"reka@inetcsc.com","EmpPhone":null,"EmpDOB":null,"EmpGender":null,"EmpRoleId":"10","DepDid":"1","UStatus":"1"}}
2026-08-19 16:45:08 - ENTRY_updateResourceRequestStatus
2026-08-19 16:45:08 - UPDATE_RES_REQ: {"post":{"RequestId":"32","RequestCode":"RR-2026-0001","Status":"ACCEPTED","ApprovalComment":"dddd"},"_POST":{"RequestId":"32","RequestCode":"RR-2026-0001","Status":"ACCEPTED","ApprovalComment":"dddd"},"rawReqId":"32","requestId":32,"status":"ACCEPTED","comment":"dddd","session":{"IUid":"16","EmpCode":"EMP-HM01","EmpName":"Prasannakumari","EmpEmail":"prasannakumari@inetcsc.com","EmpPhone":null,"EmpDOB":null,"EmpGender":null,"EmpRoleId":"9","DepDid":"1","UStatus":"1"}}
2026-08-19 17:15:01 - ENTRY_updateResourceRequestStatus
2026-08-19 17:15:02 - UPDATE_RES_REQ: {"post":{"RequestId":"33","RequestCode":"RR-2026-0002","Status":"ACCEPTED","ApprovalComment":"ok"},"_POST":{"RequestId":"33","RequestCode":"RR-2026-0002","Status":"ACCEPTED","ApprovalComment":"ok"},"rawReqId":"33","requestId":33,"status":"ACCEPTED","comment":"ok","session":{"IUid":"16","EmpCode":"EMP-HM01","EmpName":"Prasannakumari","EmpEmail":"prasannakumari@inetcsc.com","EmpPhone":null,"EmpDOB":null,"EmpGender":null,"EmpRoleId":"9","DepDid":"1","UStatus":"1"}}

==============================
2026-08-19 18:03:30 | START
Array
(
    [resumePath] => D:\xampp\htdocs\REC\atscheck/modal/CAND36_20260819180330514.pdf
    [vacancyId] => 36
    [jobTitle] => UI/UX Developer
)

==============================
2026-08-19 18:03:31 | PDF_EXTRACT_SUCCESS
+	
 	
Keerthana	 Anburaj	 	
Salesforce	 Administrator	 / Developer	 – 3+ Years	 of Experience	 	
 
2/452	-1, Sivan	 kovil	 street,	 Maruthampatinam,	 Thiruvarur,	 Tamilnadu	 – 610001 	
Email: 	keerthanaanburaj4@gmail.com	 	
Mobile	 No:	 9360018354	 	
 
EDUCATION:	 	
 
Bachelor	 of Computer	 Application	 from	 E.G.S.	 Pillay	 Arts	 and	 Science	 College,	 Nagapattinam. 	
Percentage: 85%	 	
 
 
 
SUMMARY	 	
 
Salesforce	 Administrator	 / Developer with	 over 3	+ years	 of experience	 in customizing, and	 deploying	 	
Salesforce	 solutions	 across	 Sales	 Cloud,	 Service	 Cloud,	 and	 Experience	 Cloud	 environments.	 Skilled 	
in Apex, Basic Lightning Web Components (LWC), and Flow to create efficient, user	-friendly 	
applications.	 	
Experienced in data management, and building 	reports and dashboards. Known for a proactive 	
approach to problem	-solving and a commitment to continuous learning, with a track record of 	
successfully	 collaborating	 with	 cross	-functional	 teams	 to
==============================
2026-08-19 18:03:31 | RAW_RESUME_TEXT
+	
 	
keerthana	 anburaj	 	
salesforce	 administrator	 / developer	 – 3+ years	 of experience	 	
 
2/452	-1, sivan	 kovil	 street,	 maruthampatinam,	 thiruvarur,	 tamilnadu	 – 610001 	
email: 	keerthanaanburaj4@gmail.com	 	
mobile	 no:	 9360018354	 	
 
education:	 	
 
bachelor	 of computer	 application	 from	 e.g.s.	 pillay	 arts	 and	 science	 college,	 nagapattinam. 	
percentage: 85%	 	
 
 
 
summary	 	
 
salesforce	 administrator	 / developer with	 over 3	+ years	 of experience	 in customizing, and	 deploying	 	
salesforce	 solutions	 across	 sales	 cloud,	 service	 cloud,	 and	 experience	 cloud	 environments.	 skilled 	
in apex, basic lightning web components (lwc), and flow to create efficient, user	-friendly 	
applications.	 	
experienced in data management, and building 	reports and dashboards. known for a proactive 	
approach to problem	-solving and a commitment to continuous learning, with a track record of 	
successfully	 collaborating	 with	 cross	-functional	 teams	 to meet	 business	 goals	 and	 optimize	 salesforce 	
functionality.	 	
 
highlights	 	
 	
● 	over	 3 years	 of experience	 in salesforce	 development,	 specializing	 in sales	 cloud,	 service 	
cloud, and experience cloud.	 	
● 	experienced	 in workflows, process builder, approval	 process, flows, triggers, apex classes, 	
and basic lightning web 	components.	 	
● 	skilled	 in working	 under	 pressure	 and	 adapting	 to new	 situations	 and	 challenges	 to best 	
enhance the organizational brand.	 	
● 	complex problem	-solver with analytical and driven mindset. dedicated to achieving 	
demanding	 development	 objectives	 accordi	ng	 to tight	 schedules	 while	 producing	 impeccable 	
code.	 	
● 	technical	 expertise	 in software	 development	 lifecycle	 stages	 like	 requirements	 gathering, 	
analysis, design, development, deployment and documentation.	 	
● 	good	 knowledge	 of soql	 and	 sosl	 query	 languages.	 good	 knowledge	 of email	 services. 	
experienced in using g
==============================
2026-08-19 18:03:31 | EXPERIENCE_DETAILS
Array
(
    [jobs] => Array
        (
            [0] => Array
                (
                    [from] => april	 2022
                    [to] => present
                    [years] => 4
                    [months] => 5
                    [role] => Salesforce Developer / Associate Software Analyst
                    [company] => Vcollab	 Etiquette
                )

        )

    [total] => 4 Years 5 Months
)

==============================
2026-08-19 18:03:31 | Email
keerthanaanburaj4@gmail.com
==============================
2026-08-19 18:03:31 | Name
Keerthana Anburaj
==============================
2026-08-19 18:03:31 | Mobile
9360018354
==============================
2026-08-19 18:03:31 | ExperienceYears
3
==============================
2026-08-19 18:03:31 | RECOMMENDATION_ANALYSIS
Array
(
    [matchedSkillsCount] => 1
    [requiredSkillsCount] => 5
    [candidateExp] => 3
    [minExpRequired] => 1
    [eduMatch] => 1
    [domainStatus] => MATCHED
    [candidateDomain] => Software & IT
    [jobDomain] => Software & IT
)

==============================
2026-08-19 18:03:31 | RECOMMENDATION
Potential Match
==============================
2026-08-19 18:03:31 | RECOMMENDATION_REASON
The candidate has a relevant background for UI/UX Developer, but specific requirements need verification during screening. Skill(s) like Html, Css, Figma were not clearly identified in the resume text. Recruiter review and phone screening are recommended.
==============================
2026-08-19 18:03:31 | START
Array
(
    [resumePath] => D:\xampp\htdocs\REC\atscheck/modal/CAND36_20260819180331838.docx
    [vacancyId] => 36
    [jobTitle] => UI/UX Developer
)

==============================
2026-08-19 18:03:31 | RAW_RESUME_TEXT
﻿vijay k
it &amp; network support engineer (l1)
phone: 7867070840 | email: vijaykumaresan92@gmail.com
952500141605
professional summary
dedicated it support &amp; l1 network engineer with hands-on experience in desktop support, hardware troubleshooting, network basics, o365, vpn support, and it asset management. strong ability to resolve user issues efficiently and ensure smooth it operations.
952500258445
key skills
technical skills
networking fundamentals
ccna course completed  

tcp/ip, osi model, ip addressing &amp; subnetting, vlan config, routing protocol, nat, dhcp, dns, stp and wan connectivity.

network devices &amp; installation

switch &amp; router installation and mounting, patch panel &amp; rack management, structured cabling, access point mounting &amp; configuration, network hardware troubleshooting.

configuration &amp; management

cisco routers &amp; switches, vlan configuration, inter vlan routing, wireless access point setup and vpn configuration.

network switch acl

access control lists (acls), vpn setup, basic intrusion prevention techniques.

monitoring &amp; troubleshooting

it support

switch movement, it asset maintenance and tracking, o365, laptop &amp; desktop configuration &amp; troubleshooting, printer setup (hp&amp; zebra barcode printer), &amp; application installation.

soft skills

strong problem-solving and analytical abilities.

hands-on experience in device installation &amp; network cabling.

ability to learn quickly and adapt to new technologies, team collaboration and support coordination.
professional experience it support
engineer(l1)

sentinel technology pvt ltd(client: tata electronics products &amp; solutions), hosur dec 2024 – present
cctv hardware engineer 

networking

952500186690

ipqc – in process quality control
bangalore datacom pvt ltd(client: tata electronics pvt. ltd.), hosur jul 2023 – nov 2024
id card printing 

data maintained 

access control help desk
952500182880

education
 b.a economics
sacred h
==============================
2026-08-19 18:03:31 | EXPERIENCE_DETAILS
Array
(
    [jobs] => Array
        (
            [0] => Array
                (
                    [from] => dec 2024
                    [to] => present
                    [years] => 1
                    [months] => 8
                    [role] => Engineer(l1)
                    [company] => Sentinel Technology Pvt Ltd(client: Tata Electroni
                )

            [1] => Array
                (
                    [from] => jul 2023
                    [to] => nov 2024
                    [years] => 1
                    [months] => 4
                    [role] => Ipqc - In Process Quality Control
                    [company] => Bangalore Datacom Pvt Ltd(client: Tata Electronics
                )

        )

    [total] => 3 Years 0 Months
)

==============================
2026-08-19 18:03:31 | Email
vijaykumaresan92@gmail.com
==============================
2026-08-19 18:03:31 | Name
Vijay K
==============================
2026-08-19 18:03:31 | Mobile
7867070840
==============================
2026-08-19 18:03:31 | ExperienceYears
3
==============================
2026-08-19 18:03:31 | RECOMMENDATION_ANALYSIS
Array
(
    [matchedSkillsCount] => 0
    [requiredSkillsCount] => 5
    [candidateExp] => 3
    [minExpRequired] => 1
    [eduMatch] => 1
    [domainStatus] => UNCLEAR
    [candidateDomain] => Education
    [jobDomain] => Software & IT
)

==============================
2026-08-19 18:03:31 | RECOMMENDATION
Potential Match
==============================
2026-08-19 18:03:31 | RECOMMENDATION_REASON
The candidate has a relevant background for UI/UX Developer, but specific requirements need verification during screening. Skill(s) like Html, Css, Ui Development were not clearly identified in the resume text. Recruiter review and phone screening are recommended.
==============================
2026-08-19 18:03:31 | START
Array
(
    [resumePath] => D:\xampp\htdocs\REC\atscheck/modal/CAND36_20260819180331274.pdf
    [vacancyId] => 36
    [jobTitle] => UI/UX Developer
)

==============================
2026-08-19 18:03:31 | PDF_EXTRACT_SUCCESS
AGILAN	 B                                                                     	  	
Chennai, India | +91 	915	066	8484	 | agilanagi071@gmail.com	 | @linkedin: 	https://www.linkedin.com/in/agilan	-b 	
 
PROFESSIONAL SUMMARY	 	 	
Highly motivated and detail	-oriented Accounts Payable Analyst with 	2 years of proven experience in managing 	
AP  operations  within  deadline	-driven  environments.  Demonstrated  expertise  in  invoice  processing,  vendor 	
reconciliation, and resolving discrepancies in compliance with internal controls and financial policies. Skilled	 in 	
leveraging ERP systems 	Streamline workflows, ensure data accuracy, and support month	-end closing activities. 	
Adept at collaborating with cross	-functional teams to enhance process effic	iency and maintain strong vendor 	
relationships.  Committed  to  continuous  improvement,  accuracy,  and  delivering  high	-quality  financial  support 	
aligned with organizational goals.	 	
 
CORE SKILLS	 	 	
Accounting & Finance:	
==============================
2026-08-19 18:03:31 | RAW_RESUME_TEXT
agilan	 b                                                                     	  	
chennai, india | +91 	915	066	8484	 | agilanagi071@gmail.com	 | @linkedin: 	https://www.linkedin.com/in/agilan	-b 	
 
professional summary	 	 	
highly motivated and detail	-oriented accounts payable analyst with 	2 years of proven experience in managing 	
ap  operations  within  deadline	-driven  environments.  demonstrated  expertise  in  invoice  processing,  vendor 	
reconciliation, and resolving discrepancies in compliance with internal controls and financial policies. skilled	 in 	
leveraging erp systems 	streamline workflows, ensure data accuracy, and support month	-end closing activities. 	
adept at collaborating with cross	-functional teams to enhance process effic	iency and maintain strong vendor 	
relationships.  committed  to  continuous  improvement,  accuracy,  and  delivering  high	-quality  financial  support 	
aligned with organizational goals.	 	
 
core skills	 	 	
accounting & finance:	 accounts payable, procure	-to	-pay (p2p), vendor reconciliation, invoice processing, 	
month	-end closing, audit & compliance	 	
erp & tools: 	as400 	& 	oracle	  	
productivity tools: 	microsoft office suite (word, powerpoint, outlook, visio, onenote)	 	
 
professional experience	 	 	
projects & developments	 	
process executive 	– cognizant technology solutions                                                                                   	april 2024 	– present	   	
          	 	
– reviewed and processed vendor invoices, ensuring compliance with policies and accuracy of details.	 	
– resolved vendor queries and requests via email/tickets within the agreed sla.	 	
– performed 3	-way matching (invoice, purchase order, and goods receipt) in basware,	 	
– maintained and managed over 1,000 utility accounts, including gas, electricity, and water services	 	
– we will make utility payments on a daily basis, ensuring they are settled within the due dates 
specified on the in
==============================
2026-08-19 18:03:31 | EXPERIENCE_DETAILS
Array
(
    [jobs] => Array
        (
            [0] => Array
                (
                    [from] => april 2024
                    [to] => present
                    [years] => 2
                    [months] => 5
                    [role] => Process Executive
                    [company] => Cognizant Technology Solutions
                )

        )

    [total] => 2 Years 5 Months
)

==============================
2026-08-19 18:03:31 | Email
agilanagi071@gmail.com
==============================
2026-08-19 18:03:31 | Name
Agilan B
==============================
2026-08-19 18:03:31 | Mobile
9150668484
==============================
2026-08-19 18:03:31 | ExperienceYears
2.4
==============================
2026-08-19 18:03:31 | RECOMMENDATION_ANALYSIS
Array
(
    [matchedSkillsCount] => 1
    [requiredSkillsCount] => 5
    [candidateExp] => 2.4
    [minExpRequired] => 1
    [eduMatch] => 
    [domainStatus] => WRONG_DOMAIN
    [candidateDomain] => Finance & Accounting
    [jobDomain] => Software & IT
)

==============================
2026-08-19 18:03:31 | RECOMMENDATION
Not Suitable
==============================
2026-08-19 18:03:31 | RECOMMENDATION_REASON
Wrong domain: The candidate's resume indicates a Finance & Accounting background, while this vacancy belongs to Software & IT. The candidate's professional domain does not align with the requirements of this position.2026-08-20 12:35:58 - ENTRY_updateResourceRequestStatus
2026-08-20 12:35:58 - UPDATE_RES_REQ: {"post":{"RequestId":"34","RequestCode":"RR-2026-0003","Status":"ACCEPTED","ApprovalComment":"yes approved"},"_POST":{"RequestId":"34","RequestCode":"RR-2026-0003","Status":"ACCEPTED","ApprovalComment":"yes approved"},"rawReqId":"34","requestId":34,"status":"ACCEPTED","comment":"yes approved","session":{"IUid":"17","EmpCode":"EMP-RM01","EmpName":"Shiji","EmpEmail":"reka@inetcsc.com","EmpPhone":null,"EmpDOB":null,"EmpGender":null,"EmpRoleId":"10","DepDid":"1","UStatus":"1"}}
2026-08-20 12:55:29 - Resource Request Email Sent: SUCCESS | To: rekharamesh200524@gmail.com | CC: mohamedfazil@inetcsc.com, prasannakumari@inetcsc.com, reka@inetcsc.com
2026-08-20 13:03:14 - Resource Request Email Sent: SUCCESS | To: rekharamesh200524@gmail.com | CC: mohamedfazil@inetcsc.com, prasannakumari@inetcsc.com, reka@inetcsc.com
2026-08-20 14:15:14 - Resource Request Email Sent: SUCCESS | To: rekharamesh200524@gmail.com | CC: mohamedfazil@inetcsc.com, prasannakumari@inetcsc.com, reka@inetcsc.com
2026-08-20 14:27:29 - Resource Request Email Sent: SUCCESS | To: rekharamesh200524@gmail.com | CC: mohamedfazil@inetcsc.com, prasanna@inetcsc.com, reka@inetcsc.com
2026-08-20 17:58:01 - Resource Request Email Sent: SUCCESS | To: rekharamesh200524@gmail.com | CC: prasanna@inetcsc.com, reka@inetcsc.com, mohamedfazil@inetcsc.com
2026-08-20 18:03:37 - ENTRY_updateResourceRequestStatus
2026-08-20 18:03:37 - UPDATE_RES_REQ: {"post":{"RequestId":"39","RequestCode":"RR-2026-0008","Status":"REJECTED","ApprovalComment":"kk"},"_POST":{"RequestId":"39","RequestCode":"RR-2026-0008","Status":"REJECTED","ApprovalComment":"kk"},"rawReqId":"39","requestId":39,"status":"REJECTED","comment":"kk","session":{"IUid":"17","EmpCode":"EMP-RM01","EmpName":"Shiji","EmpEmail":"reka@inetcsc.com","EmpPhone":null,"EmpDOB":null,"EmpGender":null,"EmpRoleId":"10","DepDid":"1","UStatus":"1"}}
2026-08-20 18:04:37 - ENTRY_updateResourceRequestStatus
2026-08-20 18:04:37 - UPDATE_RES_REQ: {"post":{"RequestId":"40","RequestCode":"RR-2026-0009","Status":"ACCEPTED","ApprovalComment":"lk"},"_POST":{"RequestId":"40","RequestCode":"RR-2026-0009","Status":"ACCEPTED","ApprovalComment":"lk"},"rawReqId":"40","requestId":40,"status":"ACCEPTED","comment":"lk","session":{"IUid":"17","EmpCode":"EMP-RM01","EmpName":"Shiji","EmpEmail":"reka@inetcsc.com","EmpPhone":null,"EmpDOB":null,"EmpGender":null,"EmpRoleId":"10","DepDid":"1","UStatus":"1"}}
2026-08-20 18:24:25 - Resource Request Email Sent: SUCCESS | To: rekharamesh200524@gmail.com | CC: prasanna@inetcsc.com, reka@inetcsc.com, mohamedfazil@inetcsc.com
2026-08-20 18:25:04 - ENTRY_updateResourceRequestStatus
2026-08-20 18:25:04 - UPDATE_RES_REQ: {"post":{"RequestId":"41","RequestCode":"RR-2026-0010","Status":"ACCEPTED","ApprovalComment":"ddd"},"_POST":{"RequestId":"41","RequestCode":"RR-2026-0010","Status":"ACCEPTED","ApprovalComment":"ddd"},"rawReqId":"41","requestId":41,"status":"ACCEPTED","comment":"ddd","session":{"IUid":"17","EmpCode":"EMP-RM01","EmpName":"Shiji","EmpEmail":"reka@inetcsc.com","EmpPhone":null,"EmpDOB":null,"EmpGender":null,"EmpRoleId":"10","DepDid":"1","UStatus":"1"}}

==============================
2026-08-20 18:27:14 | START
Array
(
    [resumePath] => D:\xampp\htdocs\REC\atscheck/modal/CAND39_20260820182714523.docx
    [vacancyId] => 39
    [jobTitle] => ll
)

==============================
2026-08-20 18:27:14 | RAW_RESUME_TEXT
﻿vijay k
it &amp; network support engineer (l1)
phone: 7867070840 | email: vijaykumaresan92@gmail.com
952500141605
professional summary
dedicated it support &amp; l1 network engineer with hands-on experience in desktop support, hardware troubleshooting, network basics, o365, vpn support, and it asset management. strong ability to resolve user issues efficiently and ensure smooth it operations.
952500258445
key skills
technical skills
networking fundamentals
ccna course completed  

tcp/ip, osi model, ip addressing &amp; subnetting, vlan config, routing protocol, nat, dhcp, dns, stp and wan connectivity.

network devices &amp; installation

switch &amp; router installation and mounting, patch panel &amp; rack management, structured cabling, access point mounting &amp; configuration, network hardware troubleshooting.

configuration &amp; management

cisco routers &amp; switches, vlan configuration, inter vlan routing, wireless access point setup and vpn configuration.

network switch acl

access control lists (acls), vpn setup, basic intrusion prevention techniques.

monitoring &amp; troubleshooting

it support

switch movement, it asset maintenance and tracking, o365, laptop &amp; desktop configuration &amp; troubleshooting, printer setup (hp&amp; zebra barcode printer), &amp; application installation.

soft skills

strong problem-solving and analytical abilities.

hands-on experience in device installation &amp; network cabling.

ability to learn quickly and adapt to new technologies, team collaboration and support coordination.
professional experience it support
engineer(l1)

sentinel technology pvt ltd(client: tata electronics products &amp; solutions), hosur dec 2024 – present
cctv hardware engineer 

networking

952500186690

ipqc – in process quality control
bangalore datacom pvt ltd(client: tata electronics pvt. ltd.), hosur jul 2023 – nov 2024
id card printing 

data maintained 

access control help desk
952500182880

education
 b.a economics
sacred h
==============================
2026-08-20 18:27:14 | EXPERIENCE_DETAILS
Array
(
    [jobs] => Array
        (
            [0] => Array
                (
                    [from] => dec 2024
                    [to] => present
                    [years] => 1
                    [months] => 8
                    [role] => Engineer(l1)
                    [company] => Sentinel Technology Pvt Ltd(client: Tata Electroni
                )

            [1] => Array
                (
                    [from] => jul 2023
                    [to] => nov 2024
                    [years] => 1
                    [months] => 4
                    [role] => Ipqc - In Process Quality Control
                    [company] => Bangalore Datacom Pvt Ltd(client: Tata Electronics
                )

        )

    [total] => 3 Years 0 Months
)

==============================
2026-08-20 18:27:14 | Email
vijaykumaresan92@gmail.com
==============================
2026-08-20 18:27:14 | Name
Vijay K
==============================
2026-08-20 18:27:14 | Mobile
7867070840
==============================
2026-08-20 18:27:14 | ExperienceYears
3
==============================
2026-08-20 18:27:14 | RECOMMENDATION_ANALYSIS
Array
(
    [matchedSkillsCount] => 0
    [requiredSkillsCount] => 0
    [candidateExp] => 3
    [minExpRequired] => 0
    [eduMatch] => 
    [domainStatus] => UNCLEAR
    [candidateDomain] => Education
    [jobDomain] => Other / General
)

==============================
2026-08-20 18:27:14 | RECOMMENDATION
Potential Match
==============================
2026-08-20 18:27:14 | RECOMMENDATION_REASON
The candidate has a relevant background for ll, but specific requirements need verification during screening. Recruiter review and phone screening are recommended.